cardEffectId,cardNumber,cardName,abilitySlot,entryKind,trustedTextRef,implementationRef,reviewStatus,fixRef,testStatus,testEvidence
hBD24-001:oshiSkill,hBD24-001,パヴォリア・レイネ,oshiSkill,EFFECT_TEXT,website/public/cards.json#/cards[id=199]/oshiSkill,engine.mjs#hbp09Legacy_resolveNormalOshiSkill hBD24 color-target +20; activation cost and once-per-turn gate,ALIGNED,,REUSED_PASS,"simulator-engine.test.mjs:755-766 exercises the shared Birthday normal-skill target, +20 modifier, and matching-color selection. Other card variants were code-reviewed, not separately executed."
hBD24-001:spOshiSkill,hBD24-001,パヴォリア・レイネ,spOshiSkill,EFFECT_TEXT,website/public/cards.json#/cards[id=199]/spOshiSkill,engine.mjs#hbp09Legacy_resolveSpOshiSkill hBD24 matching-color deck search; activation cost and once-per-game gate,ALIGNED,,REUSED_PASS,"simulator-engine.test.mjs:767-772 exercises the shared Birthday SP matching-color search, selection, and once-per-game use. Other card variants were code-reviewed, not separately executed."
hBD24-002:oshiSkill,hBD24-002,獅白ぼたん,oshiSkill,EFFECT_TEXT,website/public/cards.json#/cards[id=564]/oshiSkill,engine.mjs#hbp09Legacy_resolveNormalOshiSkill hBD24 color-target +20; activation cost and once-per-turn gate,ALIGNED,,NO_DIRECT_TEST,Source wiring and parameters were reviewed; no dedicated focused or reused execution test was mapped to this slot in the narrowed audit.
hBD24-002:spOshiSkill,hBD24-002,獅白ぼたん,spOshiSkill,EFFECT_TEXT,website/public/cards.json#/cards[id=564]/spOshiSkill,engine.mjs#hbp09Legacy_resolveSpOshiSkill hBD24 matching-color deck search; activation cost and once-per-game gate,ALIGNED,,NO_DIRECT_TEST,Source wiring and parameters were reviewed; no dedicated focused or reused execution test was mapped to this slot in the narrowed audit.
hBD24-003:oshiSkill,hBD24-003,戌神ころね,oshiSkill,EFFECT_TEXT,website/public/cards.json#/cards[id=809]/oshiSkill,engine.mjs#hbp09Legacy_resolveNormalOshiSkill hBD24 color-target +20; activation cost and once-per-turn gate,ALIGNED,,NO_DIRECT_TEST,Source wiring and parameters were reviewed; no dedicated focused or reused execution test was mapped to this slot in the narrowed audit.
hBD24-003:spOshiSkill,hBD24-003,戌神ころね,spOshiSkill,EFFECT_TEXT,website/public/cards.json#/cards[id=809]/spOshiSkill,engine.mjs#hbp09Legacy_resolveSpOshiSkill hBD24 matching-color deck search; activation cost and once-per-game gate,ALIGNED,,NO_DIRECT_TEST,Source wiring and parameters were reviewed; no dedicated focused or reused execution test was mapped to this slot in the narrowed audit.
hBD24-004:oshiSkill,hBD24-004,白上フブキ,oshiSkill,EFFECT_TEXT,website/public/cards.json#/cards[id=810]/oshiSkill,engine.mjs#hbp09Legacy_resolveNormalOshiSkill hBD24 color-target +20; activation cost and once-per-turn gate,ALIGNED,,NO_DIRECT_TEST,Source wiring and parameters were reviewed; no dedicated focused or reused execution test was mapped to this slot in the narrowed audit.
hBD24-004:spOshiSkill,hBD24-004,白上フブキ,spOshiSkill,EFFECT_TEXT,website/public/cards.json#/cards[id=810]/spOshiSkill,engine.mjs#hbp09Legacy_resolveSpOshiSkill hBD24 matching-color deck search; activation cost and once-per-game gate,ALIGNED,,NO_DIRECT_TEST,Source wiring and parameters were reviewed; no dedicated focused or reused execution test was mapped to this slot in the narrowed audit.
hBD24-005:oshiSkill,hBD24-005,姫森ルーナ,oshiSkill,EFFECT_TEXT,website/public/cards.json#/cards[id=825]/oshiSkill,engine.mjs#hbp09Legacy_resolveNormalOshiSkill hBD24 color-target +20; activation cost and once-per-turn gate,ALIGNED,,NO_DIRECT_TEST,Source wiring and parameters were reviewed; no dedicated focused or reused execution test was mapped to this slot in the narrowed audit.
hBD24-005:spOshiSkill,hBD24-005,姫森ルーナ,spOshiSkill,EFFECT_TEXT,website/public/cards.json#/cards[id=825]/spOshiSkill,engine.mjs#hbp09Legacy_resolveSpOshiSkill hBD24 matching-color deck search; activation cost and once-per-game gate,ALIGNED,,NO_DIRECT_TEST,Source wiring and parameters were reviewed; no dedicated focused or reused execution test was mapped to this slot in the narrowed audit.
hBD24-006:oshiSkill,hBD24-006,クレイジー・オリー,oshiSkill,EFFECT_TEXT,website/public/cards.json#/cards[id=200]/oshiSkill,engine.mjs#hbp09Legacy_resolveNormalOshiSkill hBD24 color-target +20; activation cost and once-per-turn gate,ALIGNED,,NO_DIRECT_TEST,Source wiring and parameters were reviewed; no dedicated focused or reused execution test was mapped to this slot in the narrowed audit.
hBD24-006:spOshiSkill,hBD24-006,クレイジー・オリー,spOshiSkill,EFFECT_TEXT,website/public/cards.json#/cards[id=200]/spOshiSkill,engine.mjs#hbp09Legacy_resolveSpOshiSkill hBD24 matching-color deck search; activation cost and once-per-game gate,ALIGNED,,NO_DIRECT_TEST,Source wiring and parameters were reviewed; no dedicated focused or reused execution test was mapped to this slot in the narrowed audit.
hBD24-007:oshiSkill,hBD24-007,ジジ・ムリン,oshiSkill,EFFECT_TEXT,website/public/cards.json#/cards[id=563]/oshiSkill,engine.mjs#hbp09Legacy_resolveNormalOshiSkill hBD24 color-target +20; activation cost and once-per-turn gate,ALIGNED,,NO_DIRECT_TEST,Source wiring and parameters were reviewed; no dedicated focused or reused execution test was mapped to this slot in the narrowed audit.
hBD24-007:spOshiSkill,hBD24-007,ジジ・ムリン,spOshiSkill,EFFECT_TEXT,website/public/cards.json#/cards[id=563]/spOshiSkill,engine.mjs#hbp09Legacy_resolveSpOshiSkill hBD24 matching-color deck search; activation cost and once-per-game gate,ALIGNED,,NO_DIRECT_TEST,Source wiring and parameters were reviewed; no dedicated focused or reused execution test was mapped to this slot in the narrowed audit.
hBD24-008:oshiSkill,hBD24-008,ベスティア・ゼータ,oshiSkill,EFFECT_TEXT,website/public/cards.json#/cards[id=830]/oshiSkill,engine.mjs#hbp09Legacy_resolveNormalOshiSkill hBD24 color-target +20; activation cost and once-per-turn gate,ALIGNED,,NO_DIRECT_TEST,Source wiring and parameters were reviewed; no dedicated focused or reused execution test was mapped to this slot in the narrowed audit.
hBD24-008:spOshiSkill,hBD24-008,ベスティア・ゼータ,spOshiSkill,EFFECT_TEXT,website/public/cards.json#/cards[id=830]/spOshiSkill,engine.mjs#hbp09Legacy_resolveSpOshiSkill hBD24 matching-color deck search; activation cost and once-per-game gate,ALIGNED,,NO_DIRECT_TEST,Source wiring and parameters were reviewed; no dedicated focused or reused execution test was mapped to this slot in the narrowed audit.
hBD24-009:oshiSkill,hBD24-009,セシリア・イマーグリーン,oshiSkill,EFFECT_TEXT,website/public/cards.json#/cards[id=826]/oshiSkill,engine.mjs#hbp09Legacy_resolveNormalOshiSkill hBD24 color-target +20; activation cost and once-per-turn gate,ALIGNED,,NO_DIRECT_TEST,Source wiring and parameters were reviewed; no dedicated focused or reused execution test was mapped to this slot in the narrowed audit.
hBD24-009:spOshiSkill,hBD24-009,セシリア・イマーグリーン,spOshiSkill,EFFECT_TEXT,website/public/cards.json#/cards[id=826]/spOshiSkill,engine.mjs#hbp09Legacy_resolveSpOshiSkill hBD24 matching-color deck search; activation cost and once-per-game gate,ALIGNED,,NO_DIRECT_TEST,Source wiring and parameters were reviewed; no dedicated focused or reused execution test was mapped to this slot in the narrowed audit.
hBD24-010:oshiSkill,hBD24-010,雪花ラミィ,oshiSkill,EFFECT_TEXT,website/public/cards.json#/cards[id=827]/oshiSkill,engine.mjs#hbp09Legacy_resolveNormalOshiSkill hBD24 color-target +20; activation cost and once-per-turn gate,ALIGNED,,NO_DIRECT_TEST,Source wiring and parameters were reviewed; no dedicated focused or reused execution test was mapped to this slot in the narrowed audit.
hBD24-010:spOshiSkill,hBD24-010,雪花ラミィ,spOshiSkill,EFFECT_TEXT,website/public/cards.json#/cards[id=827]/spOshiSkill,engine.mjs#hbp09Legacy_resolveSpOshiSkill hBD24 matching-color deck search; activation cost and once-per-game gate,ALIGNED,,NO_DIRECT_TEST,Source wiring and parameters were reviewed; no dedicated focused or reused execution test was mapped to this slot in the narrowed audit.
hBD24-011:oshiSkill,hBD24-011,ネリッサ・レイヴンクロフト,oshiSkill,EFFECT_TEXT,website/public/cards.json#/cards[id=828]/oshiSkill,engine.mjs#hbp09Legacy_resolveNormalOshiSkill hBD24 color-target +20; activation cost and once-per-turn gate,ALIGNED,,NO_DIRECT_TEST,Source wiring and parameters were reviewed; no dedicated focused or reused execution test was mapped to this slot in the narrowed audit.
hBD24-011:spOshiSkill,hBD24-011,ネリッサ・レイヴンクロフト,spOshiSkill,EFFECT_TEXT,website/public/cards.json#/cards[id=828]/spOshiSkill,engine.mjs#hbp09Legacy_resolveSpOshiSkill hBD24 matching-color deck search; activation cost and once-per-game gate,ALIGNED,,NO_DIRECT_TEST,Source wiring and parameters were reviewed; no dedicated focused or reused execution test was mapped to this slot in the narrowed audit.
hBD24-012:oshiSkill,hBD24-012,白銀ノエル,oshiSkill,EFFECT_TEXT,website/public/cards.json#/cards[id=846]/oshiSkill,engine.mjs#hbp09Legacy_resolveNormalOshiSkill hBD24 color-target +20; activation cost and once-per-turn gate,ALIGNED,,NO_DIRECT_TEST,Source wiring and parameters were reviewed; no dedicated focused or reused execution test was mapped to this slot in the narrowed audit.
hBD24-012:spOshiSkill,hBD24-012,白銀ノエル,spOshiSkill,EFFECT_TEXT,website/public/cards.json#/cards[id=846]/spOshiSkill,engine.mjs#hbp09Legacy_resolveSpOshiSkill hBD24 matching-color deck search; activation cost and once-per-game gate,ALIGNED,,NO_DIRECT_TEST,Source wiring and parameters were reviewed; no dedicated focused or reused execution test was mapped to this slot in the narrowed audit.
hBD24-013:oshiSkill,hBD24-013,紫咲シオン,oshiSkill,EFFECT_TEXT,website/public/cards.json#/cards[id=831]/oshiSkill,engine.mjs#hbp09Legacy_resolveNormalOshiSkill hBD24 color-target +20; activation cost and once-per-turn gate,ALIGNED,,NO_DIRECT_TEST,Static family validation: this row color/timing matches the generic template; website/tests/simulator-engine.test.mjs covers hBD24-001; Android bundle/source path traced
hBD24-013:spOshiSkill,hBD24-013,紫咲シオン,spOshiSkill,EFFECT_TEXT,website/public/cards.json#/cards[id=831]/spOshiSkill,engine.mjs#hbp09Legacy_resolveSpOshiSkill hBD24 matching-color deck search; activation cost and once-per-game gate,ALIGNED,,NO_DIRECT_TEST,Static family validation: this row color/timing matches the generic template; website/tests/simulator-engine.test.mjs covers hBD24-001; Android bundle/source path traced
hBD24-014:oshiSkill,hBD24-014,こぼ・かなえる,oshiSkill,EFFECT_TEXT,website/public/cards.json#/cards[id=832]/oshiSkill,engine.mjs#hbp09Legacy_resolveNormalOshiSkill hBD24 color-target +20; activation cost and once-per-turn gate,ALIGNED,,NO_DIRECT_TEST,Static family validation: this row color/timing matches the generic template; website/tests/simulator-engine.test.mjs covers hBD24-001; Android bundle/source path traced
hBD24-014:spOshiSkill,hBD24-014,こぼ・かなえる,spOshiSkill,EFFECT_TEXT,website/public/cards.json#/cards[id=832]/spOshiSkill,engine.mjs#hbp09Legacy_resolveSpOshiSkill hBD24 matching-color deck search; activation cost and once-per-game gate,ALIGNED,,NO_DIRECT_TEST,Static family validation: this row color/timing matches the generic template; website/tests/simulator-engine.test.mjs covers hBD24-001; Android bundle/source path traced
hBD24-015:oshiSkill,hBD24-015,百鬼あやめ,oshiSkill,EFFECT_TEXT,website/public/cards.json#/cards[id=847]/oshiSkill,engine.mjs#hbp09Legacy_resolveNormalOshiSkill hBD24 color-target +20; activation cost and once-per-turn gate,ALIGNED,,NO_DIRECT_TEST,Static family validation: this row color/timing matches the generic template; website/tests/simulator-engine.test.mjs covers hBD24-001; Android bundle/source path traced
hBD24-015:spOshiSkill,hBD24-015,百鬼あやめ,spOshiSkill,EFFECT_TEXT,website/public/cards.json#/cards[id=847]/spOshiSkill,engine.mjs#hbp09Legacy_resolveSpOshiSkill hBD24 matching-color deck search; activation cost and once-per-game gate,ALIGNED,,NO_DIRECT_TEST,Static family validation: this row color/timing matches the generic template; website/tests/simulator-engine.test.mjs covers hBD24-001; Android bundle/source path traced
hBD24-016:oshiSkill,hBD24-016,沙花叉クロヱ,oshiSkill,EFFECT_TEXT,website/public/cards.json#/cards[id=848]/oshiSkill,engine.mjs#hbp09Legacy_resolveNormalOshiSkill hBD24 color-target +20; activation cost and once-per-turn gate,ALIGNED,,NO_DIRECT_TEST,Static family validation: this row color/timing matches the generic template; website/tests/simulator-engine.test.mjs covers hBD24-001; Android bundle/source path traced
hBD24-016:spOshiSkill,hBD24-016,沙花叉クロヱ,spOshiSkill,EFFECT_TEXT,website/public/cards.json#/cards[id=848]/spOshiSkill,engine.mjs#hbp09Legacy_resolveSpOshiSkill hBD24 matching-color deck search; activation cost and once-per-game gate,ALIGNED,,NO_DIRECT_TEST,Static family validation: this row color/timing matches the generic template; website/tests/simulator-engine.test.mjs covers hBD24-001; Android bundle/source path traced
hBD24-017:oshiSkill,hBD24-017,兎田ぺこら,oshiSkill,EFFECT_TEXT,website/public/cards.json#/cards[id=1090]/oshiSkill,engine.mjs#hbp09Legacy_resolveNormalOshiSkill hBD24 color-target +20; activation cost and once-per-turn gate,ALIGNED,,NO_DIRECT_TEST,Static family validation: this row color/timing matches the generic template; website/tests/simulator-engine.test.mjs covers hBD24-001; Android bundle/source path traced
hBD24-017:spOshiSkill,hBD24-017,兎田ぺこら,spOshiSkill,EFFECT_TEXT,website/public/cards.json#/cards[id=1090]/spOshiSkill,engine.mjs#hbp09Legacy_resolveSpOshiSkill hBD24 matching-color deck search; activation cost and once-per-game gate,ALIGNED,,NO_DIRECT_TEST,Static family validation: this row color/timing matches the generic template; website/tests/simulator-engine.test.mjs covers hBD24-001; Android bundle/source path traced
hBD24-018:oshiSkill,hBD24-018,アユンダ・リス,oshiSkill,EFFECT_TEXT,website/public/cards.json#/cards[id=1091]/oshiSkill,engine.mjs#hbp09Legacy_resolveNormalOshiSkill hBD24 color-target +20; activation cost and once-per-turn gate,ALIGNED,,NO_DIRECT_TEST,Static family validation: this row color/timing matches the generic template; website/tests/simulator-engine.test.mjs covers hBD24-001; Android bundle/source path traced
hBD24-018:spOshiSkill,hBD24-018,アユンダ・リス,spOshiSkill,EFFECT_TEXT,website/public/cards.json#/cards[id=1091]/spOshiSkill,engine.mjs#hbp09Legacy_resolveSpOshiSkill hBD24 matching-color deck search; activation cost and once-per-game gate,ALIGNED,,NO_DIRECT_TEST,Static family validation: this row color/timing matches the generic template; website/tests/simulator-engine.test.mjs covers hBD24-001; Android bundle/source path traced
hBD24-019:oshiSkill,hBD24-019,尾丸ポルカ,oshiSkill,EFFECT_TEXT,website/public/cards.json#/cards[id=1092]/oshiSkill,engine.mjs#hbp09Legacy_resolveNormalOshiSkill hBD24 color-target +20; activation cost and once-per-turn gate,ALIGNED,,NO_DIRECT_TEST,Static family validation: this row color/timing matches the generic template; website/tests/simulator-engine.test.mjs covers hBD24-001; Android bundle/source path traced
hBD24-019:spOshiSkill,hBD24-019,尾丸ポルカ,spOshiSkill,EFFECT_TEXT,website/public/cards.json#/cards[id=1092]/spOshiSkill,engine.mjs#hbp09Legacy_resolveSpOshiSkill hBD24 matching-color deck search; activation cost and once-per-game gate,ALIGNED,,NO_DIRECT_TEST,Static family validation: this row color/timing matches the generic template; website/tests/simulator-engine.test.mjs covers hBD24-001; Android bundle/source path traced
hBD24-020:oshiSkill,hBD24-020,フワワ・アビスガード,oshiSkill,EFFECT_TEXT,website/public/cards.json#/cards[id=1093]/oshiSkill,engine.mjs#hbp09Legacy_resolveNormalOshiSkill hBD24 color-target +20; activation cost and once-per-turn gate,ALIGNED,,NO_DIRECT_TEST,Static family validation: this row color/timing matches the generic template; website/tests/simulator-engine.test.mjs covers hBD24-001; Android bundle/source path traced
hBD24-020:spOshiSkill,hBD24-020,フワワ・アビスガード,spOshiSkill,EFFECT_TEXT,website/public/cards.json#/cards[id=1093]/spOshiSkill,engine.mjs#hbp09Legacy_resolveSpOshiSkill hBD24 matching-color deck search; activation cost and once-per-game gate,ALIGNED,,NO_DIRECT_TEST,Static family validation: this row color/timing matches the generic template; website/tests/simulator-engine.test.mjs covers hBD24-001; Android bundle/source path traced
hBD24-021:oshiSkill,hBD24-021,モココ・アビスガード,oshiSkill,EFFECT_TEXT,website/public/cards.json#/cards[id=1094]/oshiSkill,engine.mjs#hbp09Legacy_resolveNormalOshiSkill hBD24 color-target +20; activation cost and once-per-turn gate,ALIGNED,,NO_DIRECT_TEST,Static family validation: this row color/timing matches the generic template; website/tests/simulator-engine.test.mjs covers hBD24-001; Android bundle/source path traced
hBD24-021:spOshiSkill,hBD24-021,モココ・アビスガード,spOshiSkill,EFFECT_TEXT,website/public/cards.json#/cards[id=1094]/spOshiSkill,engine.mjs#hbp09Legacy_resolveSpOshiSkill hBD24 matching-color deck search; activation cost and once-per-game gate,ALIGNED,,NO_DIRECT_TEST,Static family validation: this row color/timing matches the generic template; website/tests/simulator-engine.test.mjs covers hBD24-001; Android bundle/source path traced
hBD24-022:oshiSkill,hBD24-022,儒烏風亭らでん,oshiSkill,EFFECT_TEXT,website/public/cards.json#/cards[id=1095]/oshiSkill,engine.mjs#hbp09Legacy_resolveNormalOshiSkill hBD24 color-target +20; activation cost and once-per-turn gate,ALIGNED,,NO_DIRECT_TEST,Static family validation: this row color/timing matches the generic template; website/tests/simulator-engine.test.mjs covers hBD24-001; Android bundle/source path traced
hBD24-022:spOshiSkill,hBD24-022,儒烏風亭らでん,spOshiSkill,EFFECT_TEXT,website/public/cards.json#/cards[id=1095]/spOshiSkill,engine.mjs#hbp09Legacy_resolveSpOshiSkill hBD24 matching-color deck search; activation cost and once-per-game gate,ALIGNED,,NO_DIRECT_TEST,Static family validation: this row color/timing matches the generic template; website/tests/simulator-engine.test.mjs covers hBD24-001; Android bundle/source path traced
hBD24-023:oshiSkill,hBD24-023,癒月ちょこ,oshiSkill,EFFECT_TEXT,website/public/cards.json#/cards[id=1121]/oshiSkill,engine.mjs#hbp09Legacy_resolveNormalOshiSkill hBD24 color-target +20; activation cost and once-per-turn gate,ALIGNED,,NO_DIRECT_TEST,Static family validation: this row color/timing matches the generic template; website/tests/simulator-engine.test.mjs covers hBD24-001; Android bundle/source path traced
hBD24-023:spOshiSkill,hBD24-023,癒月ちょこ,spOshiSkill,EFFECT_TEXT,website/public/cards.json#/cards[id=1121]/spOshiSkill,engine.mjs#hbp09Legacy_resolveSpOshiSkill hBD24 matching-color deck search; activation cost and once-per-game gate,ALIGNED,,NO_DIRECT_TEST,Static family validation: this row color/timing matches the generic template; website/tests/simulator-engine.test.mjs covers hBD24-001; Android bundle/source path traced
hBD24-024:oshiSkill,hBD24-024,ムーナ・ホシノヴァ,oshiSkill,EFFECT_TEXT,website/public/cards.json#/cards[id=1096]/oshiSkill,engine.mjs#hbp09Legacy_resolveNormalOshiSkill hBD24 color-target +20; activation cost and once-per-turn gate,ALIGNED,,NO_DIRECT_TEST,Static family validation: this row color/timing matches the generic template; website/tests/simulator-engine.test.mjs covers hBD24-001; Android bundle/source path traced
hBD24-024:spOshiSkill,hBD24-024,ムーナ・ホシノヴァ,spOshiSkill,EFFECT_TEXT,website/public/cards.json#/cards[id=1096]/spOshiSkill,engine.mjs#hbp09Legacy_resolveSpOshiSkill hBD24 matching-color deck search; activation cost and once-per-game gate,ALIGNED,,NO_DIRECT_TEST,Static family validation: this row color/timing matches the generic template; website/tests/simulator-engine.test.mjs covers hBD24-001; Android bundle/source path traced
hBD24-025:oshiSkill,hBD24-025,アキ・ローゼンタール,oshiSkill,EFFECT_TEXT,website/public/cards.json#/cards[id=1122]/oshiSkill,engine.mjs#hbp09Legacy_resolveNormalOshiSkill hBD24 color-target +20; activation cost and once-per-turn gate,ALIGNED,,NO_DIRECT_TEST,Static family validation: this row color/timing matches the generic template; website/tests/simulator-engine.test.mjs covers hBD24-001; Android bundle/source path traced
hBD24-025:spOshiSkill,hBD24-025,アキ・ローゼンタール,spOshiSkill,EFFECT_TEXT,website/public/cards.json#/cards[id=1122]/spOshiSkill,engine.mjs#hbp09Legacy_resolveSpOshiSkill hBD24 matching-color deck search; activation cost and once-per-game gate,ALIGNED,,NO_DIRECT_TEST,Static family validation: this row color/timing matches the generic template; website/tests/simulator-engine.test.mjs covers hBD24-001; Android bundle/source path traced
hBD24-026:oshiSkill,hBD24-026,猫又おかゆ,oshiSkill,EFFECT_TEXT,website/public/cards.json#/cards[id=1123]/oshiSkill,engine.mjs#hbp09Legacy_resolveNormalOshiSkill hBD24 color-target +20; activation cost and once-per-turn gate,ALIGNED,,NO_DIRECT_TEST,Static family validation: this row color/timing matches the generic template; website/tests/simulator-engine.test.mjs covers hBD24-001; Android bundle/source path traced
hBD24-026:spOshiSkill,hBD24-026,猫又おかゆ,spOshiSkill,EFFECT_TEXT,website/public/cards.json#/cards[id=1123]/spOshiSkill,engine.mjs#hbp09Legacy_resolveSpOshiSkill hBD24 matching-color deck search; activation cost and once-per-game gate,ALIGNED,,NO_DIRECT_TEST,Static family validation: this row color/timing matches the generic template; website/tests/simulator-engine.test.mjs covers hBD24-001; Android bundle/source path traced
hBD24-027:oshiSkill,hBD24-027,火威青,oshiSkill,EFFECT_TEXT,website/public/cards.json#/cards[id=1097]/oshiSkill,engine.mjs#hbp09Legacy_resolveNormalOshiSkill hBD24 color-target +20; activation cost and once-per-turn gate,ALIGNED,,NO_DIRECT_TEST,Static family validation: this row color/timing matches the generic template; website/tests/simulator-engine.test.mjs covers hBD24-001; Android bundle/source path traced
hBD24-027:spOshiSkill,hBD24-027,火威青,spOshiSkill,EFFECT_TEXT,website/public/cards.json#/cards[id=1097]/spOshiSkill,engine.mjs#hbp09Legacy_resolveSpOshiSkill hBD24 matching-color deck search; activation cost and once-per-game gate,ALIGNED,,NO_DIRECT_TEST,Static family validation: this row color/timing matches the generic template; website/tests/simulator-engine.test.mjs covers hBD24-001; Android bundle/source path traced
hBD24-028:oshiSkill,hBD24-028,ハコス・ベールズ,oshiSkill,EFFECT_TEXT,website/public/cards.json#/cards[id=1098]/oshiSkill,engine.mjs#hbp09Legacy_resolveNormalOshiSkill hBD24 color-target +20; activation cost and once-per-turn gate,ALIGNED,,NO_DIRECT_TEST,Static family validation: this row color/timing matches the generic template; website/tests/simulator-engine.test.mjs covers hBD24-001; Android bundle/source path traced
hBD24-028:spOshiSkill,hBD24-028,ハコス・ベールズ,spOshiSkill,EFFECT_TEXT,website/public/cards.json#/cards[id=1098]/spOshiSkill,engine.mjs#hbp09Legacy_resolveSpOshiSkill hBD24 matching-color deck search; activation cost and once-per-game gate,ALIGNED,,NO_DIRECT_TEST,Static family validation: this row color/timing matches the generic template; website/tests/simulator-engine.test.mjs covers hBD24-001; Android bundle/source path traced
hBD24-029:oshiSkill,hBD24-029,さくらみこ,oshiSkill,EFFECT_TEXT,website/public/cards.json#/cards[id=1124]/oshiSkill,engine.mjs#hbp09Legacy_resolveNormalOshiSkill hBD24 color-target +20; activation cost and once-per-turn gate,ALIGNED,,NO_DIRECT_TEST,Static family validation: this row color/timing matches the generic template; website/tests/simulator-engine.test.mjs covers hBD24-001; Android bundle/source path traced
hBD24-029:spOshiSkill,hBD24-029,さくらみこ,spOshiSkill,EFFECT_TEXT,website/public/cards.json#/cards[id=1124]/spOshiSkill,engine.mjs#hbp09Legacy_resolveSpOshiSkill hBD24 matching-color deck search; activation cost and once-per-game gate,ALIGNED,,NO_DIRECT_TEST,Static family validation: this row color/timing matches the generic template; website/tests/simulator-engine.test.mjs covers hBD24-001; Android bundle/source path traced
hBD24-030:oshiSkill,hBD24-030,アーニャ・メルフィッサ,oshiSkill,EFFECT_TEXT,website/public/cards.json#/cards[id=1125]/oshiSkill,engine.mjs#hbp09Legacy_resolveNormalOshiSkill hBD24 color-target +20; activation cost and once-per-turn gate,ALIGNED,,NO_DIRECT_TEST,Static family validation: this row color/timing matches the generic template; website/tests/simulator-engine.test.mjs covers hBD24-001; Android bundle/source path traced
hBD24-030:spOshiSkill,hBD24-030,アーニャ・メルフィッサ,spOshiSkill,EFFECT_TEXT,website/public/cards.json#/cards[id=1125]/spOshiSkill,engine.mjs#hbp09Legacy_resolveSpOshiSkill hBD24 matching-color deck search; activation cost and once-per-game gate,ALIGNED,,NO_DIRECT_TEST,Static family validation: this row color/timing matches the generic template; website/tests/simulator-engine.test.mjs covers hBD24-001; Android bundle/source path traced
hBD24-031:oshiSkill,hBD24-031,オーロ・クロニー,oshiSkill,EFFECT_TEXT,website/public/cards.json#/cards[id=1126]/oshiSkill,engine.mjs#hbp09Legacy_resolveNormalOshiSkill hBD24 color-target +20; activation cost and once-per-turn gate,ALIGNED,,NO_DIRECT_TEST,Static family validation: this row color/timing matches the generic template; website/tests/simulator-engine.test.mjs covers hBD24-001; Android bundle/source path traced
hBD24-031:spOshiSkill,hBD24-031,オーロ・クロニー,spOshiSkill,EFFECT_TEXT,website/public/cards.json#/cards[id=1126]/spOshiSkill,engine.mjs#hbp09Legacy_resolveSpOshiSkill hBD24 matching-color deck search; activation cost and once-per-game gate,ALIGNED,,NO_DIRECT_TEST,Static family validation: this row color/timing matches the generic template; website/tests/simulator-engine.test.mjs covers hBD24-001; Android bundle/source path traced
hBD24-032:oshiSkill,hBD24-032,博衣こより,oshiSkill,EFFECT_TEXT,website/public/cards.json#/cards[id=1127]/oshiSkill,engine.mjs#hbp09Legacy_resolveNormalOshiSkill hBD24 color-target +20; activation cost and once-per-turn gate,ALIGNED,,NO_DIRECT_TEST,Static family validation: this row color/timing matches the generic template; website/tests/simulator-engine.test.mjs covers hBD24-001; Android bundle/source path traced
hBD24-032:spOshiSkill,hBD24-032,博衣こより,spOshiSkill,EFFECT_TEXT,website/public/cards.json#/cards[id=1127]/spOshiSkill,engine.mjs#hbp09Legacy_resolveSpOshiSkill hBD24 matching-color deck search; activation cost and once-per-game gate,ALIGNED,,NO_DIRECT_TEST,Static family validation: this row color/timing matches the generic template; website/tests/simulator-engine.test.mjs covers hBD24-001; Android bundle/source path traced
hBD24-033:oshiSkill,hBD24-033,IRyS,oshiSkill,EFFECT_TEXT,website/public/cards.json#/cards[id=1166]/oshiSkill,engine.mjs#hbp09Legacy_resolveNormalOshiSkill hBD24 color-target +20; activation cost and once-per-turn gate,ALIGNED,,NO_DIRECT_TEST,Static family validation: this row color/timing matches the generic template; website/tests/simulator-engine.test.mjs covers hBD24-001; Android bundle/source path traced
hBD24-033:spOshiSkill,hBD24-033,IRyS,spOshiSkill,EFFECT_TEXT,website/public/cards.json#/cards[id=1166]/spOshiSkill,engine.mjs#hbp09Legacy_resolveSpOshiSkill hBD24 matching-color deck search; activation cost and once-per-game gate,ALIGNED,,NO_DIRECT_TEST,Static family validation: this row color/timing matches the generic template; website/tests/simulator-engine.test.mjs covers hBD24-001; Android bundle/source path traced
hBD24-034:oshiSkill,hBD24-034,星街すいせい,oshiSkill,EFFECT_TEXT,website/public/cards.json#/cards[id=1167]/oshiSkill,engine.mjs#hbp09Legacy_resolveNormalOshiSkill hBD24 color-target +20; activation cost and once-per-turn gate,ALIGNED,,NO_DIRECT_TEST,Static family validation: this row color/timing matches the generic template; website/tests/simulator-engine.test.mjs covers hBD24-001; Android bundle/source path traced
hBD24-034:spOshiSkill,hBD24-034,星街すいせい,spOshiSkill,EFFECT_TEXT,website/public/cards.json#/cards[id=1167]/spOshiSkill,engine.mjs#hbp09Legacy_resolveSpOshiSkill hBD24 matching-color deck search; activation cost and once-per-game gate,ALIGNED,,NO_DIRECT_TEST,Static family validation: this row color/timing matches the generic template; website/tests/simulator-engine.test.mjs covers hBD24-001; Android bundle/source path traced
hBD24-035:oshiSkill,hBD24-035,桃鈴ねね,oshiSkill,EFFECT_TEXT,website/public/cards.json#/cards[id=1168]/oshiSkill,engine.mjs#hbp09Legacy_resolveNormalOshiSkill hBD24 color-target +20; activation cost and once-per-turn gate,ALIGNED,,NO_DIRECT_TEST,Static family validation: this row color/timing matches the generic template; website/tests/simulator-engine.test.mjs covers hBD24-001; Android bundle/source path traced
hBD24-035:spOshiSkill,hBD24-035,桃鈴ねね,spOshiSkill,EFFECT_TEXT,website/public/cards.json#/cards[id=1168]/spOshiSkill,engine.mjs#hbp09Legacy_resolveSpOshiSkill hBD24 matching-color deck search; activation cost and once-per-game gate,ALIGNED,,NO_DIRECT_TEST,Static family validation: this row color/timing matches the generic template; website/tests/simulator-engine.test.mjs covers hBD24-001; Android bundle/source path traced
hBD24-036:oshiSkill,hBD24-036,不知火フレア,oshiSkill,EFFECT_TEXT,website/public/cards.json#/cards[id=1169]/oshiSkill,engine.mjs#hbp09Legacy_resolveNormalOshiSkill hBD24 color-target +20; activation cost and once-per-turn gate,ALIGNED,,NO_DIRECT_TEST,Static family validation: this row color/timing matches the generic template; website/tests/simulator-engine.test.mjs covers hBD24-001; Android bundle/source path traced
hBD24-036:spOshiSkill,hBD24-036,不知火フレア,spOshiSkill,EFFECT_TEXT,website/public/cards.json#/cards[id=1169]/spOshiSkill,engine.mjs#hbp09Legacy_resolveSpOshiSkill hBD24 matching-color deck search; activation cost and once-per-game gate,ALIGNED,,NO_DIRECT_TEST,Static family validation: this row color/timing matches the generic template; website/tests/simulator-engine.test.mjs covers hBD24-001; Android bundle/source path traced
hBD24-037:oshiSkill,hBD24-037,森カリオペ,oshiSkill,EFFECT_TEXT,website/public/cards.json#/cards[id=1170]/oshiSkill,engine.mjs#hbp09Legacy_resolveNormalOshiSkill hBD24 color-target +20; activation cost and once-per-turn gate,ALIGNED,,NO_DIRECT_TEST,Static family validation: this row color/timing matches the generic template; website/tests/simulator-engine.test.mjs covers hBD24-001; Android bundle/source path traced
hBD24-037:spOshiSkill,hBD24-037,森カリオペ,spOshiSkill,EFFECT_TEXT,website/public/cards.json#/cards[id=1170]/spOshiSkill,engine.mjs#hbp09Legacy_resolveSpOshiSkill hBD24 matching-color deck search; activation cost and once-per-game gate,ALIGNED,,NO_DIRECT_TEST,Static family validation: this row color/timing matches the generic template; website/tests/simulator-engine.test.mjs covers hBD24-001; Android bundle/source path traced
hBD24-038:oshiSkill,hBD24-038,古石ビジュー,oshiSkill,EFFECT_TEXT,website/public/cards.json#/cards[id=1171]/oshiSkill,engine.mjs#hbp09Legacy_resolveNormalOshiSkill hBD24 color-target +20; activation cost and once-per-turn gate,ALIGNED,,NO_DIRECT_TEST,Static family validation: this row color/timing matches the generic template; website/tests/simulator-engine.test.mjs covers hBD24-001; Android bundle/source path traced
hBD24-038:spOshiSkill,hBD24-038,古石ビジュー,spOshiSkill,EFFECT_TEXT,website/public/cards.json#/cards[id=1171]/spOshiSkill,engine.mjs#hbp09Legacy_resolveSpOshiSkill hBD24 matching-color deck search; activation cost and once-per-game gate,ALIGNED,,NO_DIRECT_TEST,Static family validation: this row color/timing matches the generic template; website/tests/simulator-engine.test.mjs covers hBD24-001; Android bundle/source path traced
hBD24-039:oshiSkill,hBD24-039,音乃瀬奏,oshiSkill,EFFECT_TEXT,website/public/cards.json#/cards[id=1172]/oshiSkill,engine.mjs#hbp09Legacy_resolveNormalOshiSkill hBD24 color-target +20; activation cost and once-per-turn gate,ALIGNED,,NO_DIRECT_TEST,Static family validation: this row color/timing matches the generic template; website/tests/simulator-engine.test.mjs covers hBD24-001; Android bundle/source path traced
hBD24-039:spOshiSkill,hBD24-039,音乃瀬奏,spOshiSkill,EFFECT_TEXT,website/public/cards.json#/cards[id=1172]/spOshiSkill,engine.mjs#hbp09Legacy_resolveSpOshiSkill hBD24 matching-color deck search; activation cost and once-per-game gate,ALIGNED,,NO_DIRECT_TEST,Static family validation: this row color/timing matches the generic template; website/tests/simulator-engine.test.mjs covers hBD24-001; Android bundle/source path traced
hBD24-040:oshiSkill,hBD24-040,天音かなた,oshiSkill,EFFECT_TEXT,website/public/cards.json#/cards[id=1173]/oshiSkill,engine.mjs#hbp09Legacy_resolveNormalOshiSkill hBD24 color-target +20; activation cost and once-per-turn gate,ALIGNED,,NO_DIRECT_TEST,Static family validation: this row color/timing matches the generic template; website/tests/simulator-engine.test.mjs covers hBD24-001; Android bundle/source path traced
hBD24-040:spOshiSkill,hBD24-040,天音かなた,spOshiSkill,EFFECT_TEXT,website/public/cards.json#/cards[id=1173]/spOshiSkill,engine.mjs#hbp09Legacy_resolveSpOshiSkill hBD24 matching-color deck search; activation cost and once-per-game gate,ALIGNED,,NO_DIRECT_TEST,Static family validation: this row color/timing matches the generic template; website/tests/simulator-engine.test.mjs covers hBD24-001; Android bundle/source path traced
hBD24-041:oshiSkill,hBD24-041,エリザベス・ローズ・ブラッドフレイム,oshiSkill,EFFECT_TEXT,website/public/cards.json#/cards[id=1413]/oshiSkill,engine.mjs#hbp09Legacy_resolveNormalOshiSkill hBD24 color-target +20; activation cost and once-per-turn gate,ALIGNED,,NO_DIRECT_TEST,Static family validation: this row color/timing matches the generic template; website/tests/simulator-engine.test.mjs covers hBD24-001; Android bundle/source path traced
hBD24-041:spOshiSkill,hBD24-041,エリザベス・ローズ・ブラッドフレイム,spOshiSkill,EFFECT_TEXT,website/public/cards.json#/cards[id=1413]/spOshiSkill,engine.mjs#hbp09Legacy_resolveSpOshiSkill hBD24 matching-color deck search; activation cost and once-per-game gate,ALIGNED,,NO_DIRECT_TEST,Static family validation: this row color/timing matches the generic template; website/tests/simulator-engine.test.mjs covers hBD24-001; Android bundle/source path traced
hBD24-042:oshiSkill,hBD24-042,シオリ・ノヴェラ,oshiSkill,EFFECT_TEXT,website/public/cards.json#/cards[id=1414]/oshiSkill,engine.mjs#hbp09Legacy_resolveNormalOshiSkill hBD24 color-target +20; activation cost and once-per-turn gate,ALIGNED,,NO_DIRECT_TEST,Static family validation: this row color/timing matches the generic template; website/tests/simulator-engine.test.mjs covers hBD24-001; Android bundle/source path traced
hBD24-042:spOshiSkill,hBD24-042,シオリ・ノヴェラ,spOshiSkill,EFFECT_TEXT,website/public/cards.json#/cards[id=1414]/spOshiSkill,engine.mjs#hbp09Legacy_resolveSpOshiSkill hBD24 matching-color deck search; activation cost and once-per-game gate,ALIGNED,,NO_DIRECT_TEST,Static family validation: this row color/timing matches the generic template; website/tests/simulator-engine.test.mjs covers hBD24-001; Android bundle/source path traced
hBD24-043:oshiSkill,hBD24-043,ラオーラ・パンテーラ,oshiSkill,EFFECT_TEXT,website/public/cards.json#/cards[id=1415]/oshiSkill,engine.mjs#hbp09Legacy_resolveNormalOshiSkill hBD24 color-target +20; activation cost and once-per-turn gate,ALIGNED,,NO_DIRECT_TEST,Static family validation: this row color/timing matches the generic template; website/tests/simulator-engine.test.mjs covers hBD24-001; Android bundle/source path traced
hBD24-043:spOshiSkill,hBD24-043,ラオーラ・パンテーラ,spOshiSkill,EFFECT_TEXT,website/public/cards.json#/cards[id=1415]/spOshiSkill,engine.mjs#hbp09Legacy_resolveSpOshiSkill hBD24 matching-color deck search; activation cost and once-per-game gate,ALIGNED,,NO_DIRECT_TEST,Static family validation: this row color/timing matches the generic template; website/tests/simulator-engine.test.mjs covers hBD24-001; Android bundle/source path traced
hBD24-044:oshiSkill,hBD24-044,一条莉々華,oshiSkill,EFFECT_TEXT,website/public/cards.json#/cards[id=1416]/oshiSkill,engine.mjs#hbp09Legacy_resolveNormalOshiSkill hBD24 color-target +20; activation cost and once-per-turn gate,ALIGNED,,NO_DIRECT_TEST,Static family validation: this row color/timing matches the generic template; website/tests/simulator-engine.test.mjs covers hBD24-001; Android bundle/source path traced
hBD24-044:spOshiSkill,hBD24-044,一条莉々華,spOshiSkill,EFFECT_TEXT,website/public/cards.json#/cards[id=1416]/spOshiSkill,engine.mjs#hbp09Legacy_resolveSpOshiSkill hBD24 matching-color deck search; activation cost and once-per-game gate,ALIGNED,,NO_DIRECT_TEST,Static family validation: this row color/timing matches the generic template; website/tests/simulator-engine.test.mjs covers hBD24-001; Android bundle/source path traced
hBD24-045:oshiSkill,hBD24-045,ときのそら,oshiSkill,EFFECT_TEXT,website/public/cards.json#/cards[id=1417]/oshiSkill,engine.mjs#hbp09Legacy_resolveNormalOshiSkill hBD24 color-target +20; activation cost and once-per-turn gate,ALIGNED,,NO_DIRECT_TEST,Static family validation: this row color/timing matches the generic template; website/tests/simulator-engine.test.mjs covers hBD24-001; Android bundle/source path traced
hBD24-045:spOshiSkill,hBD24-045,ときのそら,spOshiSkill,EFFECT_TEXT,website/public/cards.json#/cards[id=1417]/spOshiSkill,engine.mjs#hbp09Legacy_resolveSpOshiSkill hBD24 matching-color deck search; activation cost and once-per-game gate,ALIGNED,,NO_DIRECT_TEST,Static family validation: this row color/timing matches the generic template; website/tests/simulator-engine.test.mjs covers hBD24-001; Android bundle/source path traced
hBD24-046:oshiSkill,hBD24-046,一伊那尓栖,oshiSkill,EFFECT_TEXT,website/public/cards.json#/cards[id=1418]/oshiSkill,engine.mjs#hbp09Legacy_resolveNormalOshiSkill hBD24 color-target +20; activation cost and once-per-turn gate,ALIGNED,,NO_DIRECT_TEST,Static family validation: this row color/timing matches the generic template; website/tests/simulator-engine.test.mjs covers hBD24-001; Android bundle/source path traced
hBD24-046:spOshiSkill,hBD24-046,一伊那尓栖,spOshiSkill,EFFECT_TEXT,website/public/cards.json#/cards[id=1418]/spOshiSkill,engine.mjs#hbp09Legacy_resolveSpOshiSkill hBD24 matching-color deck search; activation cost and once-per-game gate,ALIGNED,,NO_DIRECT_TEST,Static family validation: this row color/timing matches the generic template; website/tests/simulator-engine.test.mjs covers hBD24-001; Android bundle/source path traced
hBD24-047:oshiSkill,hBD24-047,ロボ子さん,oshiSkill,EFFECT_TEXT,website/public/cards.json#/cards[id=1419]/oshiSkill,engine.mjs#hbp09Legacy_resolveNormalOshiSkill hBD24 color-target +20; activation cost and once-per-turn gate,ALIGNED,,NO_DIRECT_TEST,Static family validation: this row color/timing matches the generic template; website/tests/simulator-engine.test.mjs covers hBD24-001; Android bundle/source path traced
hBD24-047:spOshiSkill,hBD24-047,ロボ子さん,spOshiSkill,EFFECT_TEXT,website/public/cards.json#/cards[id=1419]/spOshiSkill,engine.mjs#hbp09Legacy_resolveSpOshiSkill hBD24 matching-color deck search; activation cost and once-per-game gate,ALIGNED,,NO_DIRECT_TEST,Static family validation: this row color/timing matches the generic template; website/tests/simulator-engine.test.mjs covers hBD24-001; Android bundle/source path traced
hBD24-048:oshiSkill,hBD24-048,ラプラス・ダークネス,oshiSkill,EFFECT_TEXT,website/public/cards.json#/cards[id=1420]/oshiSkill,engine.mjs#hbp09Legacy_resolveNormalOshiSkill hBD24 color-target +20; activation cost and once-per-turn gate,ALIGNED,,NO_DIRECT_TEST,Static family validation: this row color/timing matches the generic template; website/tests/simulator-engine.test.mjs covers hBD24-001; Android bundle/source path traced
hBD24-048:spOshiSkill,hBD24-048,ラプラス・ダークネス,spOshiSkill,EFFECT_TEXT,website/public/cards.json#/cards[id=1420]/spOshiSkill,engine.mjs#hbp09Legacy_resolveSpOshiSkill hBD24 matching-color deck search; activation cost and once-per-game gate,ALIGNED,,NO_DIRECT_TEST,Static family validation: this row color/timing matches the generic template; website/tests/simulator-engine.test.mjs covers hBD24-001; Android bundle/source path traced
hBD24-049:oshiSkill,hBD24-049,響咲リオナ,oshiSkill,EFFECT_TEXT,website/public/cards.json#/cards[id=1421]/oshiSkill,engine.mjs#hbp09Legacy_resolveNormalOshiSkill hBD24 color-target +20; activation cost and once-per-turn gate,ALIGNED,,NO_DIRECT_TEST,Static family validation: this row color/timing matches the generic template; website/tests/simulator-engine.test.mjs covers hBD24-001; Android bundle/source path traced
hBD24-049:spOshiSkill,hBD24-049,響咲リオナ,spOshiSkill,EFFECT_TEXT,website/public/cards.json#/cards[id=1421]/spOshiSkill,engine.mjs#hbp09Legacy_resolveSpOshiSkill hBD24 matching-color deck search; activation cost and once-per-game gate,ALIGNED,,NO_DIRECT_TEST,Static family validation: this row color/timing matches the generic template; website/tests/simulator-engine.test.mjs covers hBD24-001; Android bundle/source path traced
hBD24-050:oshiSkill,hBD24-050,角巻わため,oshiSkill,EFFECT_TEXT,website/public/cards.json#/cards[id=1422]/oshiSkill,engine.mjs#hbp09Legacy_resolveNormalOshiSkill hBD24 color-target +20; activation cost and once-per-turn gate,ALIGNED,,NO_DIRECT_TEST,Static family validation: this row color/timing matches the generic template; website/tests/simulator-engine.test.mjs covers hBD24-001; Android bundle/source path traced
hBD24-050:spOshiSkill,hBD24-050,角巻わため,spOshiSkill,EFFECT_TEXT,website/public/cards.json#/cards[id=1422]/spOshiSkill,engine.mjs#hbp09Legacy_resolveSpOshiSkill hBD24 matching-color deck search; activation cost and once-per-game gate,ALIGNED,,NO_DIRECT_TEST,Static family validation: this row color/timing matches the generic template; website/tests/simulator-engine.test.mjs covers hBD24-001; Android bundle/source path traced
hBD24-051:oshiSkill,hBD24-051,轟はじめ,oshiSkill,EFFECT_TEXT,website/public/cards.json#/cards[id=1423]/oshiSkill,engine.mjs#hbp09Legacy_resolveNormalOshiSkill hBD24 color-target +20; activation cost and once-per-turn gate,ALIGNED,,NO_DIRECT_TEST,Static family validation: this row color/timing matches the generic template; website/tests/simulator-engine.test.mjs covers hBD24-001; Android bundle/source path traced
hBD24-051:spOshiSkill,hBD24-051,轟はじめ,spOshiSkill,EFFECT_TEXT,website/public/cards.json#/cards[id=1423]/spOshiSkill,engine.mjs#hbp09Legacy_resolveSpOshiSkill hBD24 matching-color deck search; activation cost and once-per-game gate,ALIGNED,,NO_DIRECT_TEST,Static family validation: this row color/timing matches the generic template; website/tests/simulator-engine.test.mjs covers hBD24-001; Android bundle/source path traced
hBD24-052:oshiSkill,hBD24-052,鷹嶺ルイ,oshiSkill,EFFECT_TEXT,website/public/cards.json#/cards[id=1424]/oshiSkill,engine.mjs#hbp09Legacy_resolveNormalOshiSkill hBD24 color-target +20; activation cost and once-per-turn gate,ALIGNED,,NO_DIRECT_TEST,Static family validation: this row color/timing matches the generic template; website/tests/simulator-engine.test.mjs covers hBD24-001; Android bundle/source path traced
hBD24-052:spOshiSkill,hBD24-052,鷹嶺ルイ,spOshiSkill,EFFECT_TEXT,website/public/cards.json#/cards[id=1424]/spOshiSkill,engine.mjs#hbp09Legacy_resolveSpOshiSkill hBD24 matching-color deck search; activation cost and once-per-game gate,ALIGNED,,NO_DIRECT_TEST,Static family validation: this row color/timing matches the generic template; website/tests/simulator-engine.test.mjs covers hBD24-001; Android bundle/source path traced
hBD24-053:oshiSkill,hBD24-053,水宮枢,oshiSkill,EFFECT_TEXT,website/public/cards.json#/cards[id=1425]/oshiSkill,engine.mjs#hbp09Legacy_resolveNormalOshiSkill hBD24 color-target +20; activation cost and once-per-turn gate,ALIGNED,,NO_DIRECT_TEST,Static family validation: this row color/timing matches the generic template; website/tests/simulator-engine.test.mjs covers hBD24-001; Android bundle/source path traced
hBD24-053:spOshiSkill,hBD24-053,水宮枢,spOshiSkill,EFFECT_TEXT,website/public/cards.json#/cards[id=1425]/spOshiSkill,engine.mjs#hbp09Legacy_resolveSpOshiSkill hBD24 matching-color deck search; activation cost and once-per-game gate,ALIGNED,,NO_DIRECT_TEST,Static family validation: this row color/timing matches the generic template; website/tests/simulator-engine.test.mjs covers hBD24-001; Android bundle/source path traced
hBD24-054:oshiSkill,hBD24-054,風真いろは,oshiSkill,EFFECT_TEXT,website/public/cards.json#/cards[id=1426]/oshiSkill,engine.mjs#hbp09Legacy_resolveNormalOshiSkill hBD24 color-target +20; activation cost and once-per-turn gate,ALIGNED,,NO_DIRECT_TEST,Static family validation: this row color/timing matches the generic template; website/tests/simulator-engine.test.mjs covers hBD24-001; Android bundle/source path traced
hBD24-054:spOshiSkill,hBD24-054,風真いろは,spOshiSkill,EFFECT_TEXT,website/public/cards.json#/cards[id=1426]/spOshiSkill,engine.mjs#hbp09Legacy_resolveSpOshiSkill hBD24 matching-color deck search; activation cost and once-per-game gate,ALIGNED,,NO_DIRECT_TEST,Static family validation: this row color/timing matches the generic template; website/tests/simulator-engine.test.mjs covers hBD24-001; Android bundle/source path traced
hBD24-055:oshiSkill,hBD24-055,AZKi,oshiSkill,EFFECT_TEXT,website/public/cards.json#/cards[id=1427]/oshiSkill,engine.mjs#hbp09Legacy_resolveNormalOshiSkill hBD24 color-target +20; activation cost and once-per-turn gate,ALIGNED,,NO_DIRECT_TEST,Static family validation: this row color/timing matches the generic template; website/tests/simulator-engine.test.mjs covers hBD24-001; Android bundle/source path traced
hBD24-055:spOshiSkill,hBD24-055,AZKi,spOshiSkill,EFFECT_TEXT,website/public/cards.json#/cards[id=1427]/spOshiSkill,engine.mjs#hbp09Legacy_resolveSpOshiSkill hBD24 matching-color deck search; activation cost and once-per-game gate,ALIGNED,,NO_DIRECT_TEST,Static family validation: this row color/timing matches the generic template; website/tests/simulator-engine.test.mjs covers hBD24-001; Android bundle/source path traced
hBD24-056:oshiSkill,hBD24-056,大空スバル,oshiSkill,EFFECT_TEXT,website/public/cards.json#/cards[id=1428]/oshiSkill,engine.mjs#hbp09Legacy_resolveNormalOshiSkill hBD24 color-target +20; activation cost and once-per-turn gate,ALIGNED,,NO_DIRECT_TEST,Static family validation: this row color/timing matches the generic template; website/tests/simulator-engine.test.mjs covers hBD24-001; Android bundle/source path traced
hBD24-056:spOshiSkill,hBD24-056,大空スバル,spOshiSkill,EFFECT_TEXT,website/public/cards.json#/cards[id=1428]/spOshiSkill,engine.mjs#hbp09Legacy_resolveSpOshiSkill hBD24 matching-color deck search; activation cost and once-per-game gate,ALIGNED,,NO_DIRECT_TEST,Static family validation: this row color/timing matches the generic template; website/tests/simulator-engine.test.mjs covers hBD24-001; Android bundle/source path traced
hBD24-057:oshiSkill,hBD24-057,小鳥遊キアラ,oshiSkill,EFFECT_TEXT,website/public/cards.json#/cards[id=1429]/oshiSkill,engine.mjs#hbp09Legacy_resolveNormalOshiSkill hBD24 color-target +20; activation cost and once-per-turn gate,ALIGNED,,NO_DIRECT_TEST,Static family validation: this row color/timing matches the generic template; website/tests/simulator-engine.test.mjs covers hBD24-001; Android bundle/source path traced
hBD24-057:spOshiSkill,hBD24-057,小鳥遊キアラ,spOshiSkill,EFFECT_TEXT,website/public/cards.json#/cards[id=1429]/spOshiSkill,engine.mjs#hbp09Legacy_resolveSpOshiSkill hBD24 matching-color deck search; activation cost and once-per-game gate,ALIGNED,,NO_DIRECT_TEST,Static family validation: this row color/timing matches the generic template; website/tests/simulator-engine.test.mjs covers hBD24-001; Android bundle/source path traced
hBD24-058:oshiSkill,hBD24-058,輪堂千速,oshiSkill,EFFECT_TEXT,website/public/cards.json#/cards[id=1430]/oshiSkill,engine.mjs#hbp09Legacy_resolveNormalOshiSkill hBD24 color-target +20; activation cost and once-per-turn gate,ALIGNED,,NO_DIRECT_TEST,Static family validation: this row color/timing matches the generic template; website/tests/simulator-engine.test.mjs covers hBD24-001; Android bundle/source path traced
hBD24-058:spOshiSkill,hBD24-058,輪堂千速,spOshiSkill,EFFECT_TEXT,website/public/cards.json#/cards[id=1430]/spOshiSkill,engine.mjs#hbp09Legacy_resolveSpOshiSkill hBD24 matching-color deck search; activation cost and once-per-game gate,ALIGNED,,NO_DIRECT_TEST,Static family validation: this row color/timing matches the generic template; website/tests/simulator-engine.test.mjs covers hBD24-001; Android bundle/source path traced
hBD24-059:oshiSkill,hBD24-059,アイラニ・イオフィフティーン,oshiSkill,EFFECT_TEXT,website/public/cards.json#/cards[id=1431]/oshiSkill,engine.mjs#hbp09Legacy_resolveNormalOshiSkill hBD24 color-target +20; activation cost and once-per-turn gate,ALIGNED,,NO_DIRECT_TEST,Static family validation: this row color/timing matches the generic template; website/tests/simulator-engine.test.mjs covers hBD24-001; Android bundle/source path traced
hBD24-059:spOshiSkill,hBD24-059,アイラニ・イオフィフティーン,spOshiSkill,EFFECT_TEXT,website/public/cards.json#/cards[id=1431]/spOshiSkill,engine.mjs#hbp09Legacy_resolveSpOshiSkill hBD24 matching-color deck search; activation cost and once-per-game gate,ALIGNED,,NO_DIRECT_TEST,Static family validation: this row color/timing matches the generic template; website/tests/simulator-engine.test.mjs covers hBD24-001; Android bundle/source path traced
hBD24-060:oshiSkill,hBD24-060,虎金妃笑虎,oshiSkill,EFFECT_TEXT,website/public/cards.json#/cards[id=1432]/oshiSkill,engine.mjs#hbp09Legacy_resolveNormalOshiSkill hBD24 color-target +20; activation cost and once-per-turn gate,ALIGNED,,NO_DIRECT_TEST,Static family validation: this row color/timing matches the generic template; website/tests/simulator-engine.test.mjs covers hBD24-001; Android bundle/source path traced
hBD24-060:spOshiSkill,hBD24-060,虎金妃笑虎,spOshiSkill,EFFECT_TEXT,website/public/cards.json#/cards[id=1432]/spOshiSkill,engine.mjs#hbp09Legacy_resolveSpOshiSkill hBD24 matching-color deck search; activation cost and once-per-game gate,ALIGNED,,NO_DIRECT_TEST,Static family validation: this row color/timing matches the generic template; website/tests/simulator-engine.test.mjs covers hBD24-001; Android bundle/source path traced
hBD24-061:oshiSkill,hBD24-061,宝鐘マリン,oshiSkill,EFFECT_TEXT,website/public/cards.json#/cards[id=1433]/oshiSkill,engine.mjs#hbp09Legacy_resolveNormalOshiSkill hBD24 color-target +20; activation cost and once-per-turn gate,ALIGNED,,NO_DIRECT_TEST,Static family validation: this row color/timing matches the generic template; website/tests/simulator-engine.test.mjs covers hBD24-001; Android bundle/source path traced
hBD24-061:spOshiSkill,hBD24-061,宝鐘マリン,spOshiSkill,EFFECT_TEXT,website/public/cards.json#/cards[id=1433]/spOshiSkill,engine.mjs#hbp09Legacy_resolveSpOshiSkill hBD24 matching-color deck search; activation cost and once-per-game gate,ALIGNED,,NO_DIRECT_TEST,Static family validation: this row color/timing matches the generic template; website/tests/simulator-engine.test.mjs covers hBD24-001; Android bundle/source path traced
hBD24-062:oshiSkill,hBD24-062,常闇トワ,oshiSkill,EFFECT_TEXT,website/public/cards.json#/cards[id=1434]/oshiSkill,engine.mjs#hbp09Legacy_resolveNormalOshiSkill hBD24 color-target +20; activation cost and once-per-turn gate,ALIGNED,,NO_DIRECT_TEST,Static family validation: this row color/timing matches the generic template; website/tests/simulator-engine.test.mjs covers hBD24-001; Android bundle/source path traced
hBD24-062:spOshiSkill,hBD24-062,常闇トワ,spOshiSkill,EFFECT_TEXT,website/public/cards.json#/cards[id=1434]/spOshiSkill,engine.mjs#hbp09Legacy_resolveSpOshiSkill hBD24 matching-color deck search; activation cost and once-per-game gate,ALIGNED,,NO_DIRECT_TEST,Static family validation: this row color/timing matches the generic template; website/tests/simulator-engine.test.mjs covers hBD24-001; Android bundle/source path traced
hBD24-063:oshiSkill,hBD24-063,赤井はあと,oshiSkill,EFFECT_TEXT,website/public/cards.json#/cards[id=1435]/oshiSkill,engine.mjs#hbp09Legacy_resolveNormalOshiSkill hBD24 color-target +20; activation cost and once-per-turn gate,ALIGNED,,NO_DIRECT_TEST,Static family validation: this row color/timing matches the generic template; website/tests/simulator-engine.test.mjs covers hBD24-001; Android bundle/source path traced
hBD24-063:spOshiSkill,hBD24-063,赤井はあと,spOshiSkill,EFFECT_TEXT,website/public/cards.json#/cards[id=1435]/spOshiSkill,engine.mjs#hbp09Legacy_resolveSpOshiSkill hBD24 matching-color deck search; activation cost and once-per-game gate,ALIGNED,,NO_DIRECT_TEST,Static family validation: this row color/timing matches the generic template; website/tests/simulator-engine.test.mjs covers hBD24-001; Android bundle/source path traced
hBD24-064:oshiSkill,hBD24-064,大神ミオ,oshiSkill,EFFECT_TEXT,website/public/cards.json#/cards[id=1436]/oshiSkill,engine.mjs#hbp09Legacy_resolveNormalOshiSkill hBD24 color-target +20; activation cost and once-per-turn gate,ALIGNED,,NO_DIRECT_TEST,Static family validation: this row color/timing matches the generic template; website/tests/simulator-engine.test.mjs covers hBD24-001; Android bundle/source path traced
hBD24-064:spOshiSkill,hBD24-064,大神ミオ,spOshiSkill,EFFECT_TEXT,website/public/cards.json#/cards[id=1436]/spOshiSkill,engine.mjs#hbp09Legacy_resolveSpOshiSkill hBD24 matching-color deck search; activation cost and once-per-game gate,ALIGNED,,NO_DIRECT_TEST,Static family validation: this row color/timing matches the generic template; website/tests/simulator-engine.test.mjs covers hBD24-001; Android bundle/source path traced
hBD24-065:oshiSkill,hBD24-065,綺々羅々ヴィヴィ,oshiSkill,EFFECT_TEXT,website/public/cards.json#/cards[id=1437]/oshiSkill,engine.mjs#hbp09Legacy_resolveNormalOshiSkill hBD24 color-target +20; activation cost and once-per-turn gate,ALIGNED,,NO_DIRECT_TEST,Static family validation: this row color/timing matches the generic template; website/tests/simulator-engine.test.mjs covers hBD24-001; Android bundle/source path traced
hBD24-065:spOshiSkill,hBD24-065,綺々羅々ヴィヴィ,spOshiSkill,EFFECT_TEXT,website/public/cards.json#/cards[id=1437]/spOshiSkill,engine.mjs#hbp09Legacy_resolveSpOshiSkill hBD24 matching-color deck search; activation cost and once-per-game gate,ALIGNED,,NO_DIRECT_TEST,Static family validation: this row color/timing matches the generic template; website/tests/simulator-engine.test.mjs covers hBD24-001; Android bundle/source path traced
hBD24-066:oshiSkill,hBD24-066,カエラ・コヴァルスキア,oshiSkill,EFFECT_TEXT,website/public/cards.json#/cards[id=1438]/oshiSkill,engine.mjs#hbp09Legacy_resolveNormalOshiSkill hBD24 color-target +20; activation cost and once-per-turn gate,ALIGNED,,NO_DIRECT_TEST,Static family validation: this row color/timing matches the generic template; website/tests/simulator-engine.test.mjs covers hBD24-001; Android bundle/source path traced
hBD24-066:spOshiSkill,hBD24-066,カエラ・コヴァルスキア,spOshiSkill,EFFECT_TEXT,website/public/cards.json#/cards[id=1438]/spOshiSkill,engine.mjs#hbp09Legacy_resolveSpOshiSkill hBD24 matching-color deck search; activation cost and once-per-game gate,ALIGNED,,NO_DIRECT_TEST,Static family validation: this row color/timing matches the generic template; website/tests/simulator-engine.test.mjs covers hBD24-001; Android bundle/source path traced
hBD24-067:oshiSkill,hBD24-067,夏色まつり,oshiSkill,EFFECT_TEXT,website/public/cards.json#/cards[id=2130]/oshiSkill,engine.mjs#hbp09Legacy_resolveNormalOshiSkill hBD24 color-target +20; activation cost and once-per-turn gate,ALIGNED,,NO_DIRECT_TEST,Static family validation: this row color/timing matches the generic template; website/tests/simulator-engine.test.mjs covers hBD24-001; Android bundle/source path traced
hBD24-067:spOshiSkill,hBD24-067,夏色まつり,spOshiSkill,EFFECT_TEXT,website/public/cards.json#/cards[id=2130]/spOshiSkill,engine.mjs#hbp09Legacy_resolveSpOshiSkill hBD24 matching-color deck search; activation cost and once-per-game gate,ALIGNED,,NO_DIRECT_TEST,Static family validation: this row color/timing matches the generic template; website/tests/simulator-engine.test.mjs covers hBD24-001; Android bundle/source path traced
hBP01-001:oshiSkill,hBP01-001,天音かなた,oshiSkill,EFFECT_TEXT,website/public/cards.json#/cards[id=22;23]/oshiSkill,website/lib/simulator/oshi-skill-catalog.mjs#COST_OVERRIDES; engine.mjs#hbp09Legacy_resolveNormalOshiSkill sets opposing Center remaining HP to 50,ALIGNED,,NO_DIRECT_TEST,Catalog cost 3; shared activation enforces once per turn; target and HP adjustment statically traced
hBP01-001:spOshiSkill,hBP01-001,天音かなた,spOshiSkill,EFFECT_TEXT,website/public/cards.json#/cards[id=22;23]/spOshiSkill,website/lib/simulator/oshi-skill-catalog.mjs#COST_OVERRIDES; engine.mjs#hbp09Legacy_resolveSpOshiSkill -> oshiKanataSpBuff adds +50 Arts and +50 more for White,ALIGNED,,NO_DIRECT_TEST,Catalog cost 2; shared activation enforces once per game; current-turn modifier and White condition statically traced
hBP01-002:oshiSkill,hBP01-002,七詩ムメイ,oshiSkill,EFFECT_TEXT,website/public/cards.json#/cards[id=24;25]/oshiSkill,"website/lib/simulator/engine.mjs#prepareOshiDamageReaction -> payReactiveOshi; opponent damage to own #Promise target, -50, 2 Power once per turn",ALIGNED,,FOCUSED_PASS,"website/tests/simulator-reaction-audit.test.mjs (64/64; Arts/Special, opponent-only gate, payment and usage)"
hBP01-002:spOshiSkill,hBP01-002,七詩ムメイ,spOshiSkill,EFFECT_TEXT,website/public/cards.json#/cards[id=24;25]/spOshiSkill,"website/lib/simulator/engine.mjs#hbp09Legacy_resolveSpOshiSkill -> queueDeckToHand selects one Event including Limited, adds to hand and shuffles",ALIGNED,,NO_DIRECT_TEST,"Catalog cost 2 and once-per-game activation; card filter, quantity, destination and shuffle statically traced"
hBP01-003:oshiSkill,hBP01-003,アキ・ローゼンタール,oshiSkill,EFFECT_TEXT,website/public/cards.json#/cards[id=26;27]/oshiSkill,website/lib/simulator/engine.mjs#hbp09Legacy_resolveNormalOshiSkill -> queueDeckAttachmentToStage finds 石の斧 and requires own Green target; shuffles,ALIGNED,,NO_DIRECT_TEST,"Catalog cost 2 and once-per-turn activation; named attachment, target color and order statically traced"
hBP01-003:spOshiSkill,hBP01-003,アキ・ローゼンタール,spOshiSkill,EFFECT_TEXT,website/public/cards.json#/cards[id=26;27]/spOshiSkill,website/lib/simulator/engine.mjs#hbp09Legacy_resolveSpOshiSkill requires Green Center and heals its full remaining HP,ALIGNED,,NO_DIRECT_TEST,Catalog cost 2 and once-per-game activation; Center/color gate and full heal statically traced
hBP01-004:oshiSkill,hBP01-004,兎田ぺこら,oshiSkill,EFFECT_TEXT,website/public/cards.json#/cards[id=28;484;29]/oshiSkill,website/lib/simulator/engine.mjs#queueOshiKnockoutEffects -> oshiKnockout -> koTransferCheer; all attached Green Cheer targets other surviving own Holomen,FIXED,website/lib/simulator/engine.mjs#queueOshiKnockoutEffects; android-current/web/lib/simulator/engine.mjs#queueOshiKnockoutEffects,FOCUSED_PASS,website/tests/simulator-hbp01-pekora-down-recipient-audit.test.mjs (2/2); packaged Firebase PvP hBP01 checks in android-current/tests/hbp01-suisei-damage-release.test.mjs (6/6)
hBP01-004:spOshiSkill,hBP01-004,兎田ぺこら,spOshiSkill,EFFECT_TEXT,website/public/cards.json#/cards[id=28;484;29]/spOshiSkill,website/lib/simulator/oshi-skill-catalog.mjs#COST_OVERRIDES; engine.mjs#hbp09Legacy_resolveSpOshiSkill sets dieOverride 6 through the current turn,ALIGNED,,NO_DIRECT_TEST,Catalog cost 3 and once-per-game activation; shared dice resolver reads the expiring override
hBP01-005:oshiSkill,hBP01-005,鷹嶺ルイ,oshiSkill,EFFECT_TEXT,website/public/cards.json#/cards[id=30;31]/oshiSkill,website/lib/simulator/oshi-skill-catalog.mjs#hBP01-005; engine.mjs#canReplaceHandArchive/enqueueHolomemHandArchive/payHandArchive across red Holomem archive effects; Android packaged NativeRules,ALIGNED,,FOCUSED_PASS,"website/tests/simulator-lui-payment-audit.test.mjs (25/25, mixed/full power payment, trigger gates and red effect flows); android-current/tests/lui-payment-release.test.mjs (packaged Q34/Q35)"
hBP01-005:spOshiSkill,hBP01-005,鷹嶺ルイ,spOshiSkill,EFFECT_TEXT,website/public/cards.json#/cards[id=30;31]/spOshiSkill,website/lib/simulator/engine.mjs#resolveSpOshiSkill/hbp09Legacy_resolveSpOshiSkill -> beginTurn/movementLock; Android web/lib/simulator/engine.mjs matching branches,ALIGNED,,FOCUSED_PASS,website/tests/simulator-lui-hawkeye-audit.test.mjs (14/14); Android matching source branches statically compared
hBP01-006:oshiSkill,hBP01-006,小鳥遊キアラ,oshiSkill,EFFECT_TEXT,website/public/cards.json#/cards[id=32;33;34]/oshiSkill,website/lib/simulator/engine.mjs#hbp09Legacy_resolveNormalOshiSkill -> queueArchiveToHand selects one Holomem from own Archive,ALIGNED,,NO_DIRECT_TEST,"Catalog cost 2 and once-per-turn activation; source zone, card group and exact quantity statically traced"
hBP01-006:spOshiSkill,hBP01-006,小鳥遊キアラ,spOshiSkill,EFFECT_TEXT,website/public/cards.json#/cards[id=32;33;34]/spOshiSkill,website/lib/simulator/engine.mjs#queueOshiKnockoutEffects -> oshiKnockout; Life -1 then returns defeated Red Holomem and its stack to hand,ALIGNED,,NO_DIRECT_TEST,"Catalog cost 2 and once-per-game opponent-turn gate; color condition, Life loss and all stack IDs statically traced"
hBP01-007:oshiSkill,hBP01-007,星街すいせい,oshiSkill,EFFECT_TEXT,website/public/cards.json#/cards[id=35;1445;1446;1447;1448;36;37]/oshiSkill,"website/lib/simulator/engine.mjs#queueHbp01SuiseiAfterDamage; other opponent Back, positive Arts/Special damage from own Blue or Suisei Holomem; +50 Special",FIXED,website/lib/simulator/engine.mjs#queueHbp01SuiseiAfterDamage; android-current/web/lib/simulator/engine.mjs#queueHbp01SuiseiAfterDamage,FOCUSED_PASS,website/tests/simulator-hbp01-suisei-damage-audit.test.mjs (4/4); android-current/tests/hbp01-suisei-damage-release.test.mjs (6/6 across Offline/PvP bundles)
hBP01-007:spOshiSkill,hBP01-007,星街すいせい,spOshiSkill,EFFECT_TEXT,website/public/cards.json#/cards[id=35;1445;1446;1447;1448;36;37]/spOshiSkill,website/lib/simulator/engine.mjs#queueHbp01SuiseiAfterDamage; own Blue Holomen positive damage to opponent Center/Collab mirrors applied damage as Back Special,FIXED,website/lib/simulator/engine.mjs#queueHbp01SuiseiAfterDamage; android-current/web/lib/simulator/engine.mjs#queueHbp01SuiseiAfterDamage,FOCUSED_PASS,website/tests/simulator-hbp01-suisei-damage-audit.test.mjs (4/4); android-current/tests/hbp01-suisei-damage-release.test.mjs (6/6 across Offline/PvP bundles)
hBP01-008:oshiSkill,hBP01-008,こぼ・かなえる,oshiSkill,EFFECT_TEXT,website/public/cards.json#/cards[id=38;39]/oshiSkill,"website/lib/simulator/engine.mjs#queueHbp01Oshi008Trigger called from supported Cheer-archive-by-ability paths; own Blue source, 1 Power once per turn, 20 Special to opposing Holomem",ALIGNED,,FOCUSED_PASS,"website/tests/simulator-kobo-kanata-mumei-audit.test.mjs (covered in Oshi regression invocation, 36/36); payment, source color, use flag and opponent target traced"
hBP01-008:spOshiSkill,hBP01-008,こぼ・かなえる,spOshiSkill,EFFECT_TEXT,website/public/cards.json#/cards[id=38;39]/spOshiSkill,website/lib/simulator/engine.mjs#hbp09Legacy_resolveSpOshiSkill selects 1-5 Archive Cheer then attaches each to an own #ID Holomem,ALIGNED,,NO_DIRECT_TEST,"Catalog cost 3 and once-per-game activation; cheer-only filter, selection range and #ID recipient rule statically traced"
hBP01-009:arts.0,hBP01-009,天音かなた,arts.0,EFFECT_TEXT,website/public/cards.json#/cards[id=40;188]/arts.0,engine.mjs#attackCandidateAvailable/resolveAttack center-only effect-text gate; Android source: ../android-current/web/lib/simulator/engine.mjs matching legacy/shared path,ALIGNED,,NO_DIRECT_TEST,Static implementation trace only; no focused behavior test was run for this slot.
hBP01-009:extra,hBP01-009,天音かなた,extra,EFFECT_TEXT,website/public/cards.json#/cards[id=40;188]/extra,build-card-data.mjs#unlimited/maxCopies -> app/page.tsx#card.maxCopies; engine.mjs deck-count validation; Android source: ../android-current/web/lib/simulator/engine.mjs matching legacy/shared path,ALIGNED,,NO_DIRECT_TEST,Static trace confirms local unlimited-copy text produces maxCopies=99 and the deck editor accepts up to that catalog limit.
hBP01-010:arts.0,hBP01-010,天音かなた,arts.0,BASIC_ACTION,website/public/cards.json#/cards[id=41]/arts.0,engine.mjs#attackCandidateAvailable/resolveAttack -> catalog Arts cost/damage; Android source: ../android-current/web/lib/simulator/engine.mjs matching legacy/shared path,ALIGNED,,NO_DIRECT_TEST,Static implementation trace only; no focused behavior test was run for this slot.
hBP01-010:keyword,hBP01-010,天音かなた,keyword,EFFECT_TEXT,website/public/cards.json#/cards[id=41]/keyword,engine.mjs#queueCollabEffects -> queueSimpleTriggeredKeyword hBP01-010 -> addStageModifier; Android source: ../android-current/web/lib/simulator/engine.mjs matching legacy/shared path,ALIGNED,,NO_DIRECT_TEST,"Static trace confirms +10 Center Arts this turn, with +20 more only when that Center has #4期生."
hBP01-011:arts.0,hBP01-011,天音かなた,arts.0,BASIC_ACTION,website/public/cards.json#/cards[id=42]/arts.0,engine.mjs#attackCandidateAvailable/resolveAttack -> effectiveArtCost and catalog Arts damage; Android source: ../android-current/web/lib/simulator/engine.mjs matching legacy/shared path,ALIGNED,,NO_DIRECT_TEST,Static comparison of the blank-effect Arts row: printed cost and damage feed the shared attack resolver.
hBP01-012:arts.0,hBP01-012,天音かなた,arts.0,BASIC_ACTION,website/public/cards.json#/cards[id=43;203]/arts.0,engine.mjs#attackCandidateAvailable/resolveAttack -> catalog Arts cost/damage; Android source: ../android-current/web/lib/simulator/engine.mjs matching legacy/shared path,ALIGNED,,NO_DIRECT_TEST,Static implementation trace only; no focused behavior test was run for this slot.
hBP01-012:keyword,hBP01-012,天音かなた,keyword,EFFECT_TEXT,website/public/cards.json#/cards[id=43;203]/keyword,engine.mjs#queueBloomEffects -> hbp09Legacy_queueBloomEffects hBP01-012 -> kanataBloomRoll; Android source: ../android-current/web/lib/simulator/engine.mjs matching legacy/shared path,ALIGNED,,FOCUSED_PASS,"website/tests/simulator-kobo-kanata-mumei-audit.test.mjs; focused Website group passed 35/35. Android path statically traced, not separately executed for this slot."
hBP01-013:arts.0,hBP01-013,天音かなた,arts.0,BASIC_ACTION,website/public/cards.json#/cards[id=44;1099;1449]/arts.0,engine.mjs#attackCandidateAvailable/resolveAttack -> catalog Arts cost/damage; Android source: ../android-current/web/lib/simulator/engine.mjs matching legacy/shared path,ALIGNED,,NO_DIRECT_TEST,Static implementation trace only; no focused behavior test was run for this slot.
hBP01-013:keyword,hBP01-013,天音かなた,keyword,EFFECT_TEXT,website/public/cards.json#/cards[id=44;1099;1449]/keyword,engine.mjs#queueBloomEffects -> queueSimpleTriggeredKeyword damage parser; specialDamage loseLife suppression from text; Android source: ../android-current/web/lib/simulator/engine.mjs matching legacy/shared path,ALIGNED,,NO_DIRECT_TEST,Static implementation trace only; no focused behavior test was run for this slot.
hBP01-014:arts.0,hBP01-014,天音かなた,arts.0,EFFECT_TEXT,website/public/cards.json#/cards[id=45;46]/arts.0,engine.mjs#resolveAttack/queueArtKnockoutEffects -> hbp09Legacy_queueArtKnockoutEffects hBP01-014:0 -> queueExtraLifeLoss; Android source: ../android-current/web/lib/simulator/engine.mjs matching legacy/shared path,ALIGNED,,NO_DIRECT_TEST,Static implementation trace only; no focused behavior test was run for this slot.
hBP01-014:keyword,hBP01-014,天音かなた,keyword,EFFECT_TEXT,website/public/cards.json#/cards[id=45;46]/keyword,"engine.mjs#queueCollabEffects -> queueSimpleTriggeredKeyword specialDamage parser, opponent Center target; Android source: ../android-current/web/lib/simulator/engine.mjs matching legacy/shared path",ALIGNED,,NO_DIRECT_TEST,Static implementation trace only; no focused behavior test was run for this slot.
hBP01-015:arts.0,hBP01-015,七詩ムメイ,arts.0,EFFECT_TEXT,website/public/cards.json#/cards[id=47;176]/arts.0,engine.mjs#artConditionApplies + hbp09Legacy_resolveGenericArtEffects fixed Arts-bonus text parser; Android source: ../android-current/web/lib/simulator/engine.mjs matching legacy/shared path,ALIGNED,,FOCUSED_PASS,Direct applyAction check in this audit run: printed 10 Arts resolves for 30 after a same-turn Support; no persistent new test added.
hBP01-015:extra,hBP01-015,七詩ムメイ,extra,EFFECT_TEXT,website/public/cards.json#/cards[id=47;176]/extra,build-card-data.mjs#unlimited/maxCopies -> app/page.tsx#card.maxCopies; engine.mjs deck-count validation; Android source: ../android-current/web/lib/simulator/engine.mjs matching legacy/shared path,ALIGNED,,NO_DIRECT_TEST,Static trace confirms local unlimited-copy text produces maxCopies=99 and the deck editor accepts up to that catalog limit.
hBP01-016:arts.0,hBP01-016,七詩ムメイ,arts.0,BASIC_ACTION,website/public/cards.json#/cards[id=48]/arts.0,engine.mjs#attackCandidateAvailable/resolveAttack -> catalog Arts cost/damage; Android source: ../android-current/web/lib/simulator/engine.mjs matching legacy/shared path,ALIGNED,,NO_DIRECT_TEST,Static implementation trace only; no focused behavior test was run for this slot.
hBP01-016:keyword,hBP01-016,七詩ムメイ,keyword,EFFECT_TEXT,website/public/cards.json#/cards[id=48]/keyword,engine.mjs#queueCollabEffects -> queueSimpleTriggeredKeyword -> simpleKeywordCondition center-tag gate and draw parser; Android source: ../android-current/web/lib/simulator/engine.mjs matching legacy/shared path,ALIGNED,,NO_DIRECT_TEST,Static implementation trace only; no focused behavior test was run for this slot.
hBP01-017:arts.0,hBP01-017,七詩ムメイ,arts.0,BASIC_ACTION,website/public/cards.json#/cards[id=49]/arts.0,engine.mjs#attackCandidateAvailable/resolveAttack -> effectiveArtCost and catalog Arts damage; Android source: ../android-current/web/lib/simulator/engine.mjs matching legacy/shared path,ALIGNED,,NO_DIRECT_TEST,Static comparison of the blank-effect Arts row: printed cost and damage feed the shared attack resolver.
hBP01-017:arts.1,hBP01-017,七詩ムメイ,arts.1,BASIC_ACTION,website/public/cards.json#/cards[id=49]/arts.1,engine.mjs#attackCandidateAvailable/resolveAttack -> effectiveArtCost and catalog Arts damage; Android source: ../android-current/web/lib/simulator/engine.mjs matching legacy/shared path,ALIGNED,,NO_DIRECT_TEST,Static comparison of the blank-effect Arts row: printed cost and damage feed the shared attack resolver.
hBP01-018:arts.0,hBP01-018,七詩ムメイ,arts.0,EFFECT_TEXT,website/public/cards.json#/cards[id=50]/arts.0,engine.mjs#hbp09Legacy_resolveGenericArtEffects hBP01-018:0 -> mumeiMemoryFragment choice resolution; Android source: ../android-current/web/lib/simulator/engine.mjs matching legacy/shared path,ALIGNED,,FOCUSED_PASS,website/tests/simulator-kobo-kanata-mumei-audit.test.mjs; focused Website group passed 35/35. Android path statically traced.
hBP01-019:arts.0,hBP01-019,七詩ムメイ,arts.0,BASIC_ACTION,website/public/cards.json#/cards[id=51;204]/arts.0,engine.mjs#attackCandidateAvailable/resolveAttack -> catalog Arts cost/damage; Android source: ../android-current/web/lib/simulator/engine.mjs matching legacy/shared path,ALIGNED,,NO_DIRECT_TEST,Static implementation trace only; no focused behavior test was run for this slot.
hBP01-019:keyword,hBP01-019,七詩ムメイ,keyword,EFFECT_TEXT,website/public/cards.json#/cards[id=51;204]/keyword,engine.mjs#queueBloomEffects -> queueSimpleTriggeredKeyword -> simpleSearchRule/cardMatchesRule/deckToHandShuffle; Android source: ../android-current/web/lib/simulator/engine.mjs matching legacy/shared path,ALIGNED,,FOCUSED_PASS,website/tests/simulator-first-set-search-batch.test.mjs; focused Website group passed 35/35.
hBP01-020:arts.0,hBP01-020,七詩ムメイ,arts.0,EFFECT_TEXT,website/public/cards.json#/cards[id=52;487]/arts.0,engine.mjs#hbp09Legacy_resolveGenericArtEffects hBP01-020:0 -> count Back slots and add turn Arts modifiers to own Center/Collab; Android source: ../android-current/web/lib/simulator/engine.mjs matching legacy/shared path,ALIGNED,,NO_DIRECT_TEST,Static implementation trace only; no focused behavior test was run for this slot.
hBP01-020:keyword,hBP01-020,七詩ムメイ,keyword,EFFECT_TEXT,website/public/cards.json#/cards[id=52;487]/keyword,engine.mjs#queueCollabEffects -> queueSimpleTriggeredKeyword -> Promise-tagged deck search and shuffle; Android source: ../android-current/web/lib/simulator/engine.mjs matching legacy/shared path,ALIGNED,,FOCUSED_PASS,website/tests/simulator-first-set-search-batch.test.mjs; focused Website group passed 35/35.
hBP01-021:arts.0,hBP01-021,ときのそら,arts.0,BASIC_ACTION,website/public/cards.json#/cards[id=53;189;heb01-hBP01-021-C-1;heb01-hBP01-021-HR-2]/arts.0,engine.mjs#attackCandidateAvailable/resolveAttack -> effectiveArtCost and catalog Arts damage; Android source: ../android-current/web/lib/simulator/engine.mjs matching legacy/shared path,ALIGNED,,NO_DIRECT_TEST,Static comparison of the blank-effect Arts row: printed cost and damage feed the shared attack resolver.
hBP01-021:extra,hBP01-021,ときのそら,extra,EFFECT_TEXT,website/public/cards.json#/cards[id=53;189;heb01-hBP01-021-C-1;heb01-hBP01-021-HR-2]/extra,build-card-data.mjs#unlimited/maxCopies -> app/page.tsx#card.maxCopies; engine.mjs deck-count validation; Android source: ../android-current/web/lib/simulator/engine.mjs matching legacy/shared path,ALIGNED,,NO_DIRECT_TEST,Static trace confirms local unlimited-copy text produces maxCopies=99 and the deck editor accepts up to that catalog limit.
hBP01-022:arts.0,hBP01-022,ときのそら,arts.0,BASIC_ACTION,website/public/cards.json#/cards[id=54;205;2032]/arts.0,engine.mjs#attackCandidateAvailable/resolveAttack -> effectiveArtCost and catalog Arts damage; Android source: ../android-current/web/lib/simulator/engine.mjs matching legacy/shared path,ALIGNED,,NO_DIRECT_TEST,Static comparison of the blank-effect Arts row: printed cost and damage feed the shared attack resolver.
hBP01-022:keyword,hBP01-022,ときのそら,keyword,EFFECT_TEXT,website/public/cards.json#/cards[id=54;205;2032]/keyword,engine.mjs#queueBloomEffects -> queueSimpleTriggeredKeyword draw parser; Android source: ../android-current/web/lib/simulator/engine.mjs matching legacy/shared path,ALIGNED,,NO_DIRECT_TEST,Static implementation trace only; no focused behavior test was run for this slot.
hBP01-023:arts.0,hBP01-023,ときのそら,arts.0,EFFECT_TEXT,website/public/cards.json#/cards[id=55;56]/arts.0,engine.mjs#resolveDiceArtEffects hBP01-023:0 -> repeatArts marker; resolveAttack/artsResolution locks the same Art/target until Down; Android source: ../android-current/web/lib/simulator/engine.mjs matching legacy/shared path,ALIGNED,,FOCUSED_PASS,website/tests/effect-audit-repeat-arts-rulings.test.mjs and android-current/tests/repeat-arts-release.test.mjs; focused Website group 35/35 and packaged Android group 6/6.
hBP01-023:keyword,hBP01-023,ときのそら,keyword,EFFECT_TEXT,website/public/cards.json#/cards[id=55;56]/keyword,engine.mjs#queueCollabEffects -> queueSimpleTriggeredKeyword draw parser; Android source: ../android-current/web/lib/simulator/engine.mjs matching legacy/shared path,ALIGNED,,NO_DIRECT_TEST,Static implementation trace only; no focused behavior test was run for this slot.
hBP01-024:arts.0,hBP01-024,ベスティア・ゼータ,arts.0,BASIC_ACTION,website/public/cards.json#/cards[id=1897;57;2020;177]/arts.0,"website/lib/simulator/engine.mjs#shared catalog-driven printed Arts, unlimited-copy, or shared first-set effect path; Android source mirror checked",ALIGNED,,NO_DIRECT_TEST,
hBP01-024:extra,hBP01-024,ベスティア・ゼータ,extra,EFFECT_TEXT,website/public/cards.json#/cards[id=1897;57;2020;177]/extra,"website/lib/simulator/engine.mjs#shared catalog-driven printed Arts, unlimited-copy, or shared first-set effect path; Android source mirror checked",ALIGNED,,NO_DIRECT_TEST,
hBP01-025:arts.0,hBP01-025,ベスティア・ゼータ,arts.0,BASIC_ACTION,website/public/cards.json#/cards[id=58]/arts.0,"website/lib/simulator/engine.mjs#shared catalog-driven printed Arts, unlimited-copy, or shared first-set effect path; Android source mirror checked",ALIGNED,,NO_DIRECT_TEST,
hBP01-025:arts.1,hBP01-025,ベスティア・ゼータ,arts.1,BASIC_ACTION,website/public/cards.json#/cards[id=58]/arts.1,"website/lib/simulator/engine.mjs#shared catalog-driven printed Arts, unlimited-copy, or shared first-set effect path; Android source mirror checked",ALIGNED,,NO_DIRECT_TEST,
hBP01-026:arts.0,hBP01-026,ベスティア・ゼータ,arts.0,BASIC_ACTION,website/public/cards.json#/cards[id=59;206;heb01-hBP01-026-U-1;heb01-hBP01-026-SR-2]/arts.0,"website/lib/simulator/engine.mjs#shared catalog-driven printed Arts, unlimited-copy, or shared first-set effect path; Android source mirror checked",ALIGNED,,NO_DIRECT_TEST,
hBP01-026:keyword,hBP01-026,ベスティア・ゼータ,keyword,EFFECT_TEXT,website/public/cards.json#/cards[id=59;206;heb01-hBP01-026-U-1;heb01-hBP01-026-SR-2]/keyword,website/lib/simulator/engine.mjs#queueBloomEffects-queueCheerDeckSearch,ALIGNED,,FOCUSED_PASS,website/tests/simulator-first-set-search-batch.test.mjs
hBP01-027:arts.0,hBP01-027,ベスティア・ゼータ,arts.0,EFFECT_TEXT,website/public/cards.json#/cards[id=60;61]/arts.0,website/lib/simulator/engine.mjs#hbp09Legacy_resolveGenericArtEffects: #ID Center gate; mirrored in Android source,FIXED,website/lib/simulator/engine.mjs and ../android-current/web/lib/simulator/engine.mjs; Android NativeRules bundles regenerated,FOCUSED_PASS,website/tests/simulator-hbp01-zeta-arts-alignment.test.mjs; android-current/tests/hbp01-038-optional-roll-release.test.mjs (Offline and Firebase PvP)
hBP01-027:extra,hBP01-027,ベスティア・ゼータ,extra,EFFECT_TEXT,website/public/cards.json#/cards[id=60;61]/extra,website/lib/simulator/engine.mjs#knockOutUnit-cardIsBuzz: Buzz Down loses two Life,ALIGNED,,FOCUSED_PASS,website/tests/simulator-hbp01-extra-two-life-alignment.test.mjs
hBP01-027:keyword,hBP01-027,ベスティア・ゼータ,keyword,EFFECT_TEXT,website/public/cards.json#/cards[id=60;61]/keyword,website/lib/simulator/engine.mjs#prepareGiftDamageReaction-giftZoneApplies-firstSetGiftDamageReaction,ALIGNED,,NO_DIRECT_TEST,
hBP01-028:arts.0,hBP01-028,IRyS,arts.0,BASIC_ACTION,website/public/cards.json#/cards[id=2314;62;2444;509]/arts.0,"website/lib/simulator/engine.mjs#shared catalog-driven printed Arts, unlimited-copy, or shared first-set effect path; Android source mirror checked",ALIGNED,,NO_DIRECT_TEST,
hBP01-028:extra,hBP01-028,IRyS,extra,EFFECT_TEXT,website/public/cards.json#/cards[id=2314;62;2444;509]/extra,"website/lib/simulator/engine.mjs#shared catalog-driven printed Arts, unlimited-copy, or shared first-set effect path; Android source mirror checked",ALIGNED,,NO_DIRECT_TEST,
hBP01-029:arts.0,hBP01-029,IRyS,arts.0,BASIC_ACTION,website/public/cards.json#/cards[id=63]/arts.0,"website/lib/simulator/engine.mjs#shared catalog-driven printed Arts, unlimited-copy, or shared first-set effect path; Android source mirror checked",ALIGNED,,NO_DIRECT_TEST,
hBP01-030:arts.0,hBP01-030,IRyS,arts.0,BASIC_ACTION,website/public/cards.json#/cards[id=64;207]/arts.0,"website/lib/simulator/engine.mjs#shared catalog-driven printed Arts, unlimited-copy, or shared first-set effect path; Android source mirror checked",ALIGNED,,NO_DIRECT_TEST,
hBP01-030:keyword,hBP01-030,IRyS,keyword,EFFECT_TEXT,website/public/cards.json#/cards[id=64;207]/keyword,website/lib/simulator/engine.mjs#queueBloomEffects-genericArtsBuff-targetZonesAndTags,ALIGNED,,NO_DIRECT_TEST,
hBP01-031:arts.0,hBP01-031,IRyS,arts.0,EFFECT_TEXT,website/public/cards.json#/cards[id=65;488;heb01-hBP01-031-R-1;heb01-hBP01-031-SR-2]/arts.0,website/lib/simulator/engine.mjs#hbp09Legacy_resolveGenericArtEffects-perTaggedUnit; catalog specialTargets red +50,ALIGNED,,NO_DIRECT_TEST,
hBP01-031:keyword,hBP01-031,IRyS,keyword,EFFECT_TEXT,website/public/cards.json#/cards[id=65;488;heb01-hBP01-031-R-1;heb01-hBP01-031-SR-2]/keyword,website/lib/simulator/engine.mjs#queueCollabKeywordEffects-powerToHandThenDeckTop,ALIGNED,,NO_DIRECT_TEST,
hBP01-032:arts.0,hBP01-032,アキ・ローゼンタール,arts.0,BASIC_ACTION,website/public/cards.json#/cards[id=1254;66;1370;178]/arts.0,"website/lib/simulator/engine.mjs#shared catalog-driven printed Arts, unlimited-copy, or shared first-set effect path; Android source mirror checked",ALIGNED,,NO_DIRECT_TEST,
hBP01-032:extra,hBP01-032,アキ・ローゼンタール,extra,EFFECT_TEXT,website/public/cards.json#/cards[id=1254;66;1370;178]/extra,"website/lib/simulator/engine.mjs#shared catalog-driven printed Arts, unlimited-copy, or shared first-set effect path; Android source mirror checked",ALIGNED,,NO_DIRECT_TEST,
hBP01-033:arts.0,hBP01-033,アキ・ローゼンタール,arts.0,BASIC_ACTION,website/public/cards.json#/cards[id=67]/arts.0,"website/lib/simulator/engine.mjs#shared catalog-driven printed Arts, unlimited-copy, or shared first-set effect path; Android source mirror checked",ALIGNED,,NO_DIRECT_TEST,
hBP01-033:keyword,hBP01-033,アキ・ローゼンタール,keyword,EFFECT_TEXT,website/public/cards.json#/cards[id=67]/keyword,website/lib/simulator/engine.mjs#queueCollabKeywordEffects-firstSetCollabRoll,ALIGNED,,FOCUSED_PASS,website/tests/simulator-first-set-collab-batch.test.mjs
hBP01-034:arts.0,hBP01-034,アキ・ローゼンタール,arts.0,BASIC_ACTION,website/public/cards.json#/cards[id=68;2153]/arts.0,"website/lib/simulator/engine.mjs#shared catalog-driven printed Arts, unlimited-copy, or shared first-set effect path; Android source mirror checked",ALIGNED,,NO_DIRECT_TEST,
hBP01-034:arts.1,hBP01-034,アキ・ローゼンタール,arts.1,BASIC_ACTION,website/public/cards.json#/cards[id=68;2153]/arts.1,"website/lib/simulator/engine.mjs#shared catalog-driven printed Arts, unlimited-copy, or shared first-set effect path; Android source mirror checked",ALIGNED,,NO_DIRECT_TEST,
hBP01-035:arts.0,hBP01-035,アキ・ローゼンタール,arts.0,EFFECT_TEXT,website/public/cards.json#/cards[id=69;1402]/arts.0,website/lib/simulator/engine.mjs#hbp09Legacy_resolveGenericArtEffects-hBP01-035-tool-check,ALIGNED,,FOCUSED_PASS,website/tests/simulator-first-set-collab-batch.test.mjs
hBP01-035:keyword,hBP01-035,アキ・ローゼンタール,keyword,EFFECT_TEXT,website/public/cards.json#/cards[id=69;1402]/keyword,website/lib/simulator/engine.mjs#queueArchiveSupportAttachment-genericArchiveSupportPick,ALIGNED,,NO_DIRECT_TEST,
hBP01-036:arts.0,hBP01-036,アキ・ローゼンタール,arts.0,BASIC_ACTION,website/public/cards.json#/cards[id=70;208]/arts.0,"website/lib/simulator/engine.mjs#shared catalog-driven printed Arts, unlimited-copy, or shared first-set effect path; Android source mirror checked",ALIGNED,,NO_DIRECT_TEST,
hBP01-036:keyword,hBP01-036,アキ・ローゼンタール,keyword,EFFECT_TEXT,website/public/cards.json#/cards[id=70;208]/keyword,website/lib/simulator/engine.mjs#queueCollabKeywordEffects-hBP01-036-heal,ALIGNED,,FOCUSED_PASS,website/tests/simulator-first-set-collab-batch.test.mjs
hBP01-037:arts.0,hBP01-037,アキ・ローゼンタール,arts.0,EFFECT_TEXT,website/public/cards.json#/cards[id=71;489]/arts.0,website/lib/simulator/engine.mjs#catalog-specialTargets-white-plus-genericToolGate,ALIGNED,,NO_DIRECT_TEST,
hBP01-037:keyword,hBP01-037,アキ・ローゼンタール,keyword,EFFECT_TEXT,website/public/cards.json#/cards[id=71;489]/keyword,website/lib/simulator/engine.mjs#queueBloomEffects-eventCheerTarget-healSource,ALIGNED,,NO_DIRECT_TEST,
hBP01-038:arts.0,hBP01-038,兎田ぺこら,arts.0,EFFECT_TEXT,website/public/cards.json#/cards[id=1255;72;191]/arts.0,website/lib/simulator/engine.mjs#resolveDiceArtEffects-firstSetArtsRoll-even-face,FIXED,website/lib/simulator/engine.mjs and ../android-current/web/lib/simulator/engine.mjs; Android NativeRules bundles regenerated,FOCUSED_PASS,website/tests/simulator-first-set-arts-dice-batch.test.mjs; android-current/tests/hbp01-038-optional-roll-release.test.mjs (Offline and Firebase PvP)
hBP01-038:extra,hBP01-038,兎田ぺこら,extra,EFFECT_TEXT,website/public/cards.json#/cards[id=1255;72;191]/extra,"website/lib/simulator/engine.mjs#shared catalog-driven printed Arts, unlimited-copy, or shared first-set effect path; Android source mirror checked",ALIGNED,,NO_DIRECT_TEST,
hBP01-039:arts.0,hBP01-039,兎田ぺこら,arts.0,BASIC_ACTION,website/public/cards.json#/cards[id=73;1720;heb01-hBP01-039-U-1;heb01-hBP01-039-SR-2]/arts.0,"website/lib/simulator/engine.mjs#shared catalog-driven printed Arts, unlimited-copy, or shared first-set effect path; Android source mirror checked",ALIGNED,,NO_DIRECT_TEST,
hBP01-039:keyword,hBP01-039,兎田ぺこら,keyword,EFFECT_TEXT,website/public/cards.json#/cards[id=73;1720;heb01-hBP01-039-U-1;heb01-hBP01-039-SR-2]/keyword,website/lib/simulator/engine.mjs#queueCollabKeywordEffects-firstSetCollabRoll-PekoraOshiGate,ALIGNED,,FOCUSED_PASS,website/tests/simulator-first-set-collab-batch.test.mjs
hBP01-040:arts.0,hBP01-040,兎田ぺこら,arts.0,BASIC_ACTION,website/public/cards.json#/cards[id=74;2154]/arts.0,"website/lib/simulator/engine.mjs#shared catalog-driven printed Arts, unlimited-copy, or shared first-set effect path; Android source mirror checked",ALIGNED,,NO_DIRECT_TEST,
hBP01-041:arts.0,hBP01-041,兎田ぺこら,arts.0,BASIC_ACTION,website/public/cards.json#/cards[id=75;1702;209;heb01-hBP01-041-U-1;heb01-hBP01-041-SR-2]/arts.0,"website/lib/simulator/engine.mjs#shared catalog-driven printed Arts, unlimited-copy, or shared first-set effect path; Android source mirror checked",ALIGNED,,NO_DIRECT_TEST,
hBP01-041:keyword,hBP01-041,兎田ぺこら,keyword,EFFECT_TEXT,website/public/cards.json#/cards[id=75;1702;209;heb01-hBP01-041-U-1;heb01-hBP01-041-SR-2]/keyword,website/lib/simulator/engine.mjs#queueBloomEffects-eventCheerTarget-center-collab,ALIGNED,,FOCUSED_PASS,website/tests/simulator-first-set-target-batch.test.mjs
hBP01-042:arts.0,hBP01-042,兎田ぺこら,arts.0,BASIC_ACTION,website/public/cards.json#/cards[id=76;1443]/arts.0,"website/lib/simulator/engine.mjs#shared catalog-driven printed Arts, unlimited-copy, or shared first-set effect path; Android source mirror checked",ALIGNED,,NO_DIRECT_TEST,
hBP01-042:arts.1,hBP01-042,兎田ぺこら,arts.1,EFFECT_TEXT,website/public/cards.json#/cards[id=76;1443]/arts.1,website/lib/simulator/engine.mjs#resolveDiceArtEffects-firstSetArtsRoll-oneDieTimesTen,ALIGNED,,FOCUSED_PASS,website/tests/simulator-first-set-arts-dice-batch.test.mjs
hBP01-043:arts.0,hBP01-043,兎田ぺこら,arts.0,EFFECT_TEXT,website/public/cards.json#/cards[id=77;78]/arts.0,website/lib/simulator/engine.mjs#resolveDiceArtEffects-firstSetArtsRoll-threeDiceCountOnes,ALIGNED,,FOCUSED_PASS,website/tests/simulator-first-set-arts-dice-batch.test.mjs; website/tests/simulator-dice-reactions-batch428.test.mjs
hBP01-043:keyword,hBP01-043,兎田ぺこら,keyword,EFFECT_TEXT,website/public/cards.json#/cards[id=77;78]/keyword,"website/lib/simulator/engine.mjs#shared catalog-driven printed Arts, unlimited-copy, or shared first-set effect path; Android source mirror checked",ALIGNED,,NO_DIRECT_TEST,
hBP01-044:arts.0,hBP01-044,AZKi,arts.0,BASIC_ACTION,website/public/cards.json#/cards[id=1898;79;2021;190;1439]/arts.0,website/lib/simulator/engine.mjs#printedArts; deck-copy rules use catalog unlimited/maxCopies; Android catalog/deck rule checked,ALIGNED,,NO_DIRECT_TEST,
hBP01-044:extra,hBP01-044,AZKi,extra,EFFECT_TEXT,website/public/cards.json#/cards[id=1898;79;2021;190;1439]/extra,website/lib/simulator/engine.mjs#cardIsUnlimitedDebut; deck-copy rules use catalog unlimited/maxCopies; Android source checked,ALIGNED,,NO_DIRECT_TEST,
hBP01-045:arts.0,hBP01-045,AZKi,arts.0,BASIC_ACTION,website/public/cards.json#/cards[id=80]/arts.0,website/lib/simulator/engine.mjs#printedArts,ALIGNED,,NO_DIRECT_TEST,
hBP01-045:keyword,hBP01-045,AZKi,keyword,EFFECT_TEXT,website/public/cards.json#/cards[id=80]/keyword,website/lib/simulator/engine.mjs#hbp09Legacy_queueBloomEffects-AZKi-bonusBloom gate and legal Bloom targets,ALIGNED,,NO_DIRECT_TEST,
hBP01-046:arts.0,hBP01-046,AZKi,arts.0,BASIC_ACTION,website/public/cards.json#/cards[id=81;210]/arts.0,website/lib/simulator/engine.mjs#printedArts,ALIGNED,,NO_DIRECT_TEST,
hBP01-046:keyword,hBP01-046,AZKi,keyword,EFFECT_TEXT,website/public/cards.json#/cards[id=81;210]/keyword,website/lib/simulator/engine.mjs#queueGenericStageCheerMove-genericMoveCheer; Android source/package tested,ALIGNED,,FOCUSED_PASS,website/tests/simulator-hbp01-055-archive-cheer-alignment.test.mjs; android-current/tests/hbp01-044-063-alignment-release.test.mjs (Offline and PvP)
hBP01-047:arts.0,hBP01-047,AZKi,arts.0,BASIC_ACTION,website/public/cards.json#/cards[id=82;83]/arts.0,website/lib/simulator/engine.mjs#printedArts,ALIGNED,,NO_DIRECT_TEST,
hBP01-047:keyword,hBP01-047,AZKi,keyword,EFFECT_TEXT,website/public/cards.json#/cards[id=82;83]/keyword,website/lib/simulator/engine.mjs#hbp09Legacy_queueBloomEffects-AZKi-heal-optional-die-green-archive-Cheer,ALIGNED,,FOCUSED_PASS,website/tests/simulator-azki-iofi-batch.test.mjs
hBP01-048:arts.0,hBP01-048,風真いろは,arts.0,BASIC_ACTION,website/public/cards.json#/cards[id=1583;533;84;1707;179]/arts.0,website/lib/simulator/engine.mjs#printedArts,ALIGNED,,NO_DIRECT_TEST,
hBP01-048:extra,hBP01-048,風真いろは,extra,EFFECT_TEXT,website/public/cards.json#/cards[id=1583;533;84;1707;179]/extra,website/lib/simulator/engine.mjs#cardIsUnlimitedDebut; deck-copy rules use catalog unlimited/maxCopies; Android source checked,ALIGNED,,NO_DIRECT_TEST,
hBP01-049:arts.0,hBP01-049,風真いろは,arts.0,BASIC_ACTION,website/public/cards.json#/cards[id=85]/arts.0,website/lib/simulator/engine.mjs#printedArts,ALIGNED,,NO_DIRECT_TEST,
hBP01-049:arts.1,hBP01-049,風真いろは,arts.1,BASIC_ACTION,website/public/cards.json#/cards[id=85]/arts.1,website/lib/simulator/engine.mjs#printedArts,ALIGNED,,NO_DIRECT_TEST,
hBP01-050:arts.0,hBP01-050,風真いろは,arts.0,EFFECT_TEXT,website/public/cards.json#/cards[id=538;86;211;1733;heb01-hBP01-050-U-1;heb01-hBP01-050-SR-2]/arts.0,website/lib/simulator/engine.mjs#queueBloomEffects-eventCheerTarget-holoX-excluding-Iroha,ALIGNED,,FOCUSED_PASS,website/tests/simulator-first-set-target-batch.test.mjs
hBP01-050:keyword,hBP01-050,風真いろは,keyword,EFFECT_TEXT,website/public/cards.json#/cards[id=538;86;211;1733;heb01-hBP01-050-U-1;heb01-hBP01-050-SR-2]/keyword,website/lib/simulator/engine.mjs#defenderForcesCollabTarget-specialDamage-exemption,ALIGNED,,NO_DIRECT_TEST,
hBP01-051:arts.0,hBP01-051,風真いろは,arts.0,EFFECT_TEXT,website/public/cards.json#/cards[id=87;88;heb01-hBP01-051-RR-1;heb01-hBP01-051-SR-2;heb01-hBP01-051-UR-3]/arts.0,website/lib/simulator/engine.mjs#resolveGenericArtEffects-collab-zone-and-count-capped-at-five-attached-Cheer,ALIGNED,,NO_DIRECT_TEST,
hBP01-051:arts.1,hBP01-051,風真いろは,arts.1,BASIC_ACTION,website/public/cards.json#/cards[id=87;88;heb01-hBP01-051-RR-1;heb01-hBP01-051-SR-2;heb01-hBP01-051-UR-3]/arts.1,website/lib/simulator/engine.mjs#printedArts,ALIGNED,,NO_DIRECT_TEST,
hBP01-051:extra,hBP01-051,風真いろは,extra,EFFECT_TEXT,website/public/cards.json#/cards[id=87;88;heb01-hBP01-051-RR-1;heb01-hBP01-051-SR-2;heb01-hBP01-051-UR-3]/extra,website/lib/simulator/engine.mjs#cardIsBuzz-finishKnockoutLife-two-Life,ALIGNED,,NO_DIRECT_TEST,
hBP01-052:arts.0,hBP01-052,アイラニ・イオフィフティーン,arts.0,EFFECT_TEXT,website/public/cards.json#/cards[id=1256;89;510]/arts.0,website/lib/simulator/engine.mjs#resolveGenericArtEffects-genericMoveCheer-ID-target-rule; Android source/package tested,ALIGNED,,FOCUSED_PASS,website/tests/simulator-hbp01-iofi-arts-alignment.test.mjs; android-current/tests/hbp01-044-063-alignment-release.test.mjs (Offline and PvP)
hBP01-052:extra,hBP01-052,アイラニ・イオフィフティーン,extra,EFFECT_TEXT,website/public/cards.json#/cards[id=1256;89;510]/extra,website/lib/simulator/engine.mjs#cardIsUnlimitedDebut; deck-copy rules use catalog unlimited/maxCopies; Android source checked,ALIGNED,,NO_DIRECT_TEST,
hBP01-053:arts.0,hBP01-053,アイラニ・イオフィフティーン,arts.0,BASIC_ACTION,website/public/cards.json#/cards[id=90]/arts.0,website/lib/simulator/engine.mjs#printedArts,ALIGNED,,NO_DIRECT_TEST,
hBP01-054:arts.0,hBP01-054,アイラニ・イオフィフティーン,arts.0,BASIC_ACTION,website/public/cards.json#/cards[id=91;212;heb01-hBP01-054-U-1;heb01-hBP01-054-SR-2]/arts.0,website/lib/simulator/engine.mjs#printedArts,ALIGNED,,NO_DIRECT_TEST,
hBP01-054:keyword,hBP01-054,アイラニ・イオフィフティーン,keyword,EFFECT_TEXT,website/public/cards.json#/cards[id=91;212;heb01-hBP01-054-U-1;heb01-hBP01-054-SR-2]/keyword,website/lib/simulator/engine.mjs#queueBloomEffects-eventCheerTarget-ID-excluding-Iofi,ALIGNED,,FOCUSED_PASS,website/tests/simulator-first-set-target-batch.test.mjs
hBP01-055:arts.0,hBP01-055,アイラニ・イオフィフティーン,arts.0,EFFECT_TEXT,website/public/cards.json#/cards[id=92;490;heb01-hBP01-055-R-1;heb01-hBP01-055-SR-2]/arts.0,website/lib/simulator/engine.mjs#artConditionApplies-hBP01-055-ID-companion-gate,ALIGNED,,FOCUSED_PASS,website/tests/simulator-azki-iofi-batch.test.mjs
hBP01-055:keyword,hBP01-055,アイラニ・イオフィフティーン,keyword,EFFECT_TEXT,website/public/cards.json#/cards[id=92;490;heb01-hBP01-055-R-1;heb01-hBP01-055-SR-2]/keyword,website/lib/simulator/engine.mjs#queueSimpleTriggeredKeyword-archive-Cheer-regex-order-and-distinct-ID-targets; mirrored Android source and packaged Offline/PvP,FIXED,website/lib/simulator/engine.mjs and ../android-current/web/lib/simulator/engine.mjs; Offline and Firebase PvP NativeRules rebuilt,FOCUSED_PASS,website/tests/simulator-hbp01-055-archive-cheer-alignment.test.mjs; android-current/tests/hbp01-044-063-alignment-release.test.mjs (Offline and PvP)
hBP01-056:arts.0,hBP01-056,鷹嶺ルイ,arts.0,BASIC_ACTION,website/public/cards.json#/cards[id=2317;93;2446;192]/arts.0,website/lib/simulator/engine.mjs#printedArts,ALIGNED,,NO_DIRECT_TEST,
hBP01-056:extra,hBP01-056,鷹嶺ルイ,extra,EFFECT_TEXT,website/public/cards.json#/cards[id=2317;93;2446;192]/extra,website/lib/simulator/engine.mjs#cardIsUnlimitedDebut; deck-copy rules use catalog unlimited/maxCopies; Android source checked,ALIGNED,,NO_DIRECT_TEST,
hBP01-057:arts.0,hBP01-057,鷹嶺ルイ,arts.0,EFFECT_TEXT,website/public/cards.json#/cards[id=94]/arts.0,website/lib/simulator/engine.mjs#resolveGenericArtEffects-hBP01-057-special-damage-Collab; Android package tested,ALIGNED,,FOCUSED_PASS,website/tests/simulator-hbp01-iofi-arts-alignment.test.mjs; android-current/tests/hbp01-044-063-alignment-release.test.mjs (Offline and PvP)
hBP01-057:keyword,hBP01-057,鷹嶺ルイ,keyword,EFFECT_TEXT,website/public/cards.json#/cards[id=94]/keyword,website/lib/simulator/engine.mjs#queueSimpleTriggeredKeyword-specialDamage-target-collab; Android package tested,ALIGNED,,FOCUSED_PASS,website/tests/simulator-hbp01-iofi-arts-alignment.test.mjs; android-current/tests/hbp01-044-063-alignment-release.test.mjs (Offline and PvP)
hBP01-058:arts.0,hBP01-058,鷹嶺ルイ,arts.0,BASIC_ACTION,website/public/cards.json#/cards[id=95;2155]/arts.0,website/lib/simulator/engine.mjs#printedArts,ALIGNED,,NO_DIRECT_TEST,
hBP01-058:arts.1,hBP01-058,鷹嶺ルイ,arts.1,BASIC_ACTION,website/public/cards.json#/cards[id=95;2155]/arts.1,website/lib/simulator/engine.mjs#printedArts,ALIGNED,,NO_DIRECT_TEST,
hBP01-059:arts.0,hBP01-059,鷹嶺ルイ,arts.0,BASIC_ACTION,website/public/cards.json#/cards[id=96]/arts.0,website/lib/simulator/engine.mjs#printedArts,ALIGNED,,NO_DIRECT_TEST,
hBP01-059:arts.1,hBP01-059,鷹嶺ルイ,arts.1,EFFECT_TEXT,website/public/cards.json#/cards[id=96]/arts.1,website/lib/simulator/engine.mjs#queueGenericArtCostEffects-paid-nonBuzz-1st-search,ALIGNED,,FOCUSED_PASS,website/tests/simulator-first-paid-search-batch.test.mjs
hBP01-060:arts.0,hBP01-060,鷹嶺ルイ,arts.0,BASIC_ACTION,website/public/cards.json#/cards[id=97;213;heb01-hBP01-060-U-1;heb01-hBP01-060-SR-2]/arts.0,website/lib/simulator/engine.mjs#printedArts,ALIGNED,,NO_DIRECT_TEST,
hBP01-060:keyword,hBP01-060,鷹嶺ルイ,keyword,EFFECT_TEXT,website/public/cards.json#/cards[id=97;213;heb01-hBP01-060-U-1;heb01-hBP01-060-SR-2]/keyword,website/lib/simulator/engine.mjs#queueGenericKeywordCostEffects-hand-archive-then-draw-two-on-Debut-Bloom,ALIGNED,,FOCUSED_PASS,website/tests/simulator-lui-payment-audit.test.mjs
hBP01-061:arts.0,hBP01-061,鷹嶺ルイ,arts.0,EFFECT_TEXT,website/public/cards.json#/cards[id=98;491;heb01-hBP01-061-R-1;heb01-hBP01-061-SR-2]/arts.0,website/lib/simulator/engine.mjs#queueGenericArtCostEffects-paid-hand-archive-per-card-special-damage-target,ALIGNED,,FOCUSED_PASS,website/tests/simulator-lui-paid-target-audit.test.mjs
hBP01-061:keyword,hBP01-061,鷹嶺ルイ,keyword,EFFECT_TEXT,website/public/cards.json#/cards[id=98;491;heb01-hBP01-061-R-1;heb01-hBP01-061-SR-2]/keyword,website/lib/simulator/engine.mjs#queueCollabKeywordEffects-archive-holoX-return-to-hand,ALIGNED,,NO_DIRECT_TEST,
hBP01-062:arts.0,hBP01-062,小鳥遊キアラ,arts.0,EFFECT_TEXT,website/public/cards.json#/cards[id=2318;99;193]/arts.0,website/lib/simulator/engine.mjs#queueGenericArtCostEffects-optional-hand-archive-conditional-plus-20,ALIGNED,,FOCUSED_PASS,website/tests/simulator-hbp01-iofi-arts-alignment.test.mjs; website/tests/simulator-lui-payment-audit.test.mjs
hBP01-062:extra,hBP01-062,小鳥遊キアラ,extra,EFFECT_TEXT,website/public/cards.json#/cards[id=2318;99;193]/extra,website/lib/simulator/engine.mjs#cardIsUnlimitedDebut; deck-copy rules use catalog unlimited/maxCopies; Android source checked,ALIGNED,,NO_DIRECT_TEST,
hBP01-063:arts.0,hBP01-063,小鳥遊キアラ,arts.0,BASIC_ACTION,website/public/cards.json#/cards[id=100]/arts.0,website/lib/simulator/engine.mjs#printedArts,ALIGNED,,NO_DIRECT_TEST,
hBP01-063:keyword,hBP01-063,小鳥遊キアラ,keyword,EFFECT_TEXT,website/public/cards.json#/cards[id=100]/keyword,website/lib/simulator/engine.mjs#queueGenericKeywordCostEffects-hand-archive-Mascot-search-and-shuffle,ALIGNED,,FOCUSED_PASS,website/tests/simulator-first-paid-search-batch.test.mjs
hBP01-064:arts.0,hBP01-064,小鳥遊キアラ,arts.0,BASIC_ACTION,website/public/cards.json#/cards[id=101]/arts.0,engine.mjs#shared printed Arts cost and damage resolution,ALIGNED,,NO_DIRECT_TEST,
hBP01-065:arts.0,hBP01-065,小鳥遊キアラ,arts.0,BASIC_ACTION,website/public/cards.json#/cards[id=102;214;heb01-hBP01-065-U-1;heb01-hBP01-065-SR-2]/arts.0,engine.mjs#shared printed Arts cost and damage resolution,ALIGNED,,NO_DIRECT_TEST,
hBP01-065:keyword,hBP01-065,小鳥遊キアラ,keyword,EFFECT_TEXT,website/public/cards.json#/cards[id=102;214;heb01-hBP01-065-U-1;heb01-hBP01-065-SR-2]/keyword,engine.mjs#queueSimpleTriggeredKeyword -> queueGenericTopLook top three Holomen selection and remainder Archive,ALIGNED,,FOCUSED_PASS,website/tests/simulator-kiara-top-three-audit.test.mjs 6/6
hBP01-066:arts.0,hBP01-066,小鳥遊キアラ,arts.0,BASIC_ACTION,website/public/cards.json#/cards[id=103;1450]/arts.0,engine.mjs#shared printed Arts cost and damage resolution,ALIGNED,,NO_DIRECT_TEST,
hBP01-066:arts.1,hBP01-066,小鳥遊キアラ,arts.1,EFFECT_TEXT,website/public/cards.json#/cards[id=103;1450]/arts.1,engine.mjs#generic Arts under-card archive cost and special damage to opponent Collab,ALIGNED,,FOCUSED_PASS,website/tests/simulator-audit-regression.test.mjs Q38 case passed
hBP01-067:arts.0,hBP01-067,小鳥遊キアラ,arts.0,BASIC_ACTION,website/public/cards.json#/cards[id=104;105;heb01-hBP01-067-RR-1;heb01-hBP01-067-SR-2;heb01-hBP01-067-UR-3]/arts.0,engine.mjs#shared printed Arts cost and damage resolution,ALIGNED,,NO_DIRECT_TEST,
hBP01-067:arts.1,hBP01-067,小鳥遊キアラ,arts.1,EFFECT_TEXT,website/public/cards.json#/cards[id=104;105;heb01-hBP01-067-RR-1;heb01-hBP01-067-SR-2;heb01-hBP01-067-UR-3]/arts.1,engine.mjs#resolveGenericArtEffects hBP01-067:1 counts archived Holomen before return; kiaraArchiveReturnSix shuffles returns,ALIGNED,,FOCUSED_PASS,website/tests/simulator-kiara-return-six-audit.test.mjs 6/6
hBP01-068:arts.0,hBP01-068,尾丸ポルカ,arts.0,BASIC_ACTION,website/public/cards.json#/cards[id=1257;106;1371;180]/arts.0,engine.mjs#shared printed Arts cost and damage resolution,ALIGNED,,NO_DIRECT_TEST,
hBP01-068:extra,hBP01-068,尾丸ポルカ,extra,EFFECT_TEXT,website/public/cards.json#/cards[id=1257;106;1371;180]/extra,engine.mjs#cardIsUnlimitedDebut and catalog deck-copy enforcement,ALIGNED,,NO_DIRECT_TEST,
hBP01-069:arts.0,hBP01-069,尾丸ポルカ,arts.0,BASIC_ACTION,website/public/cards.json#/cards[id=107;2156]/arts.0,engine.mjs#shared printed Arts cost and damage resolution,ALIGNED,,NO_DIRECT_TEST,
hBP01-069:arts.1,hBP01-069,尾丸ポルカ,arts.1,BASIC_ACTION,website/public/cards.json#/cards[id=107;2156]/arts.1,engine.mjs#shared printed Arts cost and damage resolution,ALIGNED,,NO_DIRECT_TEST,
hBP01-070:arts.0,hBP01-070,尾丸ポルカ,arts.0,EFFECT_TEXT,website/public/cards.json#/cards[id=108;215;1440;heb01-hBP01-070-U-1;heb01-hBP01-070-SR-2]/arts.0,engine.mjs#executeAttack hBP01-070:0 rejects an attacker with attached 座員,ALIGNED,,FOCUSED_PASS,website/tests/simulator-audit-regression.test.mjs hBP01-070 condition 1/1
hBP01-070:keyword,hBP01-070,尾丸ポルカ,keyword,EFFECT_TEXT,website/public/cards.json#/cards[id=108;215;1440;heb01-hBP01-070-U-1;heb01-hBP01-070-SR-2]/keyword,engine.mjs#queueSimpleTriggeredKeyword generic Fan-only top-deck search and shuffle,ALIGNED,,FOCUSED_PASS,website/tests/simulator-polka-search-audit.test.mjs 2/2
hBP01-071:arts.0,hBP01-071,尾丸ポルカ,arts.0,EFFECT_TEXT,website/public/cards.json#/cards[id=109;110]/arts.0,engine.mjs#resolveGenericArtEffects hBP01-071:0 counts supportFan attachments across own Stage,ALIGNED,,FOCUSED_PASS,website/tests/simulator-hbp01-polka-seats-alignment.test.mjs Arts count assertion 1/1
hBP01-071:extra,hBP01-071,尾丸ポルカ,extra,EFFECT_TEXT,website/public/cards.json#/cards[id=109;110]/extra,engine.mjs#cardIsBuzz and shared finishKnockoutLife two-Life loss,ALIGNED,,NO_DIRECT_TEST,
hBP01-071:keyword,hBP01-071,尾丸ポルカ,keyword,EFFECT_TEXT,website/public/cards.json#/cards[id=109;110]/keyword,engine.mjs#hbp09Legacy_queueBloomEffects filters Archive to supportFan named 座員,FIXED,website/lib/simulator/engine.mjs#hBP01-071; android-current/web/lib/simulator/engine.mjs#hBP01-071,FOCUSED_PASS,website/tests/simulator-hbp01-polka-seats-alignment.test.mjs keyword 2/2; android-current/tests/hbp01-071-release.test.mjs packaged Offline/PvP keyword cases 4/4
hBP01-072:arts.0,hBP01-072,ハコス・ベールズ,arts.0,EFFECT_TEXT,website/public/cards.json#/cards[id=1586;111;181;hbp09-hBP01-072_C_02;hbp09-hBP01-072_HR]/arts.0,engine.mjs#resolveGenericArtEffects hBP01-072:0 red Cheer gate; firstSetArtsRoll odd die special damage to opponent Collab,ALIGNED,,FOCUSED_PASS,website/tests/simulator-first-set-arts-dice-batch.test.mjs hBP01-072 cases 8/8
hBP01-072:extra,hBP01-072,ハコス・ベールズ,extra,EFFECT_TEXT,website/public/cards.json#/cards[id=1586;111;181;hbp09-hBP01-072_C_02;hbp09-hBP01-072_HR]/extra,engine.mjs#cardIsUnlimitedDebut and catalog deck-copy enforcement,ALIGNED,,NO_DIRECT_TEST,
hBP01-073:arts.0,hBP01-073,ハコス・ベールズ,arts.0,BASIC_ACTION,website/public/cards.json#/cards[id=112]/arts.0,engine.mjs#shared printed Arts cost and damage resolution,ALIGNED,,NO_DIRECT_TEST,
hBP01-074:arts.0,hBP01-074,ハコス・ベールズ,arts.0,BASIC_ACTION,website/public/cards.json#/cards[id=113;216;heb01-hBP01-074-U-1;heb01-hBP01-074-SR-2]/arts.0,engine.mjs#shared printed Arts cost and damage resolution,ALIGNED,,NO_DIRECT_TEST,
hBP01-074:keyword,hBP01-074,ハコス・ベールズ,keyword,EFFECT_TEXT,website/public/cards.json#/cards[id=113;216;heb01-hBP01-074-U-1;heb01-hBP01-074-SR-2]/keyword,engine.mjs#hbp09Legacy_queueBloomEffects hBP01-074 archive stage filter; archiveReturnConditionalDamage returns one card and conditionally queues 20 special damage,ALIGNED,,NO_DIRECT_TEST,
hBP01-075:arts.0,hBP01-075,ハコス・ベールズ,arts.0,BASIC_ACTION,website/public/cards.json#/cards[id=114;492]/arts.0,engine.mjs#shared printed Arts cost and damage resolution,ALIGNED,,NO_DIRECT_TEST,
hBP01-075:keyword,hBP01-075,ハコス・ベールズ,keyword,EFFECT_TEXT,website/public/cards.json#/cards[id=114;492]/keyword,engine.mjs#hbp09Legacy_queueCollabEffects hBP01-075 snapshots both hands; chaosShuffleBottom orders all cards to deck bottoms before drawing original hand counts,ALIGNED,,NO_DIRECT_TEST,
hBP01-076:arts.0,hBP01-076,星街すいせい,arts.0,EFFECT_TEXT,website/public/cards.json#/cards[id=1258;115;1372;182;198]/arts.0,engine.mjs#queueSimpleTriggeredKeyword hBP01-076 targets opponent Back for 10 special damage with loseLife false,ALIGNED,,FOCUSED_PASS,website/tests/simulator-first-set-target-batch.test.mjs hBP01-076 case passed
hBP01-076:extra,hBP01-076,星街すいせい,extra,EFFECT_TEXT,website/public/cards.json#/cards[id=1258;115;1372;182;198]/extra,engine.mjs#cardIsUnlimitedDebut and catalog deck-copy enforcement,ALIGNED,,NO_DIRECT_TEST,
hBP01-077:arts.0,hBP01-077,星街すいせい,arts.0,BASIC_ACTION,website/public/cards.json#/cards[id=116;486]/arts.0,engine.mjs#shared printed Arts cost and damage resolution,ALIGNED,,NO_DIRECT_TEST,
hBP01-077:keyword,hBP01-077,星街すいせい,keyword,EFFECT_TEXT,website/public/cards.json#/cards[id=116;486]/keyword,engine.mjs#simpleKeywordCondition checks Suisei Oshi; queueGenericKeywordCostEffects pays one source Blue Cheer; generic remainder draws two,ALIGNED,,NO_DIRECT_TEST,
hBP01-078:arts.0,hBP01-078,星街すいせい,arts.0,BASIC_ACTION,website/public/cards.json#/cards[id=117;2157]/arts.0,engine.mjs#shared printed Arts cost and damage resolution,ALIGNED,,NO_DIRECT_TEST,
hBP01-078:arts.1,hBP01-078,星街すいせい,arts.1,BASIC_ACTION,website/public/cards.json#/cards[id=117;2157]/arts.1,engine.mjs#shared printed Arts cost and damage resolution,ALIGNED,,NO_DIRECT_TEST,
hBP01-079:arts.0,hBP01-079,星街すいせい,arts.0,BASIC_ACTION,website/public/cards.json#/cards[id=118;217]/arts.0,engine.mjs#shared printed Arts cost and damage resolution,ALIGNED,,NO_DIRECT_TEST,
hBP01-079:keyword,hBP01-079,星街すいせい,keyword,EFFECT_TEXT,website/public/cards.json#/cards[id=118;217]/keyword,engine.mjs#queueSimpleTriggeredKeyword hBP01-079 targets opponent Back for 20 special damage with loseLife false,ALIGNED,,FOCUSED_PASS,website/tests/simulator-first-set-target-batch.test.mjs hBP01-079 case passed
hBP01-080:arts.0,hBP01-080,星街すいせい,arts.0,BASIC_ACTION,website/public/cards.json#/cards[id=119;1451]/arts.0,engine.mjs#shared printed Arts cost and damage resolution,ALIGNED,,NO_DIRECT_TEST,
hBP01-080:keyword,hBP01-080,星街すいせい,keyword,EFFECT_TEXT,website/public/cards.json#/cards[id=119;1451]/keyword,engine.mjs#hbp09Legacy_queueCollabEffects and suiseiKoboCollabRoll odd-die threshold knockout without Life loss,ALIGNED,,FOCUSED_PASS,website/tests/simulator-suisei-kobo-collab-batch.test.mjs hBP01-080 cases 7/7
hBP01-081:arts.0,hBP01-081,星街すいせい,arts.0,EFFECT_TEXT,website/public/cards.json#/cards[id=120;1174;121;heb01-hBP01-081-RR-1;heb01-hBP01-081-SR-2;heb01-hBP01-081-UR-3]/arts.0,engine.mjs#resolveGenericArtEffects hBP01-081:0 optional two source-Blue-Cheer cost and +60 per underlying Holomen; executeAttack enables opponent Back targets,ALIGNED,,NO_DIRECT_TEST,
hBP01-081:keyword,hBP01-081,星街すいせい,keyword,EFFECT_TEXT,website/public/cards.json#/cards[id=120;1174;121;heb01-hBP01-081-RR-1;heb01-hBP01-081-SR-2;heb01-hBP01-081-UR-3]/keyword,engine.mjs#hbp09Legacy_queueCollabEffects hBP01-081 attaches top Cheer only to own Blue Holomen,ALIGNED,,FOCUSED_PASS,website/tests/simulator-suisei-kobo-collab-batch.test.mjs mandatory Blue Cheer recipient case passed
hBP01-082:arts.0,hBP01-082,こぼ・かなえる,arts.0,BASIC_ACTION,website/public/cards.json#/cards[id=1260;122;194]/arts.0,engine.mjs#shared printed Arts cost and damage resolution,ALIGNED,,NO_DIRECT_TEST,
hBP01-082:extra,hBP01-082,こぼ・かなえる,extra,EFFECT_TEXT,website/public/cards.json#/cards[id=1260;122;194]/extra,engine.mjs#cardIsUnlimitedDebut and catalog deck-copy enforcement,ALIGNED,,NO_DIRECT_TEST,
hBP01-083:arts.0,hBP01-083,こぼ・かなえる,arts.0,BASIC_ACTION,website/public/cards.json#/cards[id=123]/arts.0,engine.mjs#shared printed Arts cost and damage resolution,ALIGNED,,NO_DIRECT_TEST,
hBP01-083:keyword,hBP01-083,こぼ・かなえる,keyword,EFFECT_TEXT,website/public/cards.json#/cards[id=123]/keyword,engine.mjs#hbp09Legacy_queueCollabEffects gates on own Center #ID; suiseiKoboCollabRoll attaches top Cheer at die 3+,ALIGNED,,FOCUSED_PASS,website/tests/simulator-suisei-kobo-collab-batch.test.mjs hBP01-083 cases 8/8
hBP01-084:arts.0,hBP01-084,こぼ・かなえる,arts.0,BASIC_ACTION,website/public/cards.json#/cards[id=124]/arts.0,"website/lib/simulator/engine.mjs#prepareCore -> queueGenericArtCostEffects -> resolveGenericArtEffects; printed Arts cost, damage, and effect parameters for arts.0",ALIGNED,,NO_DIRECT_TEST,Static text-to-code review; no direct test for this ability slot
hBP01-085:arts.0,hBP01-085,こぼ・かなえる,arts.0,BASIC_ACTION,website/public/cards.json#/cards[id=125]/arts.0,"website/lib/simulator/engine.mjs#prepareCore -> queueGenericArtCostEffects -> resolveGenericArtEffects; printed Arts cost, damage, and effect parameters for arts.0",ALIGNED,,NO_DIRECT_TEST,Static text-to-code review; no direct test for this ability slot
hBP01-085:arts.1,hBP01-085,こぼ・かなえる,arts.1,EFFECT_TEXT,website/public/cards.json#/cards[id=125]/arts.1,"website/lib/simulator/engine.mjs#resolveGenericArtEffects; 3 opposing Back targets, 10 Special each, no Life loss",ALIGNED,,NO_DIRECT_TEST,Static text-to-code review; no direct test for this ability slot
hBP01-086:arts.0,hBP01-086,こぼ・かなえる,arts.0,BASIC_ACTION,website/public/cards.json#/cards[id=126;218]/arts.0,"website/lib/simulator/engine.mjs#prepareCore -> queueGenericArtCostEffects -> resolveGenericArtEffects; printed Arts cost, damage, and effect parameters for arts.0",ALIGNED,,NO_DIRECT_TEST,Static text-to-code review; no direct test for this ability slot
hBP01-086:keyword,hBP01-086,こぼ・かなえる,keyword,EFFECT_TEXT,website/public/cards.json#/cards[id=126;218]/keyword,"website/lib/simulator/engine.mjs#queueGenericKeywordCostEffects -> archive one Cheer on own #ID stage, then 10 Special to all opposing Back, no Life loss",ALIGNED,,NO_DIRECT_TEST,Static text-to-code review; no direct test for this ability slot
hBP01-087:arts.0,hBP01-087,こぼ・かなえる,arts.0,EFFECT_TEXT,website/public/cards.json#/cards[id=127;493]/arts.0,"website/lib/simulator/engine.mjs#queueGenericArtCostEffects/queueGenericKeywordCostEffects -> optional source Cheer cost; resolveGenericArtEffects -> 20 Special to opposing Back, no Life loss",ALIGNED,,NO_DIRECT_TEST,Static text-to-code review; no direct test for this ability slot
hBP01-087:arts.1,hBP01-087,こぼ・かなえる,arts.1,EFFECT_TEXT,website/public/cards.json#/cards[id=127;493]/arts.1,website/lib/simulator/engine.mjs#queueGenericArtCostEffects -> optional exact two source Cheer; resolveGenericArtEffects -> current opposing Back damage sum to Center,ALIGNED,,NO_DIRECT_TEST,Static text-to-code review; no direct test for this ability slot
hBP01-088:arts.0,hBP01-088,ムーナ・ホシノヴァ,arts.0,EFFECT_TEXT,website/public/cards.json#/cards[id=1588;128;195;hbp09-hBP01-088_C_02;hbp09-hBP01-088_HR]/arts.0,"website/lib/simulator/engine.mjs#prepareCore -> queueGenericArtCostEffects -> resolveGenericArtEffects; printed Arts cost, damage, and effect parameters for arts.0",ALIGNED,,FOCUSED_PASS,website/tests/simulator-moona-audit.test.mjs (included in current 82/82 focused run)
hBP01-088:extra,hBP01-088,ムーナ・ホシノヴァ,extra,EFFECT_TEXT,website/public/cards.json#/cards[id=1588;128;195;hbp09-hBP01-088_C_02;hbp09-hBP01-088_HR]/extra,website/lib/simulator/engine.mjs#cardIsUnlimitedDebut/queueExtraLifeLoss/bloomTargets; card-specific Extra rule for hBP01-088,ALIGNED,,NO_DIRECT_TEST,Static text-to-code review; no direct test for this ability slot
hBP01-089:arts.0,hBP01-089,ムーナ・ホシノヴァ,arts.0,BASIC_ACTION,website/public/cards.json#/cards[id=129]/arts.0,"website/lib/simulator/engine.mjs#prepareCore -> queueGenericArtCostEffects -> resolveGenericArtEffects; printed Arts cost, damage, and effect parameters for arts.0",ALIGNED,,NO_DIRECT_TEST,Static text-to-code review; no direct test for this ability slot
hBP01-090:arts.0,hBP01-090,ムーナ・ホシノヴァ,arts.0,BASIC_ACTION,website/public/cards.json#/cards[id=130;219;heb01-hBP01-090-U-1;heb01-hBP01-090-SR-2]/arts.0,"website/lib/simulator/engine.mjs#prepareCore -> queueGenericArtCostEffects -> resolveGenericArtEffects; printed Arts cost, damage, and effect parameters for arts.0",ALIGNED,,NO_DIRECT_TEST,Static text-to-code review; no direct test for this ability slot
hBP01-090:keyword,hBP01-090,ムーナ・ホシノヴァ,keyword,EFFECT_TEXT,website/public/cards.json#/cards[id=130;219;heb01-hBP01-090-U-1;heb01-hBP01-090-SR-2]/keyword,"website/lib/simulator/engine.mjs#queueBloomEffects -> queueCheerDeckSearch mandatory Green/Blue selection, legal own recipient, shuffle",FIXED,website/lib/simulator/engine.mjs#queueBloomEffects; android-current/web/lib/simulator/engine.mjs#queueBloomEffects,FOCUSED_PASS,website/tests/simulator-promise-cheer-search-batch.test.mjs (included in current 82/82 focused run)
hBP01-091:arts.0,hBP01-091,ムーナ・ホシノヴァ,arts.0,BASIC_ACTION,website/public/cards.json#/cards[id=131;132]/arts.0,"website/lib/simulator/engine.mjs#prepareCore -> queueGenericArtCostEffects -> resolveGenericArtEffects; printed Arts cost, damage, and effect parameters for arts.0",ALIGNED,,NO_DIRECT_TEST,Static text-to-code review; no direct test for this ability slot
hBP01-091:arts.1,hBP01-091,ムーナ・ホシノヴァ,arts.1,EFFECT_TEXT,website/public/cards.json#/cards[id=131;132]/arts.1,website/lib/simulator/engine.mjs#queueGenericArtCostEffects -> source Green/Blue Cheer; resolveGenericArtEffects -> 30 Special to opposing Back with Life loss,ALIGNED,,FOCUSED_PASS,website/tests/simulator-moona-paid-back-audit.test.mjs (included in current 82/82 focused run)
hBP01-091:extra,hBP01-091,ムーナ・ホシノヴァ,extra,EFFECT_TEXT,website/public/cards.json#/cards[id=131;132]/extra,website/lib/simulator/engine.mjs#queueExtraLifeLoss -> shared knockout/Life settlement loses two Life,ALIGNED,,NO_DIRECT_TEST,Static text-to-code review only; no direct test for this extra-life-loss ability
hBP01-092:arts.0,hBP01-092,オーロ・クロニー,arts.0,EFFECT_TEXT,website/public/cards.json#/cards[id=1902;133;2023;183]/arts.0,website/lib/simulator/engine.mjs#resolveGenericArtEffects -> move one source Cheer to a different own #Promise unit,ALIGNED,,FOCUSED_PASS,website/tests/simulator-kronii-mumei-cheer-batch.test.mjs (included in current 82/82 focused run)
hBP01-092:extra,hBP01-092,オーロ・クロニー,extra,EFFECT_TEXT,website/public/cards.json#/cards[id=1902;133;2023;183]/extra,website/lib/simulator/engine.mjs#cardIsUnlimitedDebut/queueExtraLifeLoss/bloomTargets; card-specific Extra rule for hBP01-092,ALIGNED,,NO_DIRECT_TEST,Static text-to-code review; no direct test for this ability slot
hBP01-093:arts.0,hBP01-093,オーロ・クロニー,arts.0,BASIC_ACTION,website/public/cards.json#/cards[id=134]/arts.0,"website/lib/simulator/engine.mjs#prepareCore -> queueGenericArtCostEffects -> resolveGenericArtEffects; printed Arts cost, damage, and effect parameters for arts.0",ALIGNED,,NO_DIRECT_TEST,Static text-to-code review; no direct test for this ability slot
hBP01-093:arts.1,hBP01-093,オーロ・クロニー,arts.1,BASIC_ACTION,website/public/cards.json#/cards[id=134]/arts.1,"website/lib/simulator/engine.mjs#prepareCore -> queueGenericArtCostEffects -> resolveGenericArtEffects; printed Arts cost, damage, and effect parameters for arts.1",ALIGNED,,NO_DIRECT_TEST,Static text-to-code review; no direct test for this ability slot
hBP01-094:arts.0,hBP01-094,オーロ・クロニー,arts.0,BASIC_ACTION,website/public/cards.json#/cards[id=135;220;heb01-hBP01-094-U-1;heb01-hBP01-094-SR-2]/arts.0,"website/lib/simulator/engine.mjs#prepareCore -> queueGenericArtCostEffects -> resolveGenericArtEffects; printed Arts cost, damage, and effect parameters for arts.0",ALIGNED,,NO_DIRECT_TEST,Static text-to-code review; no direct test for this ability slot
hBP01-094:keyword,hBP01-094,オーロ・クロニー,keyword,EFFECT_TEXT,website/public/cards.json#/cards[id=135;220;heb01-hBP01-094-U-1;heb01-hBP01-094-SR-2]/keyword,"website/lib/simulator/engine.mjs#queueBloomEffects -> same-color #Promise search, #Promise recipient, shuffle",FIXED,website/lib/simulator/engine.mjs#queueBloomEffects; android-current/web/lib/simulator/engine.mjs#queueBloomEffects,FOCUSED_PASS,website/tests/simulator-promise-cheer-search-batch.test.mjs (included in current 82/82 focused run)
hBP01-095:arts.0,hBP01-095,オーロ・クロニー,arts.0,EFFECT_TEXT,website/public/cards.json#/cards[id=136;494]/arts.0,website/lib/simulator/engine.mjs#resolveGenericArtEffects/fastForwardBloomTargets; same-turn Back Debut and hand 1st eligibility,ALIGNED,,FOCUSED_PASS,website/tests/simulator-fast-forward-batch393.test.mjs (included in current 82/82 focused run)
hBP01-095:keyword,hBP01-095,オーロ・クロニー,keyword,EFFECT_TEXT,website/public/cards.json#/cards[id=136;494]/keyword,website/lib/simulator/engine.mjs#queueCollabEffects/collabDebloom; Bloom stack handling retains Cheer and returns other cards to hand,ALIGNED,,NO_DIRECT_TEST,Static text-to-code review; no direct test for this ability slot
hBP01-096:arts.0,hBP01-096,兎田ぺこら,arts.0,BASIC_ACTION,website/public/cards.json#/cards[id=137]/arts.0,"website/lib/simulator/engine.mjs#prepareCore -> queueGenericArtCostEffects -> resolveGenericArtEffects; printed Arts cost, damage, and effect parameters for arts.0",ALIGNED,,NO_DIRECT_TEST,Static text-to-code review; no direct test for this ability slot
hBP01-096:extra,hBP01-096,兎田ぺこら,extra,EFFECT_TEXT,website/public/cards.json#/cards[id=137]/extra,website/lib/simulator/engine.mjs#cardIsUnlimitedDebut/queueExtraLifeLoss/bloomTargets; card-specific Extra rule for hBP01-096,ALIGNED,,NO_DIRECT_TEST,Static text-to-code review; no direct test for this ability slot
hBP01-096:keyword,hBP01-096,兎田ぺこら,keyword,EFFECT_TEXT,website/public/cards.json#/cards[id=137]/keyword,"website/lib/simulator/engine.mjs#queueCollabEffects/adventureRoll -> mandatory Buzz search, hand transfer, main-deck shuffle on even die",FIXED,website/lib/simulator/engine.mjs#queueCollabEffects/adventureRoll; android-current/web/lib/simulator/engine.mjs#queueCollabEffects/adventureRoll,FOCUSED_PASS,website/tests/simulator-adventure-audit.test.mjs (included in current 82/82 focused run)
hBP01-097:arts.0,hBP01-097,不知火フレア,arts.0,BASIC_ACTION,website/public/cards.json#/cards[id=138]/arts.0,"website/lib/simulator/engine.mjs#prepareCore -> queueGenericArtCostEffects -> resolveGenericArtEffects; printed Arts cost, damage, and effect parameters for arts.0",ALIGNED,,NO_DIRECT_TEST,Static text-to-code review; no direct test for this ability slot
hBP01-097:extra,hBP01-097,不知火フレア,extra,EFFECT_TEXT,website/public/cards.json#/cards[id=138]/extra,website/lib/simulator/engine.mjs#cardIsUnlimitedDebut/queueExtraLifeLoss/bloomTargets; card-specific Extra rule for hBP01-097,ALIGNED,,NO_DIRECT_TEST,Static text-to-code review; no direct test for this ability slot
hBP01-097:keyword,hBP01-097,不知火フレア,keyword,EFFECT_TEXT,website/public/cards.json#/cards[id=138]/keyword,website/lib/simulator/engine.mjs#queueCollabEffects -> active Back restriction -> swapCenter,ALIGNED,,NO_DIRECT_TEST,Static text-to-code review; no direct test for this ability slot
hBP01-098:arts.0,hBP01-098,白銀ノエル,arts.0,BASIC_ACTION,website/public/cards.json#/cards[id=139]/arts.0,"website/lib/simulator/engine.mjs#prepareCore -> queueGenericArtCostEffects -> resolveGenericArtEffects; printed Arts cost, damage, and effect parameters for arts.0",ALIGNED,,NO_DIRECT_TEST,Static text-to-code review; no direct test for this ability slot
hBP01-098:extra,hBP01-098,白銀ノエル,extra,EFFECT_TEXT,website/public/cards.json#/cards[id=139]/extra,website/lib/simulator/engine.mjs#cardIsUnlimitedDebut/queueExtraLifeLoss/bloomTargets; card-specific Extra rule for hBP01-098,ALIGNED,,NO_DIRECT_TEST,Static text-to-code review; no direct test for this ability slot
hBP01-098:keyword,hBP01-098,白銀ノエル,keyword,EFFECT_TEXT,website/public/cards.json#/cards[id=139]/keyword,website/lib/simulator/engine.mjs#queueCollabEffects -> archive Cheer selection and own-stage recipient,ALIGNED,,NO_DIRECT_TEST,Static text-to-code review; no direct test for this ability slot
hBP01-099:arts.0,hBP01-099,宝鐘マリン,arts.0,BASIC_ACTION,website/public/cards.json#/cards[id=140]/arts.0,"website/lib/simulator/engine.mjs#prepareCore -> queueGenericArtCostEffects -> resolveGenericArtEffects; printed Arts cost, damage, and effect parameters for arts.0",ALIGNED,,NO_DIRECT_TEST,Static text-to-code review; no direct test for this ability slot
hBP01-099:extra,hBP01-099,宝鐘マリン,extra,EFFECT_TEXT,website/public/cards.json#/cards[id=140]/extra,website/lib/simulator/engine.mjs#cardIsUnlimitedDebut/queueExtraLifeLoss/bloomTargets; card-specific Extra rule for hBP01-099,ALIGNED,,NO_DIRECT_TEST,Static text-to-code review; no direct test for this ability slot
hBP01-099:keyword,hBP01-099,宝鐘マリン,keyword,EFFECT_TEXT,website/public/cards.json#/cards[id=140]/keyword,website/lib/simulator/engine.mjs#queueCollabEffects/edinburghRoll -> optional odd die and opposing Center/Back swap,ALIGNED,,FOCUSED_PASS,website/tests/simulator-edinburgh-audit.test.mjs (included in current 82/82 focused run)
hBP01-100:arts.0,hBP01-100,森カリオペ,arts.0,BASIC_ACTION,website/public/cards.json#/cards[id=141]/arts.0,"website/lib/simulator/engine.mjs#prepareCore -> queueGenericArtCostEffects -> resolveGenericArtEffects; printed Arts cost, damage, and effect parameters for arts.0",ALIGNED,,NO_DIRECT_TEST,Static text-to-code review; no direct test for this ability slot
hBP01-100:extra,hBP01-100,森カリオペ,extra,EFFECT_TEXT,website/public/cards.json#/cards[id=141]/extra,website/lib/simulator/engine.mjs#cardIsUnlimitedDebut/queueExtraLifeLoss/bloomTargets; card-specific Extra rule for hBP01-100,ALIGNED,,NO_DIRECT_TEST,Static text-to-code review; no direct test for this ability slot
hBP01-100:keyword,hBP01-100,森カリオペ,keyword,EFFECT_TEXT,website/public/cards.json#/cards[id=141]/keyword,website/lib/simulator/engine.mjs#queueCollabEffects -> optional archive Cheer selection (1-3) -> Cheer deck return and shuffle,ALIGNED,,NO_DIRECT_TEST,Static text-to-code review; no direct test for this ability slot
hBP01-101:arts.0,hBP01-101,ワトソン・アメリア,arts.0,BASIC_ACTION,website/public/cards.json#/cards[id=142]/arts.0,"website/lib/simulator/engine.mjs#prepareCore -> queueGenericArtCostEffects -> resolveGenericArtEffects; printed Arts cost, damage, and effect parameters for arts.0",ALIGNED,,NO_DIRECT_TEST,Static text-to-code review; no direct test for this ability slot
hBP01-101:extra,hBP01-101,ワトソン・アメリア,extra,EFFECT_TEXT,website/public/cards.json#/cards[id=142]/extra,website/lib/simulator/engine.mjs#cardIsUnlimitedDebut/queueExtraLifeLoss/bloomTargets; card-specific Extra rule for hBP01-101,ALIGNED,,NO_DIRECT_TEST,Static text-to-code review; no direct test for this ability slot
hBP01-101:keyword,hBP01-101,ワトソン・アメリア,keyword,EFFECT_TEXT,website/public/cards.json#/cards[id=142]/keyword,website/lib/simulator/engine.mjs#queueCollabEffects -> optional archive support Item selection and hand return,ALIGNED,,NO_DIRECT_TEST,Static text-to-code review; no direct test for this ability slot
hBP01-102:abilityText,hBP01-102,アイドルマイク,abilityText,EFFECT_TEXT,website/public/cards.json#/cards[id=143;221]/abilityText,"website/lib/simulator/effect-catalog.mjs#TOP_LOOK_EFFECTS[hBP01-102] -> engine.mjs#playTopLookSupport; top four, matching Song Holomen, ordered bottom remainder, hand gate, LIMITED gate",ALIGNED,,NO_DIRECT_TEST,Static text-to-code review; no direct test for this ability slot
hBP01-103:abilityText,hBP01-103,ゲーミングパソコン,abilityText,EFFECT_TEXT,website/public/cards.json#/cards[id=144]/abilityText,"website/lib/simulator/effect-catalog.mjs#DECK_SEARCH_EFFECTS[hBP01-103].required -> engine.mjs#playDeckSearchSupport/queueDeckSearch; color, stage and non-Buzz filters, Power cost, shuffle",FIXED,website/lib/simulator/effect-catalog.mjs#DECK_SEARCH_EFFECTS[hBP01-103].required; android-current/web/lib/simulator/effect-catalog.mjs#DECK_SEARCH_EFFECTS[hBP01-103].required,FOCUSED_PASS,website/tests/simulator-first-support-search-batch.test.mjs (included in current 82/82 focused run)
hBP01-104:abilityText,hBP01-104,ふつうのパソコン,abilityText,EFFECT_TEXT,website/public/cards.json#/cards[id=2129;2118;2108;2097;2087;2076;145;841;184]/abilityText,engine.mjs#ORDINARY_COMPUTER support dispatch and ordinaryComputer choice resolution,FIXED,website/lib/simulator/engine.mjs#ORDINARY_COMPUTER; android-current/web/lib/simulator/engine.mjs#ORDINARY_COMPUTER,FOCUSED_PASS,website/tests/simulator-first-support-search-batch.test.mjs; website/tests/simulator-engine.test.mjs
hBP01-105:abilityText,hBP01-105,ペンライト,abilityText,EFFECT_TEXT,website/public/cards.json#/cards[id=146]/abilityText,effect-catalog.mjs#SIMPLE_SUPPORT_EFFECTS; engine.mjs#playSimpleSupport.cheerStick and cheerStickCheer resolution,FIXED,website/lib/simulator/engine.mjs#playSimpleSupport.cheerStick; android-current/web/lib/simulator/engine.mjs#playSimpleSupport.cheerStick,FOCUSED_PASS,website/tests/simulator-first-support-search-batch.test.mjs
hBP01-106:abilityText,hBP01-106,あとは任せた！,abilityText,EFFECT_TEXT,website/public/cards.json#/cards[id=147]/abilityText,effect-catalog.mjs#SIMPLE_SUPPORT_EFFECTS; engine.mjs#playSimpleSupport.swapOwnCenter and swapOwnCenter choice,ALIGNED,,FOCUSED_PASS,website/tests/simulator-engine.test.mjs
hBP01-107:abilityText,hBP01-107,アンコール,abilityText,EFFECT_TEXT,website/public/cards.json#/cards[id=148]/abilityText,effect-catalog.mjs#SIMPLE_SUPPORT_EFFECTS; engine.mjs#playSimpleSupport.archiveCheerReturn and archiveCheerToDeck,ALIGNED,,FOCUSED_PASS,website/tests/simulator-engine.test.mjs
hBP01-108:abilityText,hBP01-108,じゃあ敵だね,abilityText,EFFECT_TEXT,website/public/cards.json#/cards[id=149;834]/abilityText,effect-catalog.mjs#EXTENDED_SUPPORT_EFFECTS; engine.mjs#playExtendedSupport.swapOpponentCenter and swapCenter choice,ALIGNED,,NO_DIRECT_TEST,
hBP01-109:abilityText,hBP01-109,月と兎の物語,abilityText,EFFECT_TEXT,website/public/cards.json#/cards[id=150]/abilityText,effect-catalog.mjs#TOP_LOOK_EFFECTS; engine.mjs#playTopLookSupport and topLookToHand,ALIGNED,,NO_DIRECT_TEST,
hBP01-110:abilityText,hBP01-110,鈍器でぶっ叩くわよ！,abilityText,EFFECT_TEXT,website/public/cards.json#/cards[id=151]/abilityText,effect-catalog.mjs#EXTENDED_SUPPORT_EFFECTS; engine.mjs#playExtendedSupport.bluntWeapon and bluntWeaponMode,ALIGNED,,FOCUSED_PASS,website/tests/simulator-kronii-mumei-cheer-batch.test.mjs
hBP01-111:abilityText,hBP01-111,ホロライブインドネシア3期生,abilityText,EFFECT_TEXT,website/public/cards.json#/cards[id=152]/abilityText,effect-catalog.mjs#TOP_LOOK_EFFECTS; engine.mjs#playTopLookSupport and topLookToHand,ALIGNED,,NO_DIRECT_TEST,
hBP01-112:abilityText,hBP01-112,わくわくいたずらタイム,abilityText,EFFECT_TEXT,website/public/cards.json#/cards[id=153]/abilityText,effect-catalog.mjs#EXTENDED_SUPPORT_EFFECTS; engine.mjs#playExtendedSupport.mischiefDamage,ALIGNED,,NO_DIRECT_TEST,
hBP01-113:abilityText,hBP01-113,Promise,abilityText,EFFECT_TEXT,website/public/cards.json#/cards[id=154;222]/abilityText,effect-catalog.mjs#TOP_LOOK_EFFECTS; engine.mjs#playTopLookSupport and topLookToHand,ALIGNED,,NO_DIRECT_TEST,
hBP01-114:abilityText,hBP01-114,石の斧,abilityText,EFFECT_TEXT,website/public/cards.json#/cards[id=1278;1105]/abilityText,engine.mjs#attachmentArtsBonus; queueAttachmentArtEffects; healStageUnit Aki own-ability source identity,FIXED,website/lib/simulator/engine.mjs#healStageUnit; android-current/web/lib/simulator/engine.mjs#healStageUnit,FOCUSED_PASS,website/tests/simulator-aki-all-tools-heal-audit.test.mjs
hBP01-115:abilityText,hBP01-115,星街すいせいのマイク,abilityText,EFFECT_TEXT,website/public/cards.json#/cards[id=156;824]/abilityText,engine.mjs#queueKnockoutAttachmentEffects Suisei microphone branch,ALIGNED,,FOCUSED_PASS,website/tests/simulator-suisei-microphone-audit.test.mjs
hBP01-116:abilityText,hBP01-116,うぱお,abilityText,EFFECT_TEXT,website/public/cards.json#/cards[id=157]/abilityText,engine.mjs#queueAttachmentDamagedTriggers UPAO branch,ALIGNED,,NO_DIRECT_TEST,
hBP01-117:abilityText,hBP01-117,フレンド,abilityText,EFFECT_TEXT,website/public/cards.json#/cards[id=158]/abilityText,engine.mjs#prepareAttachmentDamageReaction friend mascot branch,ALIGNED,,FOCUSED_PASS,website/tests/simulator-audit-regression.test.mjs
hBP01-118:abilityText,hBP01-118,あん肝,abilityText,EFFECT_TEXT,website/public/cards.json#/cards[id=159]/abilityText,engine.mjs#attachmentVirtualCheerColors and effectiveCheerColors,ALIGNED,,NO_DIRECT_TEST,
hBP01-119:abilityText,hBP01-119,ジョブズ,abilityText,EFFECT_TEXT,website/public/cards.json#/cards[id=160]/abilityText,engine.mjs#queueAttachmentArtEffects Jobs healing branch and healTarget,ALIGNED,,FOCUSED_PASS,website/tests/simulator-first-required-attachment-batch.test.mjs
hBP01-120:abilityText,hBP01-120,がんも,abilityText,EFFECT_TEXT,website/public/cards.json#/cards[id=161]/abilityText,engine.mjs#queueAttachmentArtEffects Ganmo Center Arts branch,ALIGNED,,NO_DIRECT_TEST,
hBP01-121:abilityText,hBP01-121,Kotori,abilityText,EFFECT_TEXT,website/public/cards.json#/cards[id=162]/abilityText,engine.mjs#attachmentDamageAdjustment; queueUnitBloomTriggers,ALIGNED,,FOCUSED_PASS,website/tests/simulator-audit-regression.test.mjs (damage reduction; Bloom draw reviewed statically)
hBP01-122:abilityText,hBP01-122,ロゼ隊,abilityText,EFFECT_TEXT,website/public/cards.json#/cards[id=163]/abilityText,engine.mjs#queueKnockoutAttachmentEffects Rosen team branch,ALIGNED,,FOCUSED_PASS,website/tests/simulator-first-required-attachment-batch.test.mjs
hBP01-123:abilityText,hBP01-123,野うさぎ同盟,abilityText,EFFECT_TEXT,website/public/cards.json#/cards[id=164]/abilityText,engine.mjs#interactiveDice; rollDie/rollDice; pekoraStackBatch,ALIGNED,,FOCUSED_PASS,website/tests/simulator-dice-reactions-batch428.test.mjs
hBP01-124:abilityText,hBP01-124,開拓者,abilityText,EFFECT_TEXT,website/public/cards.json#/cards[id=165]/abilityText,website/lib/simulator/engine.mjs#knockOutUnit -> hbp09Legacy_queueGiftKnockoutEffects hBP01-124 opponent-turn AZKi gate; required one-Cheer transfer to another own Holomen,ALIGNED,,FOCUSED_PASS,website/tests/simulator-first-required-attachment-batch.test.mjs; simulator-required-batch130.test.mjs
hBP01-125:abilityText,hBP01-125,KFP,abilityText,EFFECT_TEXT,website/public/cards.json#/cards[id=166]/abilityText,website/lib/simulator/engine.mjs#hbp09Legacy_queueAttachmentEntryEffects source=hand -> kfpDiscard optional archive-one then draw-one,ALIGNED,,FOCUSED_PASS,website/tests/simulator-batch32-alignment.test.mjs
hBP01-126:abilityText,hBP01-126,座員,abilityText,EFFECT_TEXT,website/public/cards.json#/cards[id=167;857]/abilityText,website/lib/simulator/engine.mjs#attachmentVirtualCheerColors -> cheerCanPayForUnit; attachmentDamageAdjustment received damage +10,ALIGNED,,FOCUSED_PASS,website/tests/simulator-audit-regression.test.mjs; simulator-hbp01-polka-seats-alignment.test.mjs; simulator-luna-repairs.test.mjs
hBP02-001:oshiSkill,hBP02-001,白上フブキ,oshiSkill,EFFECT_TEXT,website/public/cards.json#/cards[id=268;370;371]/oshiSkill,website/lib/simulator/engine.mjs#hbp09Legacy_resolveNormalOshiSkill -> queueDeckToHand supportMascot; required matching pick and no-match shuffle,FIXED,website/lib/simulator/engine.mjs#hbp09Legacy_resolveNormalOshiSkill; android-current/web/lib/simulator/engine.mjs#hbp09Legacy_resolveNormalOshiSkill,FOCUSED_PASS,website/tests/simulator-fubukingdom-audit.test.mjs: required Mascot cannot be skipped; no-match shuffle
hBP02-001:spOshiSkill,hBP02-001,白上フブキ,spOshiSkill,EFFECT_TEXT,website/public/cards.json#/cards[id=268;370;371]/spOshiSkill,"website/lib/simulator/engine.mjs#hbp09Legacy_queueGiftKnockoutEffects fubukiMascotLife -> die count floor(stage Mascots/2), odd success life loss; reactive SP payment",ALIGNED,,FOCUSED_PASS,website/tests/simulator-fubukingdom-audit.test.mjs
hBP02-002:oshiSkill,hBP02-002,パヴォリア・レイネ,oshiSkill,EFFECT_TEXT,website/public/cards.json#/cards[id=269;372]/oshiSkill,website/lib/simulator/engine.mjs#hbp09Legacy_resolveNormalOshiSkill -> oshiRemoveArchivedCheer -> oshiCheerDeckPick -> eventCheerTarget and Cheer-deck shuffle,ALIGNED,,FOCUSED_PASS,website/tests/simulator-batch32-alignment.test.mjs
hBP02-002:spOshiSkill,hBP02-002,パヴォリア・レイネ,spOshiSkill,EFFECT_TEXT,website/public/cards.json#/cards[id=269;372]/spOshiSkill,website/lib/simulator/engine.mjs#hbp09Legacy_resolveSpOshiSkill -> stageEntries/stageCheerColors -> per-unit Arts modifiers for distinct Cheer colors,ALIGNED,,FOCUSED_PASS,website/tests/simulator-batch32-alignment.test.mjs
hBP02-003:oshiSkill,hBP02-003,宝鐘マリン,oshiSkill,EFFECT_TEXT,website/public/cards.json#/cards[id=270;373;374]/oshiSkill,website/lib/simulator/engine.mjs#hbp09Legacy_resolveNormalOshiSkill -> same-turn #3期生 additional Bloom; hand card and target filters,ALIGNED,,FOCUSED_PASS,website/tests/simulator-marine-oshi-batch280.test.mjs
hBP02-003:spOshiSkill,hBP02-003,宝鐘マリン,spOshiSkill,EFFECT_TEXT,website/public/cards.json#/cards[id=270;373;374]/spOshiSkill,website/lib/simulator/engine.mjs#hbp09Legacy_resolveSpOshiSkill -> opponent Center/Collab special damage from Holomen beneath Center Marine,ALIGNED,,FOCUSED_PASS,website/tests/simulator-marine-oshi-batch280.test.mjs
hBP02-004:oshiSkill,hBP02-004,沙花叉クロヱ,oshiSkill,EFFECT_TEXT,website/public/cards.json#/cards[id=271;375;376]/oshiSkill,website/lib/simulator/engine.mjs#hbp09Legacy_resolveNormalOshiSkill -> top-three reveal; archive-all or ordered top return,ALIGNED,,NO_DIRECT_TEST,Static registration and state-path review; no direct test for the normal skill
hBP02-004:spOshiSkill,hBP02-004,沙花叉クロヱ,spOshiSkill,EFFECT_TEXT,website/public/cards.json#/cards[id=271;375;376]/spOshiSkill,website/lib/simulator/engine.mjs#hbp09Legacy_resolveSpOshiSkill -> hand-count snapshot; return all hand and archived Holomen; shuffle then draw snapshot count,ALIGNED,,FOCUSED_PASS,website/tests/simulator-chloe-batch155.test.mjs
hBP02-005:oshiSkill,hBP02-005,紫咲シオン,oshiSkill,EFFECT_TEXT,website/public/cards.json#/cards[id=272;377]/oshiSkill,website/lib/simulator/oshi-skill-catalog.mjs#REACTIVE_NORMAL_OSHI; engine.mjs#resolveShionAbilityDie/payShionReroll,ALIGNED,,FOCUSED_PASS,website/tests/simulator-shion-reroll-audit.test.mjs
hBP02-005:spOshiSkill,hBP02-005,紫咲シオン,spOshiSkill,EFFECT_TEXT,website/public/cards.json#/cards[id=272;377]/spOshiSkill,website/lib/simulator/oshi-skill-catalog.mjs#REACTIVE_SP_OSHI; engine.mjs#queueOshiAfterArtsDamage shionCenter -> per-opponent-Center-Cheer special damage,ALIGNED,,NO_DIRECT_TEST,"Static trigger, target and amount-path review; no direct SP damage test"
hBP02-006:oshiSkill,hBP02-006,クレイジー・オリー,oshiSkill,EFFECT_TEXT,website/public/cards.json#/cards[id=273;378]/oshiSkill,website/lib/simulator/engine.mjs#hbp09Legacy_resolveNormalOshiSkill -> archive Holomen Bloom legal #ID2期生 targets,ALIGNED,,FOCUSED_PASS,website/tests/simulator-oshi-bloom-stage-batch279.test.mjs
hBP02-006:spOshiSkill,hBP02-006,クレイジー・オリー,spOshiSkill,EFFECT_TEXT,website/public/cards.json#/cards[id=273;378]/spOshiSkill,"website/lib/simulator/engine.mjs#hbp09Legacy_resolveSpOshiSkill -> draw four, require archive two, optionally Bloom from Archive",ALIGNED,,FOCUSED_PASS,website/tests/simulator-oshi-bloom-stage-batch279.test.mjs; hbp09-extra-cases.mjs
hBP02-007:oshiSkill,hBP02-007,森カリオペ,oshiSkill,EFFECT_TEXT,website/public/cards.json#/cards[id=274;379]/oshiSkill,"website/lib/simulator/engine.mjs#hbp09Legacy_resolveNormalOshiSkill -> archive two cards, optional exactly-two #EN recovery",ALIGNED,,FOCUSED_PASS,website/tests/simulator-sampling-audit.test.mjs
hBP02-007:spOshiSkill,hBP02-007,森カリオペ,spOshiSkill,EFFECT_TEXT,website/public/cards.json#/cards[id=274;379]/spOshiSkill,"oshi-skill-catalog.mjs#REACTIVE_SP_OSHI; engine.mjs#queueOshiAfterArtsDamage -> oshiAfterDamage calliopeRepeatArts; same source Arts index, once-game payment and one repeat",FIXED,website/lib/simulator/oshi-skill-catalog.mjs#REACTIVE_SP_OSHI/ACTIVE_SP_OSHI; engine.mjs#queueOshiAfterArtsDamage/oshiAfterDamage; android-current mirrored sources,FOCUSED_PASS,website/tests/simulator-calliope-repeat-arts-timing.test.mjs
hBP02-008:arts.0,hBP02-008,白上フブキ,arts.0,BASIC_ACTION,website/public/cards.json#/cards[id=1252;275;483;500]/arts.0,engine.mjs#attack uses the card's printed Arts cost/damage and generic modifier pipeline,ALIGNED,,NO_DIRECT_TEST,
hBP02-008:extra,hBP02-008,白上フブキ,extra,EFFECT_TEXT,website/public/cards.json#/cards[id=1252;275;483;500]/extra,engine.mjs#cardIsUnlimitedDebut and cardMatchesRule unlimitedDebut honor the catalogue unlimited flag/local Extra,ALIGNED,,NO_DIRECT_TEST,
hBP02-009:arts.0,hBP02-009,白上フブキ,arts.0,BASIC_ACTION,website/public/cards.json#/cards[id=276;482]/arts.0,engine.mjs#attack uses the card's printed Arts cost/damage and generic modifier pipeline,ALIGNED,,NO_DIRECT_TEST,
hBP02-009:keyword,hBP02-009,白上フブキ,keyword,EFFECT_TEXT,website/public/cards.json#/cards[id=276;482]/keyword,engine.mjs#giftZoneApplies plus hbp09Legacy_giftArtsBonus: Collab-only Gift grants +10 to own Arts source with a Mascot,ALIGNED,,NO_DIRECT_TEST,
hBP02-010:arts.0,hBP02-010,白上フブキ,arts.0,BASIC_ACTION,website/public/cards.json#/cards[id=277;2158;380]/arts.0,engine.mjs#attack uses the card's printed Arts cost/damage and generic modifier pipeline,ALIGNED,,NO_DIRECT_TEST,
hBP02-010:arts.1,hBP02-010,白上フブキ,arts.1,BASIC_ACTION,website/public/cards.json#/cards[id=277;2158;380]/arts.1,engine.mjs#attack uses the card's printed Arts cost/damage and generic modifier pipeline,ALIGNED,,NO_DIRECT_TEST,
hBP02-011:arts.0,hBP02-011,白上フブキ,arts.0,BASIC_ACTION,website/public/cards.json#/cards[id=278;2159;381;1100;heb01-hBP02-011-U-1;heb01-hBP02-011-SR-2]/arts.0,engine.mjs#attack uses the card's printed Arts cost/damage and generic modifier pipeline,ALIGNED,,NO_DIRECT_TEST,
hBP02-011:keyword,hBP02-011,白上フブキ,keyword,EFFECT_TEXT,website/public/cards.json#/cards[id=278;2159;381;1100;heb01-hBP02-011-U-1;heb01-hBP02-011-SR-2]/keyword,engine.mjs#hbp09Legacy_queueBloomEffects -> queueSimpleTriggeredKeyword -> queueDeckToHand; simpleSearchRule reads #白上 character and requires explicit choice,FIXED,website/lib/simulator/engine.mjs:2222; mirrored Android source,FOCUSED_PASS,"simulator-second-bloom-search-batch.test.mjs: exact candidate filter, explicit skip rejected, local fail-to-find preserved"
hBP02-012:arts.0,hBP02-012,白上フブキ,arts.0,EFFECT_TEXT,website/public/cards.json#/cards[id=279;382]/arts.0,engine.mjs#resolveGenericArtEffects hBP02-012:0 applies +20 through current turn to Mascot-equipped Center/Collab units,ALIGNED,,NO_DIRECT_TEST,
hBP02-012:keyword,hBP02-012,白上フブキ,keyword,EFFECT_TEXT,website/public/cards.json#/cards[id=279;382]/keyword,engine.mjs#queueGenericStageAttachmentMove and attachmentTargets; optional Mascot transfer from stage,ALIGNED,,FOCUSED_PASS,"simulator-fubuki-mascot-move-audit.test.mjs: source, legal receiver, and Mascot capacity"
hBP02-013:arts.0,hBP02-013,白上フブキ,arts.0,EFFECT_TEXT,website/public/cards.json#/cards[id=280;1175;383;384]/arts.0,engine.mjs#hbp09Legacy_resolveGenericArtEffects perStageMascot counts each own stage supportMascot for +20; generic specialTargets adds +50 versus purple,ALIGNED,,NO_DIRECT_TEST,
hBP02-013:keyword,hBP02-013,白上フブキ,keyword,EFFECT_TEXT,website/public/cards.json#/cards[id=280;1175;383;384]/keyword,engine.mjs#attachmentCapacity allows two supportMascot; attachmentTargets blocks same card number; current catalogue has unique Mascot jpName per number,ALIGNED,,FOCUSED_PASS,"simulator-fubuki-mascot-move-audit.test.mjs: distinct Mascot allowed, duplicate blocked"
hBP02-014:arts.0,hBP02-014,白銀ノエル,arts.0,BASIC_ACTION,website/public/cards.json#/cards[id=1253;281;1369;511;hbp09-hBP02-014_C_02]/arts.0,engine.mjs#attack uses the card's printed Arts cost/damage and generic modifier pipeline,ALIGNED,,NO_DIRECT_TEST,
hBP02-014:extra,hBP02-014,白銀ノエル,extra,EFFECT_TEXT,website/public/cards.json#/cards[id=1253;281;1369;511;hbp09-hBP02-014_C_02]/extra,engine.mjs#cardIsUnlimitedDebut and cardMatchesRule unlimitedDebut honor the catalogue unlimited flag/local Extra,ALIGNED,,NO_DIRECT_TEST,
hBP02-015:arts.0,hBP02-015,白銀ノエル,arts.0,BASIC_ACTION,website/public/cards.json#/cards[id=282;2160;385]/arts.0,engine.mjs#attack uses the card's printed Arts cost/damage and generic modifier pipeline,ALIGNED,,NO_DIRECT_TEST,
hBP02-015:arts.1,hBP02-015,白銀ノエル,arts.1,BASIC_ACTION,website/public/cards.json#/cards[id=282;2160;385]/arts.1,engine.mjs#attack uses the card's printed Arts cost/damage and generic modifier pipeline,ALIGNED,,NO_DIRECT_TEST,
hBP02-016:arts.0,hBP02-016,白銀ノエル,arts.0,BASIC_ACTION,website/public/cards.json#/cards[id=283;1703;386;heb01-hBP02-016-U-1;heb01-hBP02-016-SR-2]/arts.0,engine.mjs#attack uses the card's printed Arts cost/damage and generic modifier pipeline,ALIGNED,,NO_DIRECT_TEST,
hBP02-016:keyword,hBP02-016,白銀ノエル,keyword,EFFECT_TEXT,website/public/cards.json#/cards[id=283;1703;386;heb01-hBP02-016-U-1;heb01-hBP02-016-SR-2]/keyword,engine.mjs#Bloom dispatcher checks previous stack card is Debut then queueSimpleTriggeredKeyword -> queueDeckToHand with #3期生 and stage filters,FIXED,"website/lib/simulator/engine.mjs:2222,2548; mirrored Android source",FOCUSED_PASS,"simulator-second-bloom-search-batch.test.mjs: exact candidate filter, explicit skip rejected, fail-to-find preserved, 1st-to-1st trigger rejected"
hBP02-017:arts.0,hBP02-017,白銀ノエル,arts.0,BASIC_ACTION,website/public/cards.json#/cards[id=284;387;388;heb01-hBP02-017-RR-1;heb01-hBP02-017-SR-2;heb01-hBP02-017-UR-3]/arts.0,engine.mjs#attack uses the card's printed Arts cost/damage and generic modifier pipeline,ALIGNED,,NO_DIRECT_TEST,
hBP02-017:arts.1,hBP02-017,白銀ノエル,arts.1,EFFECT_TEXT,website/public/cards.json#/cards[id=284;387;388;heb01-hBP02-017-RR-1;heb01-hBP02-017-SR-2;heb01-hBP02-017-UR-3]/arts.1,"engine.mjs#resolveGenericArtEffects hBP02-017:1 adds 20 per other #3期生 stage member only for Collab, capped at four",ALIGNED,,FOCUSED_PASS,"simulator-noel-other-third-gen-audit.test.mjs: 0/1/4/5 members, Center and Collab"
hBP02-017:extra,hBP02-017,白銀ノエル,extra,EFFECT_TEXT,website/public/cards.json#/cards[id=284;387;388;heb01-hBP02-017-RR-1;heb01-hBP02-017-SR-2;heb01-hBP02-017-UR-3]/extra,engine.mjs#cardIsBuzz -> knockOutUnit printedLifeLoss=2 and standard Buzz knockout processing,ALIGNED,,FOCUSED_PASS,simulator-noel-buzz-batch418.test.mjs: Noel Buzz knockout life sequence
hBP02-018:arts.0,hBP02-018,パヴォリア・レイネ,arts.0,BASIC_ACTION,website/public/cards.json#/cards[id=2315;285;2445;512]/arts.0,website/public/cards.json printed Arts -> validatePrintedArtCost and hbp09Legacy_resolveGenericArtEffects base damage; Android source path matches,ALIGNED,,NO_DIRECT_TEST,
hBP02-018:extra,hBP02-018,パヴォリア・レイネ,extra,EFFECT_TEXT,website/public/cards.json#/cards[id=2315;285;2445;512]/extra,card.unlimited/maxCopies=99 -> validateBattleDeck and website/game/store.mjs; cardIsUnlimitedDebut also supports effect searches,ALIGNED,,NO_DIRECT_TEST,
hBP02-019:arts.0,hBP02-019,パヴォリア・レイネ,arts.0,BASIC_ACTION,website/public/cards.json#/cards[id=286;389;2041]/arts.0,website/public/cards.json printed Arts -> shared Arts cost/damage resolver; Android catalog/source path checked,ALIGNED,,NO_DIRECT_TEST,
hBP02-019:keyword,hBP02-019,パヴォリア・レイネ,keyword,EFFECT_TEXT,website/public/cards.json#/cards[id=286;389;2041]/keyword,queueCollabEffects -> queueSimpleTriggeredKeyword archive-Cheer parser -> enqueueArchiveCheerToTarget and archiveCheerToStage resolution,ALIGNED,,NO_DIRECT_TEST,
hBP02-020:arts.0,hBP02-020,パヴォリア・レイネ,arts.0,BASIC_ACTION,website/public/cards.json#/cards[id=287;390]/arts.0,website/public/cards.json printed Arts -> shared Arts cost/damage resolver; Android catalog/source path checked,ALIGNED,,NO_DIRECT_TEST,
hBP02-021:arts.0,hBP02-021,パヴォリア・レイネ,arts.0,EFFECT_TEXT,website/public/cards.json#/cards[id=288;391]/arts.0,"resolveGenericArtEffects -> queueSimpleTriggeredKeyword -> queueGenericStageCheerMove; one stage Cheer, #JP target, optional from local can-clause",ALIGNED,,NO_DIRECT_TEST,
hBP02-021:keyword,hBP02-021,パヴォリア・レイネ,keyword,EFFECT_TEXT,website/public/cards.json#/cards[id=288;391]/keyword,queueBloomEffects -> hbp09Legacy_queueBloomEffects distinct stage Cheer colors -> own Holomen heal target,ALIGNED,,NO_DIRECT_TEST,
hBP02-022:arts.0,hBP02-022,パヴォリア・レイネ,arts.0,EFFECT_TEXT,website/public/cards.json#/cards[id=289;392;heb01-hBP02-022-R-1;heb01-hBP02-022-SR-2]/arts.0,artConditionApplies distinct stage Cheer colors -> printed +20; printed Arts cost/base and Red +50 metadata,ALIGNED,,NO_DIRECT_TEST,
hBP02-022:keyword,hBP02-022,パヴォリア・レイネ,keyword,EFFECT_TEXT,website/public/cards.json#/cards[id=289;392;heb01-hBP02-022-R-1;heb01-hBP02-022-SR-2]/keyword,queueSimpleTriggeredKeyword named Tatang search -> queueDeckToHand; required matching selection and shuffle,FIXED,website/lib/simulator/engine.mjs and ../android-current/web/lib/simulator/engine.mjs; NativeRules bundle validation deferred until final integration,FOCUSED_PASS,website/tests/simulator-second-named-search-batch.test.mjs (required named Tatang search; 5/5 across both cards) and android-current/tests/hbp02-011-016-alignment-release.test.mjs (Offline/PvP cases added; package run deferred until final bundle refresh)
hBP02-023:arts.0,hBP02-023,パヴォリア・レイネ,arts.0,EFFECT_TEXT,website/public/cards.json#/cards[id=290;393;394;heb01-hBP02-023-RR-1;heb01-hBP02-023-SR-2;heb01-hBP02-023-UR-3]/arts.0,shared Arts stack/Cheer-color calculation and printed Red +50 special target metadata; existing focused test reused,ALIGNED,,NO_DIRECT_TEST,
hBP02-023:keyword,hBP02-023,パヴォリア・レイネ,keyword,EFFECT_TEXT,website/public/cards.json#/cards[id=290;393;394;heb01-hBP02-023-RR-1;heb01-hBP02-023-SR-2;heb01-hBP02-023-UR-3]/keyword,website/lib/simulator/engine.mjs#queueCheerDeckSearch caller hBP02-023; android-current/web/lib/simulator/engine.mjs#queueCheerDeckSearch caller hBP02-023; mandatory selected-card minimum enforced when a matching card exists,FIXED,website/lib/simulator/engine.mjs#queueCheerDeckSearch caller hBP02-023; android-current/web/lib/simulator/engine.mjs#queueCheerDeckSearch caller hBP02-023,FOCUSED_PASS,website/tests/simulator-second-cheer-search-batch.test.mjs (included in current 82/82 focused run)
hBP02-024:arts.0,hBP02-024,大神ミオ,arts.0,EFFECT_TEXT,website/public/cards.json#/cards[id=1899;291;501;1101;hbp09-hBP02-024_C_02;hbp09-hBP02-024_HR]/arts.0,resolveGenericArtEffects -> queueSimpleTriggeredKeyword -> queueGenericStageCheerMove; one own stage Cheer to own #JP Holomen,ALIGNED,,NO_DIRECT_TEST,
hBP02-024:extra,hBP02-024,大神ミオ,extra,EFFECT_TEXT,website/public/cards.json#/cards[id=1899;291;501;1101;hbp09-hBP02-024_C_02;hbp09-hBP02-024_HR]/extra,card.unlimited/maxCopies=99 -> validateBattleDeck and website/game/store.mjs; cardIsUnlimitedDebut also supports effect searches,ALIGNED,,NO_DIRECT_TEST,
hBP02-025:arts.0,hBP02-025,大神ミオ,arts.0,BASIC_ACTION,website/public/cards.json#/cards[id=292;2161;395]/arts.0,website/public/cards.json printed Arts -> shared Arts cost/damage resolver; Android catalog/source path checked,ALIGNED,,NO_DIRECT_TEST,
hBP02-025:arts.1,hBP02-025,大神ミオ,arts.1,BASIC_ACTION,website/public/cards.json#/cards[id=292;2161;395]/arts.1,website/public/cards.json printed Arts -> shared Arts cost/damage resolver; Android catalog/source path checked,ALIGNED,,NO_DIRECT_TEST,
hBP02-026:arts.0,hBP02-026,大神ミオ,arts.0,BASIC_ACTION,website/public/cards.json#/cards[id=293;2136;396;heb01-hBP02-026-U-1;heb01-hBP02-026-SR-2]/arts.0,website/public/cards.json printed Arts -> shared Arts cost/damage resolver; Android catalog/source path checked,ALIGNED,,NO_DIRECT_TEST,
hBP02-026:keyword,hBP02-026,大神ミオ,keyword,EFFECT_TEXT,website/public/cards.json#/cards[id=293;2136;396;heb01-hBP02-026-U-1;heb01-hBP02-026-SR-2]/keyword,website/lib/simulator/engine.mjs#queueCheerDeckSearch caller hBP02-026; android-current/web/lib/simulator/engine.mjs#queueCheerDeckSearch caller hBP02-026; mandatory selected-card minimum enforced when a matching card exists,FIXED,website/lib/simulator/engine.mjs#queueCheerDeckSearch caller hBP02-026; android-current/web/lib/simulator/engine.mjs#queueCheerDeckSearch caller hBP02-026,FOCUSED_PASS,website/tests/simulator-second-cheer-search-batch.test.mjs (included in current 82/82 focused run)
hBP02-027:arts.0,hBP02-027,大神ミオ,arts.0,EFFECT_TEXT,website/public/cards.json#/cards[id=294;397;398;heb01-hBP02-027-RR-1;heb01-hBP02-027-SR-2;heb01-hBP02-027-UR-3]/arts.0,resolveGenericArtEffects hBP02-027:0 optional top-card archive -> card-group-specific Arts damage modifier,ALIGNED,,FOCUSED_PASS,"website/tests/simulator-mio-tarot-audit.test.mjs (6/6 top-card type, optionality, and damage modifier cases)"
hBP02-027:extra,hBP02-027,大神ミオ,extra,EFFECT_TEXT,website/public/cards.json#/cards[id=294;397;398;heb01-hBP02-027-RR-1;heb01-hBP02-027-SR-2;heb01-hBP02-027-UR-3]/extra,cardIsBuzz -> knockOutUnit applies printed two-Life knockout loss; no separate Extra branch required,ALIGNED,,NO_DIRECT_TEST,
hBP02-028:arts.0,hBP02-028,宝鐘マリン,arts.0,BASIC_ACTION,website/public/cards.json#/cards[id=295;201;502;heb01-hBP02-028-C-1;heb01-hBP02-028-HR-2]/arts.0,website/public/cards.json printed Arts -> shared Arts cost/damage resolver; Android catalog/source path checked,ALIGNED,,NO_DIRECT_TEST,
hBP02-028:extra,hBP02-028,宝鐘マリン,extra,EFFECT_TEXT,website/public/cards.json#/cards[id=295;201;502;heb01-hBP02-028-C-1;heb01-hBP02-028-HR-2]/extra,card.unlimited/maxCopies=99 -> validateBattleDeck and website/game/store.mjs; cardIsUnlimitedDebut also supports effect searches,ALIGNED,,NO_DIRECT_TEST,
hBP02-029:arts.0,hBP02-029,宝鐘マリン,arts.0,BASIC_ACTION,website/public/cards.json#/cards[id=296;507]/arts.0,website/public/cards.json printed Arts -> shared Arts cost/damage resolver; Android catalog/source path checked,ALIGNED,,NO_DIRECT_TEST,
hBP02-029:keyword,hBP02-029,宝鐘マリン,keyword,EFFECT_TEXT,website/public/cards.json#/cards[id=296;507]/keyword,queueCollabEffects -> generic special-damage parser -> opponent Collab-only target and 20 damage,ALIGNED,,NO_DIRECT_TEST,
hBP02-030:arts.0,hBP02-030,宝鐘マリン,arts.0,BASIC_ACTION,website/public/cards.json#/cards[id=297;2162;399]/arts.0,website/public/cards.json printed Arts -> shared Arts cost/damage resolver; Android catalog/source path checked,ALIGNED,,NO_DIRECT_TEST,
hBP02-030:arts.1,hBP02-030,宝鐘マリン,arts.1,BASIC_ACTION,website/public/cards.json#/cards[id=297;2162;399]/arts.1,website/public/cards.json printed Arts -> shared Arts cost/damage resolver; Android catalog/source path checked,ALIGNED,,NO_DIRECT_TEST,
hBP02-031:arts.0,hBP02-031,宝鐘マリン,arts.0,BASIC_ACTION,website/public/cards.json#/cards[id=298;1704;400]/arts.0,website/public/cards.json printed Arts -> shared Arts cost/damage resolver; Android catalog/source path checked,ALIGNED,,NO_DIRECT_TEST,
hBP02-031:keyword,hBP02-031,宝鐘マリン,keyword,EFFECT_TEXT,website/public/cards.json#/cards[id=298;1704;400]/keyword,queueBloomEffects -> generic special-damage parser -> opponent Collab-only target and 20 damage,ALIGNED,,NO_DIRECT_TEST,
hBP02-032:arts.0,hBP02-032,宝鐘マリン,arts.0,BASIC_ACTION,website/public/cards.json#/cards[id=299;401;1403]/arts.0,website/public/cards.json printed Arts -> shared Arts cost/damage resolver; Android catalog/source path checked,ALIGNED,,NO_DIRECT_TEST,
hBP02-032:keyword,hBP02-032,宝鐘マリン,keyword,EFFECT_TEXT,website/public/cards.json#/cards[id=299;401;1403]/keyword,hbp09Legacy_queueBloomEffects hBP02-032 once-per-turn key -> required exact-name queueDeckToHand search and shuffle,FIXED,website/lib/simulator/engine.mjs and ../android-current/web/lib/simulator/engine.mjs; NativeRules bundle validation deferred until final integration,FOCUSED_PASS,website/tests/simulator-second-named-search-batch.test.mjs (required once-per-turn Marine search; 5/5 across both cards) and android-current/tests/hbp02-011-016-alignment-release.test.mjs (Offline/PvP cases added; package run deferred until final bundle refresh)
hBP02-033:arts.0,hBP02-033,宝鐘マリン,arts.0,EFFECT_TEXT,website/public/cards.json#/cards[id=300;402;403;heb01-hBP02-033-RR-1;heb01-hBP02-033-SR-2;heb01-hBP02-033-UR-3]/arts.0,shared Arts stack-count scaling adds +20 per lower Holomen; printed Purple +50 metadata,ALIGNED,,FOCUSED_PASS,website/tests/simulator-gothic-stack-audit.test.mjs (4/4 stack-count Arts cases)
hBP02-033:keyword,hBP02-033,宝鐘マリン,keyword,EFFECT_TEXT,website/public/cards.json#/cards[id=300;402;403;heb01-hBP02-033-RR-1;heb01-hBP02-033-SR-2;heb01-hBP02-033-UR-3]/keyword,"hbp09Legacy_queueBloomEffects captures lower-Holomen count before optional archive recovery, then requires Center/Collab target for 50 special damage",ALIGNED,,FOCUSED_PASS,"website/tests/simulator-gothic-stack-audit.test.mjs (6/6 archive recovery, stack gate, and special-damage target cases)"
hBP02-034:arts.0,hBP02-034,百鬼あやめ,arts.0,BASIC_ACTION,website/public/cards.json#/cards[id=301;404;405]/arts.0,website/public/cards.json printed Arts -> shared Arts cost/damage resolver; Android catalog/source path checked,ALIGNED,,NO_DIRECT_TEST,
hBP02-034:arts.1,hBP02-034,百鬼あやめ,arts.1,EFFECT_TEXT,website/public/cards.json#/cards[id=301;404;405]/arts.1,hbp09Legacy_resolveGenericArtEffects hBP02-034:1 checks source Tool/Mascot then targets opponent Center or Collab for 30 special damage,ALIGNED,,FOCUSED_PASS,"website/tests/simulator-organic-shot-audit.test.mjs (7/7 attachment type, holder, and target cases)"
hBP02-034:extra,hBP02-034,百鬼あやめ,extra,EFFECT_TEXT,website/public/cards.json#/cards[id=301;404;405]/extra,cardIsBuzz -> knockOutUnit applies printed two-Life knockout loss; no separate Extra branch required,ALIGNED,,NO_DIRECT_TEST,
hBP02-035:arts.0,hBP02-035,沙花叉クロヱ,arts.0,BASIC_ACTION,website/public/cards.json#/cards[id=302;513]/arts.0,website/public/cards.json printed Arts -> shared Arts cost/damage resolver; Android catalog/source path checked,ALIGNED,,NO_DIRECT_TEST,
hBP02-035:extra,hBP02-035,沙花叉クロヱ,extra,EFFECT_TEXT,website/public/cards.json#/cards[id=302;513]/extra,card.unlimited/maxCopies=99 -> validateBattleDeck and website/game/store.mjs; cardIsUnlimitedDebut also supports effect searches,ALIGNED,,NO_DIRECT_TEST,
hBP02-036:arts.0,hBP02-036,沙花叉クロヱ,arts.0,BASIC_ACTION,website/public/cards.json#/cards[id=303;406]/arts.0,website/public/cards.json printed Arts -> shared Arts cost/damage resolver; Android catalog/source path checked,ALIGNED,,NO_DIRECT_TEST,
hBP02-036:keyword,hBP02-036,沙花叉クロヱ,keyword,EFFECT_TEXT,website/public/cards.json#/cards[id=303;406]/keyword,"queueCollabEffects -> queueGenericTopLook top-three tag/stage filter, required qualifying pick, and bottomOrder fallback",FIXED,website/lib/simulator/engine.mjs and ../android-current/web/lib/simulator/engine.mjs; NativeRules bundle validation deferred until final integration,FOCUSED_PASS,website/tests/simulator-holox-tag-audit.test.mjs (2/2 matching required pick and no-match bottom order) and android-current/tests/hbp02-011-016-alignment-release.test.mjs (Offline/PvP cases added; package run deferred until final bundle refresh)
hBP02-037:arts.0,hBP02-037,沙花叉クロヱ,arts.0,BASIC_ACTION,website/public/cards.json#/cards[id=304;407]/arts.0,website/public/cards.json printed Arts -> shared Arts cost/damage resolver; Android catalog/source path checked,ALIGNED,,NO_DIRECT_TEST,
hBP02-038:arts.0,hBP02-038,沙花叉クロヱ,arts.0,BASIC_ACTION,website/public/cards.json#/cards[id=305;408]/arts.0,local printed Arts name/cost/damage -> shared validatePrintedArtCost and Arts resolution; Android source path matches,ALIGNED,,NO_DIRECT_TEST,
hBP02-038:keyword,hBP02-038,沙花叉クロヱ,keyword,EFFECT_TEXT,website/public/cards.json#/cards[id=305;408]/keyword,"hbp09Legacy_queueBloomEffects -> queueCheerDeckSearch(topCount=3, required) -> mandatory eligible Cheer selection, attachment target, remaining Cheer bottom order",ALIGNED,,FOCUSED_PASS,website/tests/simulator-cheer-top-order-audit.test.mjs (5/5 deck sizes and required Cheer attachment)
hBP02-039:arts.0,hBP02-039,沙花叉クロヱ,arts.0,EFFECT_TEXT,website/public/cards.json#/cards[id=306;409]/arts.0,resolveDiceArtEffects optional HoloX Slot reveal -> top three -> +20 per Holomem -> Archive; optional Gift substitute runs only on its trigger,ALIGNED,,FOCUSED_PASS,website/tests/simulator-holox-slot-optional-audit.test.mjs; related HoloX slot path included in combined 143/143 pass
hBP02-039:keyword,hBP02-039,沙花叉クロヱ,keyword,EFFECT_TEXT,website/public/cards.json#/cards[id=306;409]/keyword,"holoXSlotReveal -> at most one revealed Support to hand, remainder to Archive; per-unit once-per-turn usage recorded only when the optional substitution is taken",ALIGNED,,FOCUSED_PASS,"website/tests/simulator-holox-slot-optional-audit.test.mjs (decline, optional Support recovery, archive remainder)"
hBP02-040:arts.0,hBP02-040,沙花叉クロヱ,arts.0,EFFECT_TEXT,website/public/cards.json#/cards[id=307;410;411]/arts.0,resolveDiceArtEffects optional HoloX Slot reveal -> top three -> +20 per Holomem -> Archive,ALIGNED,,FOCUSED_PASS,website/tests/simulator-holox-slot-once-audit.test.mjs (optional reveal and Arts scaling)
hBP02-040:keyword,hBP02-040,沙花叉クロヱ,keyword,EFFECT_TEXT,website/public/cards.json#/cards[id=307;410;411]/keyword,HoloX Slot resolution -> all three revealed cards must be Holomen with one shared stage before the once-per-turn extra Life loss,ALIGNED,,FOCUSED_PASS,website/tests/simulator-holox-slot-once-audit.test.mjs (once-per-turn trigger/condition coverage)
hBP02-041:arts.0,hBP02-041,猫又おかゆ,arts.0,EFFECT_TEXT,website/public/cards.json#/cards[id=308;412;413]/arts.0,generic Arts cost parser -> optional source Blue Cheer/Mascot payment -> Center plus one Back special-damage targets; focused payment regression reused,ALIGNED,,FOCUSED_PASS,website/tests/simulator-okayu-mascot-scope-batch417.test.mjs (payment/source and special-damage path)
hBP02-041:extra,hBP02-041,猫又おかゆ,extra,EFFECT_TEXT,website/public/cards.json#/cards[id=308;412;413]/extra,cardIsBuzz -> shared knockout resolver removes the printed two Life; no extra card-specific branch required,ALIGNED,,NO_DIRECT_TEST,
hBP02-041:keyword,hBP02-041,猫又おかゆ,keyword,EFFECT_TEXT,website/public/cards.json#/cards[id=308;412;413]/keyword,"giftSpecialDamageBonus requires the attacking source to be Okayu, applies only against opponent Center, and counts Center-position Gift sources",ALIGNED,,NO_DIRECT_TEST,
hBP02-042:arts.0,hBP02-042,紫咲シオン,arts.0,BASIC_ACTION,website/public/cards.json#/cards[id=309;514]/arts.0,local printed Arts name/cost/damage -> shared validatePrintedArtCost and Arts resolution; Android catalog checked,ALIGNED,,NO_DIRECT_TEST,
hBP02-042:extra,hBP02-042,紫咲シオン,extra,EFFECT_TEXT,website/public/cards.json#/cards[id=309;514]/extra,unlimited Debut catalogue flag/maxCopies=99 -> deck validation/editor and cardIsUnlimitedDebut search rules,ALIGNED,,NO_DIRECT_TEST,
hBP02-043:arts.0,hBP02-043,紫咲シオン,arts.0,BASIC_ACTION,website/public/cards.json#/cards[id=310;508]/arts.0,local printed Arts name/cost/damage -> shared validatePrintedArtCost and Arts resolution; Android catalog checked,ALIGNED,,NO_DIRECT_TEST,
hBP02-043:keyword,hBP02-043,紫咲シオン,keyword,EFFECT_TEXT,website/public/cards.json#/cards[id=310;508]/keyword,queueCollabEffects optional die -> resolveShionAbilityDie threshold 4 -> required #魔法 deck search when a match exists; empty result shuffles,FIXED,website/lib/simulator/engine.mjs and ../../android-current/web/lib/simulator/engine.mjs; NativeRules package tests deferred until final bundle regeneration,FOCUSED_PASS,"website/tests/simulator-shion-reroll-audit.test.mjs (19/19 Shion tests; required match and empty-result shuffle); Android Offline/PvP regression added, package execution deferred"
hBP02-044:arts.0,hBP02-044,紫咲シオン,arts.0,BASIC_ACTION,website/public/cards.json#/cards[id=311;414]/arts.0,local printed Arts name/cost/damage -> shared validatePrintedArtCost and Arts resolution; no extra effect text,ALIGNED,,NO_DIRECT_TEST,
hBP02-044:arts.1,hBP02-044,紫咲シオン,arts.1,BASIC_ACTION,website/public/cards.json#/cards[id=311;414]/arts.1,local printed Arts name/cost/damage -> shared validatePrintedArtCost and Arts resolution; no extra effect text,ALIGNED,,NO_DIRECT_TEST,
hBP02-045:arts.0,hBP02-045,紫咲シオン,arts.0,BASIC_ACTION,website/public/cards.json#/cards[id=312;415]/arts.0,local printed Arts name/cost/damage -> shared validatePrintedArtCost and Arts resolution; Android catalog checked,ALIGNED,,NO_DIRECT_TEST,
hBP02-045:keyword,hBP02-045,紫咲シオン,keyword,EFFECT_TEXT,website/public/cards.json#/cards[id=312;415]/keyword,queueGenericTopLook top-three color filter -> required one Blue/Purple Holomen when present; all revealed cards bottom when no match,FIXED,website/lib/simulator/engine.mjs and ../../android-current/web/lib/simulator/engine.mjs; NativeRules package tests deferred until final bundle regeneration,FOCUSED_PASS,"website/tests/simulator-shion-top-look-audit.test.mjs (3/3 required pick/no-match bottoming); Android Offline/PvP regression added, package execution deferred"
hBP02-046:arts.0,hBP02-046,紫咲シオン,arts.0,EFFECT_TEXT,website/public/cards.json#/cards[id=313;416]/arts.0,resolveDiceArtEffects optional roll -> threshold 5 -> required opponent Cheer move to another stage Holomen when legal,ALIGNED,,FOCUSED_PASS,website/tests/simulator-shion-recovery-audit.test.mjs and simulator-shion-reroll-audit.test.mjs (optional roll and threshold result)
hBP02-046:keyword,hBP02-046,紫咲シオン,keyword,EFFECT_TEXT,website/public/cards.json#/cards[id=313;416]/keyword,generic optional hand archive cost -> required one #魔法 Archive recovery after payment; no target ends cleanly,ALIGNED,,FOCUSED_PASS,"website/tests/simulator-shion-recovery-audit.test.mjs (5/5 payment, #Magic filter, and empty Archive)"
hBP02-047:arts.0,hBP02-047,紫咲シオン,arts.0,EFFECT_TEXT,website/public/cards.json#/cards[id=314;417;418;485]/arts.0,generic Arts dispatch -> special damage equals 20 per Cheer on opponent Center to each existing Center/Collab target,ALIGNED,,FOCUSED_PASS,website/tests/simulator-shion-audit.test.mjs (Center Cheer scaling applied to both target zones)
hBP02-047:keyword,hBP02-047,紫咲シオン,keyword,EFFECT_TEXT,website/public/cards.json#/cards[id=314;417;418;485]/keyword,optional Bloom roll -> threshold 4 -> required opponent Cheer movement when legal; shared Shion reroll window preserved,ALIGNED,,FOCUSED_PASS,website/tests/simulator-shion-reroll-audit.test.mjs (optional die and required movement after success)
hBP02-048:arts.0,hBP02-048,クレイジー・オリー,arts.0,BASIC_ACTION,website/public/cards.json#/cards[id=315;503]/arts.0,local printed Arts name/cost/damage -> shared validatePrintedArtCost and Arts resolution; Android catalog checked,ALIGNED,,NO_DIRECT_TEST,
hBP02-048:extra,hBP02-048,クレイジー・オリー,extra,EFFECT_TEXT,website/public/cards.json#/cards[id=315;503]/extra,unlimited Debut catalogue flag/maxCopies=99 -> deck validation/editor and cardIsUnlimitedDebut search rules,ALIGNED,,NO_DIRECT_TEST,
hBP02-049:arts.0,hBP02-049,クレイジー・オリー,arts.0,BASIC_ACTION,website/public/cards.json#/cards[id=316;419]/arts.0,local printed Arts name/cost/damage -> shared validatePrintedArtCost and Arts resolution; Android catalog checked,ALIGNED,,NO_DIRECT_TEST,
hBP02-049:keyword,hBP02-049,クレイジー・オリー,keyword,EFFECT_TEXT,website/public/cards.json#/cards[id=316;419]/keyword,queueCollabEffects -> draw one first -> required archive of one hand card; existing engine test checks ordering and payment,ALIGNED,,FOCUSED_PASS,website/tests/simulator-engine.test.mjs (draw-before-required-archive order)
hBP02-050:arts.0,hBP02-050,クレイジー・オリー,arts.0,BASIC_ACTION,website/public/cards.json#/cards[id=317;420]/arts.0,local printed Arts name/cost/damage -> shared validatePrintedArtCost and Arts resolution; no extra effect text,ALIGNED,,NO_DIRECT_TEST,
hBP02-050:arts.1,hBP02-050,クレイジー・オリー,arts.1,BASIC_ACTION,website/public/cards.json#/cards[id=317;420]/arts.1,local printed Arts name/cost/damage -> shared validatePrintedArtCost and Arts resolution; no extra effect text,ALIGNED,,NO_DIRECT_TEST,
hBP02-051:arts.0,hBP02-051,クレイジー・オリー,arts.0,BASIC_ACTION,website/public/cards.json#/cards[id=318;421]/arts.0,local printed Arts name/cost/damage -> shared validatePrintedArtCost and Arts resolution; Android catalog checked,ALIGNED,,NO_DIRECT_TEST,
hBP02-051:keyword,hBP02-051,クレイジー・オリー,keyword,EFFECT_TEXT,website/public/cards.json#/cards[id=318;421]/keyword,Bloom dispatcher -> optional 1st-stage Archive card -> legal #ID2期生 Debut Bloom; once-per-turn use marked on resolution,ALIGNED,,NO_DIRECT_TEST,
hBP02-052:arts.0,hBP02-052,クレイジー・オリー,arts.0,EFFECT_TEXT,website/public/cards.json#/cards[id=319;422]/arts.0,generic artConditionApplies -> +20 only with a non-Purple Cheer attached to this source,ALIGNED,,NO_DIRECT_TEST,
hBP02-052:keyword,hBP02-052,クレイジー・オリー,keyword,EFFECT_TEXT,website/public/cards.json#/cards[id=319;422]/keyword,generic Bloom keyword parser -> draw one from main deck to hand,ALIGNED,,NO_DIRECT_TEST,
hBP02-053:arts.0,hBP02-053,クレイジー・オリー,arts.0,EFFECT_TEXT,website/public/cards.json#/cards[id=320;423;424]/arts.0,stageTagLevelAtLeast counts top-stage #ID2期生 2nd Holomen and applies +40; under-stack cards do not count,ALIGNED,,FOCUSED_PASS,website/tests/simulator-id2-stage-audit.test.mjs (top-stage ID2 2nd count and under-stack exclusions)
hBP02-053:keyword,hBP02-053,クレイジー・オリー,keyword,EFFECT_TEXT,website/public/cards.json#/cards[id=320;423;424]/keyword,"generic optional hand-archive cost -> exactly two hand cards, then source Arts +40 this turn",ALIGNED,,NO_DIRECT_TEST,
hBP02-054:arts.0,hBP02-054,森カリオペ,arts.0,EFFECT_TEXT,website/public/cards.json#/cards[id=1589;321;1710;504;1737]/arts.0,generic artConditionApplies -> +10 only when Archive contains at least one Holomen,ALIGNED,,NO_DIRECT_TEST,
hBP02-054:extra,hBP02-054,森カリオペ,extra,EFFECT_TEXT,website/public/cards.json#/cards[id=1589;321;1710;504;1737]/extra,unlimited Debut catalogue flag/maxCopies=99 -> deck validation/editor and cardIsUnlimitedDebut search rules,ALIGNED,,NO_DIRECT_TEST,
hBP02-055:arts.0,hBP02-055,森カリオペ,arts.0,BASIC_ACTION,website/public/cards.json#/cards[id=322;425]/arts.0,local printed Arts name/cost/damage -> shared validatePrintedArtCost and Arts resolution; Android catalog checked,ALIGNED,,NO_DIRECT_TEST,
hBP02-055:keyword,hBP02-055,森カリオペ,keyword,EFFECT_TEXT,website/public/cards.json#/cards[id=322;425]/keyword,generic optional hand-Holomen archive cost -> then select one own #Myth for +20 Arts this turn,ALIGNED,,FOCUSED_PASS,"website/tests/simulator-calliope-collab-alignment.test.mjs (2/2 optional cost, legal #Myth target and +20 duration)"
hBP02-056:arts.0,hBP02-056,森カリオペ,arts.0,BASIC_ACTION,website/public/cards.json#/cards[id=323;426]/arts.0,local printed Arts name/cost/damage -> shared validatePrintedArtCost and Arts resolution; no extra effect text,ALIGNED,,NO_DIRECT_TEST,
hBP02-057:arts.0,hBP02-057,森カリオペ,arts.0,BASIC_ACTION,website/public/cards.json#/cards[id=324;427]/arts.0,local printed Arts name/cost/damage -> shared validatePrintedArtCost and Arts resolution; Android catalog checked,ALIGNED,,NO_DIRECT_TEST,
hBP02-057:keyword,hBP02-057,森カリオペ,keyword,EFFECT_TEXT,website/public/cards.json#/cards[id=324;427]/keyword,"card-number keyword handler validates exactly two hand Holomen share a tag; payment archives both then draws two, or may be declined",ALIGNED,,FOCUSED_PASS,"website/tests/simulator-calliope-collab-alignment.test.mjs (2/2 shared-tag pair validation, Archive payment and draw two)"
hBP02-058:arts.0,hBP02-058,森カリオペ,arts.0,EFFECT_TEXT,website/public/cards.json#/cards[id=325;428;heb01-hBP02-058-R-1;heb01-hBP02-058-SR-2]/arts.0,generic Arts condition checks this source for an attached Tool or Mascot and adds 30 to the printed 30 damage; source mirror matches,ALIGNED,,NO_DIRECT_TEST,
hBP02-058:keyword,hBP02-058,森カリオペ,keyword,EFFECT_TEXT,website/public/cards.json#/cards[id=325;428;heb01-hBP02-058-R-1;heb01-hBP02-058-SR-2]/keyword,"explicit Bloom handler filters Archive to the two named Support cards, one optional return; website and Android source mirrors",FIXED,website/lib/simulator/engine.mjs and ../../android-current/web/lib/simulator/engine.mjs; NativeRules package execution deferred until final bundle regeneration,FOCUSED_PASS,"website/tests/simulator-calliope-bloom-recovery-alignment.test.mjs (both named Support targets, optionality, and unrelated-card filter)"
hBP02-059:arts.0,hBP02-059,森カリオペ,arts.0,EFFECT_TEXT,website/public/cards.json#/cards[id=326;429;430;heb01-hBP02-059-RR-1;heb01-hBP02-059-SR-2;heb01-hBP02-059-UR-3]/arts.0,hBP02-059 Arts resolver counts only archived Holomen with #Myth and applies separate +40 thresholds at four and eight,ALIGNED,,FOCUSED_PASS,website/tests/simulator-myth-threshold-audit.test.mjs (archive thresholds 0/3/4/7/8/9 and non-Myth exclusions)
hBP02-059:keyword,hBP02-059,森カリオペ,keyword,EFFECT_TEXT,website/public/cards.json#/cards[id=326;429;430;heb01-hBP02-059-RR-1;heb01-hBP02-059-SR-2;heb01-hBP02-059-UR-3]/keyword,"Bloom handler shifts the actual deck-top card to Archive, tracks deckArchived, shuffles the remainder and does not offer a card choice; mirrors aligned",FIXED,website/lib/simulator/engine.mjs and ../../android-current/web/lib/simulator/engine.mjs; NativeRules package execution deferred until final bundle regeneration,FOCUSED_PASS,website/tests/simulator-calliope-soul-voice-alignment.test.mjs (top card auto-archives; remainder stays in the deck)
hBP02-060:arts.0,hBP02-060,癒月ちょこ,arts.0,BASIC_ACTION,website/public/cards.json#/cards[id=327;431]/arts.0,"printed Arts name, cost and damage resolve through the shared printed-Arts path",ALIGNED,,NO_DIRECT_TEST,
hBP02-060:extra,hBP02-060,癒月ちょこ,extra,EFFECT_TEXT,website/public/cards.json#/cards[id=327;431]/extra,Buzz catalogue/type flag reaches the common knockout path that removes two Life,ALIGNED,,NO_DIRECT_TEST,
hBP02-060:keyword,hBP02-060,癒月ちょこ,keyword,EFFECT_TEXT,website/public/cards.json#/cards[id=327;431]/keyword,explicit optional damaged-Back target; healStageUnit caps recovery at 50 and follow-up special damage uses the actual amount healed,ALIGNED,,NO_DIRECT_TEST,
hBP02-061:arts.0,hBP02-061,一伊那尓栖,arts.0,BASIC_ACTION,website/public/cards.json#/cards[id=2322;328;2448;515]/arts.0,"printed Arts name, cost and damage resolve through the shared printed-Arts path",ALIGNED,,NO_DIRECT_TEST,
hBP02-061:extra,hBP02-061,一伊那尓栖,extra,EFFECT_TEXT,website/public/cards.json#/cards[id=2322;328;2448;515]/extra,unlimited-Debut flag and card copy limit are consumed by shared deck validation and unlimited-Debut filtering,ALIGNED,,NO_DIRECT_TEST,
hBP02-062:arts.0,hBP02-062,一伊那尓栖,arts.0,BASIC_ACTION,website/public/cards.json#/cards[id=329;432]/arts.0,"printed Arts name, cost and damage resolve through the shared printed-Arts path",ALIGNED,,NO_DIRECT_TEST,
hBP02-063:arts.0,hBP02-063,一伊那尓栖,arts.0,BASIC_ACTION,website/public/cards.json#/cards[id=330;433]/arts.0,"printed Arts name, cost and damage resolve through the shared printed-Arts path",ALIGNED,,NO_DIRECT_TEST,
hBP02-063:keyword,hBP02-063,一伊那尓栖,keyword,EFFECT_TEXT,website/public/cards.json#/cards[id=330;433]/keyword,Bloom handler selects one own #Myth target and applies 20 healing; focused target/heal regression reused,ALIGNED,,FOCUSED_PASS,website/tests/simulator-ina-heal-audit.test.mjs (mandatory #Myth target and actual recovery amounts)
hBP02-064:arts.0,hBP02-064,一伊那尓栖,arts.0,EFFECT_TEXT,website/public/cards.json#/cards[id=331;434;435]/arts.0,"Arts handler counts archived #Myth Holomen, enables one optional source-Cheer move at five, and adds 50 at ten",ALIGNED,,FOCUSED_PASS,"website/tests/simulator-ina-transfer-audit.test.mjs (Myth thresholds, source Cheer, legal other target)"
hBP02-064:extra,hBP02-064,一伊那尓栖,extra,EFFECT_TEXT,website/public/cards.json#/cards[id=331;434;435]/extra,Buzz catalogue/type flag reaches the common two-Life knockout path,ALIGNED,,NO_DIRECT_TEST,
hBP02-065:arts.0,hBP02-065,ネリッサ・レイヴンクロフト,arts.0,EFFECT_TEXT,website/public/cards.json#/cards[id=1262;332;1373;1106;hbp09-hBP02-065_C_02]/arts.0,generic Arts condition uses effective Cheer colors on this source and adds ten only with red Cheer,ALIGNED,,NO_DIRECT_TEST,
hBP02-065:extra,hBP02-065,ネリッサ・レイヴンクロフト,extra,EFFECT_TEXT,website/public/cards.json#/cards[id=1262;332;1373;1106;hbp09-hBP02-065_C_02]/extra,unlimited-Debut flag and card copy limit are consumed by shared deck validation and unlimited-Debut filtering,ALIGNED,,NO_DIRECT_TEST,
hBP02-066:arts.0,hBP02-066,ネリッサ・レイヴンクロフト,arts.0,BASIC_ACTION,website/public/cards.json#/cards[id=333;436]/arts.0,"printed first Arts name, cost and damage resolve through the shared printed-Arts path",ALIGNED,,NO_DIRECT_TEST,
hBP02-066:arts.1,hBP02-066,ネリッサ・レイヴンクロフト,arts.1,BASIC_ACTION,website/public/cards.json#/cards[id=333;436]/arts.1,"printed second Arts name, cost and damage resolve through the shared printed-Arts path",ALIGNED,,NO_DIRECT_TEST,
hBP02-067:arts.0,hBP02-067,ネリッサ・レイヴンクロフト,arts.0,BASIC_ACTION,website/public/cards.json#/cards[id=334;437;2045;heb01-hBP02-067-U-1;heb01-hBP02-067-SR-2]/arts.0,"printed Arts name, cost and damage resolve through the shared printed-Arts path",ALIGNED,,NO_DIRECT_TEST,
hBP02-067:keyword,hBP02-067,ネリッサ・レイヴンクロフト,keyword,EFFECT_TEXT,website/public/cards.json#/cards[id=334;437;2045;heb01-hBP02-067-U-1;heb01-hBP02-067-SR-2]/keyword,top-three helper now requires one #歌 Holomen if present and bottoms the remaining viewed cards in chosen order,FIXED,website/lib/simulator/engine.mjs and ../../android-current/web/lib/simulator/engine.mjs; NativeRules package execution deferred until final bundle regeneration,FOCUSED_PASS,website/tests/simulator-nerissa-top-three-audit.test.mjs (mandatory match and no-match bottom ordering)
hBP02-068:arts.0,hBP02-068,ネリッサ・レイヴンクロフト,arts.0,BASIC_ACTION,website/public/cards.json#/cards[id=335;438]/arts.0,"printed Arts name, cost and damage resolve through the shared printed-Arts path",ALIGNED,,NO_DIRECT_TEST,
hBP02-068:keyword,hBP02-068,ネリッサ・レイヴンクロフト,keyword,EFFECT_TEXT,website/public/cards.json#/cards[id=335;438]/keyword,Collab keyword parser applies +30 this turn only to own Center/Collab Holomen carrying #歌,ALIGNED,,NO_DIRECT_TEST,
hBP02-069:arts.0,hBP02-069,魔法少女みこ,arts.0,BASIC_ACTION,website/public/cards.json#/cards[id=336;439]/arts.0,"printed Arts name, cost and damage resolve through the shared printed-Arts path",ALIGNED,,NO_DIRECT_TEST,
hBP02-069:extra,hBP02-069,魔法少女みこ,extra,EFFECT_TEXT,website/public/cards.json#/cards[id=336;439]/extra,Spot cannot-Bloom text is enforced by shared Bloom eligibility; its keyword fix was recorded in Batch 30,ALIGNED,,NO_DIRECT_TEST,
hBP02-069:keyword,hBP02-069,魔法少女みこ,keyword,EFFECT_TEXT,website/public/cards.json#/cards[id=336;439]/keyword,website/lib/simulator/engine.mjs#magicPairCheerRoll resolver; android-current/web/lib/simulator/engine.mjs#magicPairCheerRoll resolver; mandatory selected-card minimum enforced when a matching card exists,FIXED,website/lib/simulator/engine.mjs#magicPairCheerRoll resolver; android-current/web/lib/simulator/engine.mjs#magicPairCheerRoll resolver,FOCUSED_PASS,website/tests/simulator-magic-pair-cheer-audit.test.mjs (included in current 82/82 focused run)
hBP02-070:arts.0,hBP02-070,魔法少女かなた,arts.0,BASIC_ACTION,website/public/cards.json#/cards[id=337;440]/arts.0,"printed Arts name, cost and damage resolve through the shared printed-Arts path",ALIGNED,,NO_DIRECT_TEST,
hBP02-070:extra,hBP02-070,魔法少女かなた,extra,EFFECT_TEXT,website/public/cards.json#/cards[id=337;440]/extra,Spot cannot-Bloom text is enforced by shared Bloom eligibility; its keyword fix was recorded in Batch 30,ALIGNED,,NO_DIRECT_TEST,
hBP02-070:keyword,hBP02-070,魔法少女かなた,keyword,EFFECT_TEXT,website/public/cards.json#/cards[id=337;440]/keyword,website/lib/simulator/engine.mjs#magicPairCheerRoll resolver; android-current/web/lib/simulator/engine.mjs#magicPairCheerRoll resolver; mandatory selected-card minimum enforced when a matching card exists,FIXED,website/lib/simulator/engine.mjs#magicPairCheerRoll resolver; android-current/web/lib/simulator/engine.mjs#magicPairCheerRoll resolver,FOCUSED_PASS,website/tests/simulator-magic-pair-cheer-audit.test.mjs (included in current 82/82 focused run)
hBP02-071:arts.0,hBP02-071,魔法少女ルーナ,arts.0,BASIC_ACTION,website/public/cards.json#/cards[id=338;441]/arts.0,"printed Arts name, cost and damage resolve through the shared printed-Arts path",ALIGNED,,NO_DIRECT_TEST,
hBP02-071:extra,hBP02-071,魔法少女ルーナ,extra,EFFECT_TEXT,website/public/cards.json#/cards[id=338;441]/extra,Spot cannot-Bloom text is enforced by shared Bloom eligibility; its keyword fix was recorded in Batch 30,ALIGNED,,NO_DIRECT_TEST,
hBP02-071:keyword,hBP02-071,魔法少女ルーナ,keyword,EFFECT_TEXT,website/public/cards.json#/cards[id=338;441]/keyword,website/lib/simulator/engine.mjs#magicPairCheerRoll resolver; android-current/web/lib/simulator/engine.mjs#magicPairCheerRoll resolver; mandatory selected-card minimum enforced when a matching card exists,FIXED,website/lib/simulator/engine.mjs#magicPairCheerRoll resolver; android-current/web/lib/simulator/engine.mjs#magicPairCheerRoll resolver,FOCUSED_PASS,website/tests/simulator-magic-pair-cheer-audit.test.mjs (included in current 82/82 focused run)
hBP02-072:arts.0,hBP02-072,魔法少女シオン,arts.0,BASIC_ACTION,website/public/cards.json#/cards[id=339;442]/arts.0,"printed Arts name, cost and damage resolve through the shared printed-Arts path",ALIGNED,,NO_DIRECT_TEST,
hBP02-072:extra,hBP02-072,魔法少女シオン,extra,EFFECT_TEXT,website/public/cards.json#/cards[id=339;442]/extra,Spot cannot-Bloom text is enforced by shared Bloom eligibility,ALIGNED,,NO_DIRECT_TEST,
hBP02-072:keyword,hBP02-072,魔法少女シオン,keyword,EFFECT_TEXT,website/public/cards.json#/cards[id=339;442]/keyword,"optional die stays optional; successful even roll now requires the matching Event when found, while no match shuffles and completes",FIXED,website/lib/simulator/engine.mjs and ../../android-current/web/lib/simulator/engine.mjs; NativeRules package execution deferred until final bundle regeneration,FOCUSED_PASS,website/tests/simulator-magic-support-audit.test.mjs (all die values; matching search required; no-match shuffle)
hBP02-073:arts.0,hBP02-073,魔法少女マリン,arts.0,BASIC_ACTION,website/public/cards.json#/cards[id=340;443]/arts.0,"printed Arts name, cost and damage resolve through the shared printed-Arts path",ALIGNED,,NO_DIRECT_TEST,
hBP02-073:extra,hBP02-073,魔法少女マリン,extra,EFFECT_TEXT,website/public/cards.json#/cards[id=340;443]/extra,Spot cannot-Bloom text is enforced by shared Bloom eligibility,ALIGNED,,NO_DIRECT_TEST,
hBP02-073:keyword,hBP02-073,魔法少女マリン,keyword,EFFECT_TEXT,website/public/cards.json#/cards[id=340;443]/keyword,"optional die stays optional; successful even roll now requires the matching Fan when found, while no match shuffles and completes",FIXED,website/lib/simulator/engine.mjs and ../../android-current/web/lib/simulator/engine.mjs; NativeRules package execution deferred until final bundle regeneration,FOCUSED_PASS,website/tests/simulator-magic-support-audit.test.mjs (all die values; matching search required; no-match shuffle)
hBP02-074:arts.0,hBP02-074,魔法少女クロヱ,arts.0,BASIC_ACTION,website/public/cards.json#/cards[id=341;444]/arts.0,"printed Arts name, cost and damage resolve through the shared printed-Arts path",ALIGNED,,NO_DIRECT_TEST,
hBP02-074:extra,hBP02-074,魔法少女クロヱ,extra,EFFECT_TEXT,website/public/cards.json#/cards[id=341;444]/extra,Spot cannot-Bloom text is enforced by shared Bloom eligibility,ALIGNED,,NO_DIRECT_TEST,
hBP02-074:keyword,hBP02-074,魔法少女クロヱ,keyword,EFFECT_TEXT,website/public/cards.json#/cards[id=341;444]/keyword,"optional die stays optional; successful even roll now requires the matching Tool when found, while no match shuffles and completes",FIXED,website/lib/simulator/engine.mjs and ../../android-current/web/lib/simulator/engine.mjs; NativeRules package execution deferred until final bundle regeneration,FOCUSED_PASS,website/tests/simulator-magic-support-audit.test.mjs (all die values; matching search required; no-match shuffle)
hBP02-075:abilityText,hBP02-075,アイドルサインペン,abilityText,EFFECT_TEXT,website/public/cards.json#/cards[id=342;448]/abilityText,"catalogue route applies hand limit six, looks at four, permits any count of #絵 Holomen to hand and bottoms the rest; Limited is enforced on support commit",ALIGNED,,NO_DIRECT_TEST,
hBP02-076:abilityText,hBP02-076,カスタムパソコン,abilityText,EFFECT_TEXT,website/public/cards.json#/cards[id=343;844;449]/abilityText,Custom Computer returns a selected Debut to deck bottom then requires a same-talent non-Buzz 1st when found; no-match path shuffles,FIXED,website/lib/simulator/engine.mjs and ../../android-current/web/lib/simulator/engine.mjs; NativeRules package execution deferred until final bundle regeneration,FOCUSED_PASS,website/tests/simulator-custom-computer-audit.test.mjs (required same-name search and no-match shuffle)
hBP02-077:abilityText,hBP02-077,レトロパソコン,abilityText,EFFECT_TEXT,website/public/cards.json#/cards[id=344;845;450]/abilityText,"Retro Computer enforces life at three or fewer, filters Archive to Holomen, and Limited is enforced on support commit",ALIGNED,,NO_DIRECT_TEST,
hBP02-078:abilityText,hBP02-078,かなた建設,abilityText,EFFECT_TEXT,website/public/cards.json#/cards[id=345;451]/abilityText,"TOP_LOOK_EFFECTS name predicate includes Kanata, AZKi and Chloe; shared top-four resolver allows any count, puts remainder on deck bottom, enforces six-card hand gate and Limited commit",ALIGNED,,FOCUSED_PASS,"website/tests/simulator-hbp02-toplook-alignment.test.mjs (name filter, top four, any matching count, bottom order, hand gate)"
hBP02-079:abilityText,hBP02-079,爆発の魔法,abilityText,EFFECT_TEXT,website/public/cards.json#/cards[id=346;452;1107]/abilityText,explosionMagic handler targets opponent Center/Collab for 20 special damage with loseLife false and shares the magicEvent once-per-turn key with the other #魔法 event,ALIGNED,,FOCUSED_PASS,"website/tests/simulator-hbp02-078-097-direct-alignment.test.mjs (20 special damage, no Life loss on KO, shared #魔法 limit)"
hBP02-080:abilityText,hBP02-080,秘密結社holoX,abilityText,EFFECT_TEXT,website/public/cards.json#/cards[id=347;453;1745]/abilityText,"TOP_LOOK_EFFECTS #秘密結社holoX predicate and shared top-four, hand-limit, optional selection, bottom-order and Limited paths match local text",ALIGNED,,FOCUSED_PASS,"website/tests/simulator-hbp02-toplook-alignment.test.mjs (tag filter, top four, any matching count, bottom order, hand gate)"
hBP02-081:abilityText,hBP02-081,ホロライブ インドネシア2期生,abilityText,EFFECT_TEXT,website/public/cards.json#/cards[id=348;454]/abilityText,"TOP_LOOK_EFFECTS #ID2期生 predicate and shared top-four, hand-limit, optional selection, bottom-order and Limited paths match local text",ALIGNED,,FOCUSED_PASS,"website/tests/simulator-hbp02-toplook-alignment.test.mjs (tag filter, top four, any matching count, bottom order, hand gate)"
hBP02-082:abilityText,hBP02-082,ホロライブゲーマーズ,abilityText,EFFECT_TEXT,website/public/cards.json#/cards[id=349;455]/abilityText,"TOP_LOOK_EFFECTS #ゲーマーズ predicate and shared top-four, hand-limit, optional selection, bottom-order and Limited paths match local text",ALIGNED,,FOCUSED_PASS,"website/tests/simulator-hbp02-toplook-alignment.test.mjs (tag filter, top four, any matching count, bottom order, hand gate)"
hBP02-083:abilityText,hBP02-083,魔法のタンス,abilityText,EFFECT_TEXT,website/public/cards.json#/cards[id=350;456]/abilityText,"magicWardrobe checks and archives one Holo Power, selects one purple Cheer to own Shion, and shares the once-per-turn #魔法 event usage key",ALIGNED,,FOCUSED_PASS,"website/tests/simulator-hbp02-078-097-direct-alignment.test.mjs (Holo Power payment, purple Cheer target and shared #魔法 marker)"
hBP02-084:abilityText,hBP02-084,みっころね24,abilityText,EFFECT_TEXT,website/public/cards.json#/cards[id=351;959;1066;457;458]/abilityText,"mikkorone24 draws two before rolling; 3/5/6 requires a found Debut, 2/4 draws one more, and the Limited flag uses the shared support limit",ALIGNED,,FOCUSED_PASS,"website/tests/simulator-mikkorone24-audit.test.mjs (all die values, mandatory found Debut, no-match shuffle)"
hBP02-085:abilityText,hBP02-085,HOLOLIVE FANTASY,abilityText,EFFECT_TEXT,website/public/cards.json#/cards[id=352;1154;459;1164]/abilityText,"TOP_LOOK_EFFECTS #3期生 predicate and shared top-four, hand-limit, optional selection, bottom-order and Limited paths match local text",ALIGNED,,FOCUSED_PASS,"website/tests/simulator-hbp02-toplook-alignment.test.mjs (tag filter, top four, any matching count, bottom order, hand gate)"
hBP02-086:abilityText,hBP02-086,ホロスパークリング,abilityText,EFFECT_TEXT,website/public/cards.json#/cards[id=353;460]/abilityText,attachment text parser grants Arts +20 and received damage +10 only when the holder lacks #お酒; shared capacity allows one Tool per Holomen,ALIGNED,,FOCUSED_PASS,website/tests/simulator-hbp02-078-097-direct-alignment.test.mjs and simulator-audit-regression.test.mjs (Arts bonus and conditional received damage)
hBP02-087:abilityText,hBP02-087,紫咲シオンの魔法のステッキ,abilityText,EFFECT_TEXT,website/public/cards.json#/cards[id=354;461]/abilityText,attachment parser grants Arts +10; Shion manual-skill limit adds one use only for own 1st+ Shion in Center; shared Tool capacity is one,ALIGNED,,FOCUSED_PASS,website/tests/simulator-shion-reroll-audit.test.mjs (Arts bonus and added Shion skill use with holder/zone boundaries)
hBP02-088:abilityText,hBP02-088,森カリオペの鎌,abilityText,EFFECT_TEXT,website/public/cards.json#/cards[id=355;462]/abilityText,attachment parser grants Arts +10; hand-entry trigger archives the actual deck top only for Calliope 1st+; deckArchived accounting is tracked,ALIGNED,,FOCUSED_PASS,"website/tests/simulator-calliope-tool-audit.test.mjs (hand-entry stages, actual deck-top Archive and Arts threshold)"
hBP02-089:abilityText,hBP02-089,おるやんけ,abilityText,EFFECT_TEXT,website/public/cards.json#/cards[id=356;463]/abilityText,attachment text grants HP +20 and Fubuki-only Collab trigger draws one after Collab moves the deck top to Holo Power,ALIGNED,,FOCUSED_PASS,website/tests/simulator-hbp02-078-097-direct-alignment.test.mjs (Fubuki Collab draw ordering)
hBP02-090:abilityText,hBP02-090,ネジマキツネ,abilityText,EFFECT_TEXT,website/public/cards.json#/cards[id=357;464]/abilityText,Fubuki-only knockout trigger requires a Cheer on the defeated holder and transfers exactly one to another own Holomen; HP +20 is unconditional,ALIGNED,,FOCUSED_PASS,"website/tests/simulator-windup-fox-audit.test.mjs (one Cheer transfer, Fubuki gate, HP +20)"
hBP02-091:abilityText,hBP02-091,フブチュン,abilityText,EFFECT_TEXT,website/public/cards.json#/cards[id=358;465]/abilityText,Fubuki-only Collab trigger optionally returns one Support Mascot from Archive to hand; HP +20 is unconditional,ALIGNED,,FOCUSED_PASS,website/tests/simulator-hbp02-078-097-direct-alignment.test.mjs (optional Archive Mascot return on Fubuki Collab)
hBP02-092:abilityText,hBP02-092,フブラ,abilityText,EFFECT_TEXT,website/public/cards.json#/cards[id=359;466]/abilityText,"Fubura manual skill requires Fubuki and two Cheer on that same unit, archives both, is once per attachment per turn and grants Arts +50 through turn end; HP +20 is unconditional",ALIGNED,,FOCUSED_PASS,"website/tests/simulator-fubura-audit.test.mjs (cost, target, cancellation, once-per-turn and Arts bonus)"
hBP02-093:abilityText,hBP02-093,ミテイル,abilityText,EFFECT_TEXT,website/public/cards.json#/cards[id=360;467]/abilityText,attachment parser grants HP +20; Fubuki holder is immune to opposing damage only in Back positions,ALIGNED,,FOCUSED_PASS,website/tests/simulator-miteiru-hp-audit.test.mjs and simulator-audit-regression.test.mjs (HP and Back-only Fubuki damage immunity)
hBP02-094:abilityText,hBP02-094,Tatang,abilityText,EFFECT_TEXT,website/public/cards.json#/cards[id=361;468]/abilityText,attachment parser grants Arts +10 and conditional HP +30 to Pavolia Reine; shared Mascot capacity is one,ALIGNED,,FOCUSED_PASS,website/tests/simulator-hbp02-078-097-direct-alignment.test.mjs (Arts +10 and Reine conditional HP +30)
hBP02-095:abilityText,hBP02-095,ドクロくん,abilityText,EFFECT_TEXT,website/public/cards.json#/cards[id=362;469]/abilityText,"attachment parser grants Arts +10; center Marine Bloom draws one, with no draw for other names or zones",ALIGNED,,FOCUSED_PASS,website/tests/simulator-hbp02-078-097-direct-alignment.test.mjs (center Marine Bloom trigger)
hBP02-096:abilityText,hBP02-096,イヌ,abilityText,EFFECT_TEXT,website/public/cards.json#/cards[id=363;470]/abilityText,Chloe knockout trigger may attach one archived Cheer to own #秘密結社holoX; shared archive-Cheer picker now requires at least one legal recipient before it offers the Cheer,FIXED,website/lib/simulator/engine.mjs and ../../android-current/web/lib/simulator/engine.mjs; tests/simulator-hbp02-078-097-direct-alignment.test.mjs; Android NativeRules rebuild deferred until final integration,FOCUSED_PASS,website/tests/simulator-hbp02-078-097-direct-alignment.test.mjs (valid recipient transfer and no-recipient regression; failed before helper fix)
hBP02-097:abilityText,hBP02-097,UDIN,abilityText,EFFECT_TEXT,website/public/cards.json#/cards[id=364;471]/abilityText,"attachment parser grants Arts +10; Ollie Bloom draws first, then requires one post-draw hand card to Archive when available",ALIGNED,,FOCUSED_PASS,"website/tests/simulator-udin-audit.test.mjs (draw-before-archive, empty-deck/hand boundaries and Arts +10)"
hBP02-098:abilityText,hBP02-098,Death-sensei,abilityText,EFFECT_TEXT,website/public/cards.json#/cards[id=365;472]/abilityText,Mascot attachment parser and effective Arts-cost path; each Death-sensei converts one Mori Calliope Arts Cheer to colorless,ALIGNED,,FOCUSED_PASS,website/tests/simulator-hbp02-098-102-hbp03-001-008-alignment.test.mjs; direct Calliope Arts cost conversion and per-copy colorless cost
hBP02-099:abilityText,hBP02-099,すこん部,abilityText,EFFECT_TEXT,website/public/cards.json#/cards[id=366;473]/abilityText,Mascot attachment parser grants +10 HP; Fubuki-only legal target filter and duplicate stacking match local text,ALIGNED,,FOCUSED_PASS,"website/tests/simulator-hbp02-098-102-hbp03-001-008-alignment.test.mjs; own-Fubuki attachment filter, duplicate HP and knockout boundary"
hBP02-100:abilityText,hBP02-100,白銀聖騎士団,abilityText,EFFECT_TEXT,website/public/cards.json#/cards[id=367;474]/abilityText,Noel attachment grants +10 HP and reduces damage received by 10 for the holder,ALIGNED,,FOCUSED_PASS,website/tests/simulator-audit-regression.test.mjs; Noel HP and damage-reduction attachment behavior
hBP02-101:abilityText,hBP02-101,ミオファ,abilityText,EFFECT_TEXT,website/public/cards.json#/cards[id=368;475]/abilityText,Mio knockout trigger iterates each attached MioFa and draws one per copy during opponent turn,FIXED,website/lib/simulator/engine.mjs and ../../android-current/web/lib/simulator/engine.mjs; tests/simulator-hbp02-098-102-hbp03-001-008-alignment.test.mjs; Android NativeRules bundle execution deferred until final integration,FOCUSED_PASS,website/tests/simulator-hbp02-098-102-hbp03-001-008-alignment.test.mjs; multiple MioFa copies draw individually
hBP02-102:abilityText,hBP02-102,塩っ子,abilityText,EFFECT_TEXT,website/public/cards.json#/cards[id=369;476]/abilityText,Shion attachment grants +10 Arts and archives one attached Cheer before positive damage resolves,ALIGNED,,FOCUSED_PASS,website/tests/simulator-shion-fan-zero-audit.test.mjs; positive-damage Cheer archive and zero-damage boundary
hBP03-001:oshiSkill,hBP03-001,姫森ルーナ,oshiSkill,EFFECT_TEXT,website/public/cards.json#/cards[id=565;678]/oshiSkill,"Luna normal-skill registration requires 2 Holo Power and searches one card whose name contains パソコン, then shuffles",FIXED,website/lib/simulator/engine.mjs and ../../android-current/web/lib/simulator/engine.mjs; tests/simulator-hbp02-098-102-hbp03-001-008-alignment.test.mjs; Android NativeRules bundle execution deferred until final integration,FOCUSED_PASS,"website/tests/simulator-hbp02-098-102-hbp03-001-008-alignment.test.mjs and simulator-luna-watame-search-batch.test.mjs; matching/no-match search, mandatory pick and shuffle"
hBP03-001:spOshiSkill,hBP03-001,姫森ルーナ,spOshiSkill,EFFECT_TEXT,website/public/cards.json#/cards[id=565;678]/spOshiSkill,"Luna SP gate, 1–4 Lounight reveal, legal own Holomen allocation, and final shuffle match local text",ALIGNED,,FOCUSED_PASS,"website/tests/simulator-hbp02-098-102-hbp03-001-008-alignment.test.mjs; Luna gate, Lounight quantity and recipient legality"
hBP03-002:oshiSkill,hBP03-002,獅白ぼたん,oshiSkill,EFFECT_TEXT,website/public/cards.json#/cards[id=566;679;680]/oshiSkill,Botan normal skill moves one Archived Cheer to own Back Botan,ALIGNED,,FOCUSED_PASS,website/tests/simulator-botan-poi-audit.test.mjs; normal-skill archive Cheer destination and timing
hBP03-002:spOshiSkill,hBP03-002,獅白ぼたん,spOshiSkill,EFFECT_TEXT,website/public/cards.json#/cards[id=566;679;680]/spOshiSkill,Botan SP green front-stage gate and non-Debut opponent front target span Center and Collab,FIXED,website/lib/simulator/engine.mjs and ../../android-current/web/lib/simulator/engine.mjs; tests/simulator-hbp02-098-102-hbp03-001-008-alignment.test.mjs; Android NativeRules bundle execution deferred until final integration,FOCUSED_PASS,website/tests/simulator-hbp02-098-102-hbp03-001-008-alignment.test.mjs; green front-stage gate and opponent front target
hBP03-003:oshiSkill,hBP03-003,さくらみこ,oshiSkill,EFFECT_TEXT,website/public/cards.json#/cards[id=567;681;682]/oshiSkill,Miko normal skill optional die branches recover one or two 35P cards on the printed results,ALIGNED,,FOCUSED_PASS,website/tests/simulator-miko-oshi-recovery-audit.test.mjs; each die result and recovery quantity
hBP03-003:spOshiSkill,hBP03-003,さくらみこ,spOshiSkill,EFFECT_TEXT,website/public/cards.json#/cards[id=567;681;682]/spOshiSkill,"Miko SP red-Center gate, ordered hand-to-deck-bottom choice, then draw until five",ALIGNED,,FOCUSED_PASS,website/tests/simulator-hbp02-098-102-hbp03-001-008-alignment.test.mjs; bottom ordering and draw-to-five
hBP03-004:oshiSkill,hBP03-004,FUWAMOCO,oshiSkill,EFFECT_TEXT,website/public/cards.json#/cards[id=568;683]/oshiSkill,FUWAMOCO normal skill pays 3 Holo Power then attaches Cheer deck top to 1st Mococo,ALIGNED,,FOCUSED_PASS,"website/tests/simulator-hbp02-098-102-hbp03-001-008-alignment.test.mjs and simulator-oshi-prerequisites-124.test.mjs; payment, first-Mococo target and attachment"
hBP03-004:spOshiSkill,hBP03-004,FUWAMOCO,spOshiSkill,EFFECT_TEXT,website/public/cards.json#/cards[id=568;683]/spOshiSkill,FUWAMOCO SP grants Back-targeting permission only to the selected #Advent Holomen,ALIGNED,,FOCUSED_PASS,website/tests/simulator-hbp02-098-102-hbp03-001-008-alignment.test.mjs; #Advent targeting permission scope
hBP03-005:oshiSkill,hBP03-005,常闇トワ,oshiSkill,EFFECT_TEXT,website/public/cards.json#/cards[id=569;684;685]/oshiSkill,Towa normal skill buffs #歌 Holomen in Center and Collab only,ALIGNED,,FOCUSED_PASS,website/tests/simulator-hbp02-098-102-hbp03-001-008-alignment.test.mjs; #歌 Center/Collab target filter
hBP03-005:spOshiSkill,hBP03-005,常闇トワ,spOshiSkill,EFFECT_TEXT,website/public/cards.json#/cards[id=569;684;685]/spOshiSkill,Towa SP opponent-turn DOWN reaction bottoms up to two Cheer from each eligible Center/Collab in player order,ALIGNED,,FOCUSED_PASS,"website/tests/simulator-towa-down-batch398.test.mjs; opponent-turn trigger, per-unit quantity and bottom order"
hBP03-006:oshiSkill,hBP03-006,戌神ころね,oshiSkill,EFFECT_TEXT,website/public/cards.json#/cards[id=570;686;835]/oshiSkill,Korone normal skill readies an own rested Korone and records the named-skill marker used by her printed Arts path,ALIGNED,,FOCUSED_PASS,website/tests/simulator-korone-stamina-batch325.test.mjs; rested Korone target and named Arts marker scope
hBP03-006:spOshiSkill,hBP03-006,戌神ころね,spOshiSkill,EFFECT_TEXT,website/public/cards.json#/cards[id=570;686;835]/spOshiSkill,Korone SP yellow DOWN reaction transfers one Cheer then recovers one Cheer from the defeated stack,ALIGNED,,FOCUSED_PASS,website/tests/simulator-korone-down-batch399.test.mjs; yellow defeated-unit transfer and recovery
hBP03-007:oshiSkill,hBP03-007,角巻わため,oshiSkill,EFFECT_TEXT,website/public/cards.json#/cards[id=571;687;688]/oshiSkill,"Watame normal skill searches a matching Fan as a required choice when present, then shuffles",FIXED,website/lib/simulator/engine.mjs and ../../android-current/web/lib/simulator/engine.mjs; tests/simulator-hbp02-098-102-hbp03-001-008-alignment.test.mjs; Android NativeRules bundle execution deferred until final integration,FOCUSED_PASS,website/tests/simulator-hbp02-098-102-hbp03-001-008-alignment.test.mjs and simulator-luna-watame-search-batch.test.mjs; required matching Fan and no-match shuffle
hBP03-007:spOshiSkill,hBP03-007,角巻わため,spOshiSkill,EFFECT_TEXT,website/public/cards.json#/cards[id=571;687;688]/spOshiSkill,Watame SP selects one own Watame recipient and attaches both revealed top Cheer to that same unit,FIXED,website/lib/simulator/engine.mjs and ../../android-current/web/lib/simulator/engine.mjs; tests/simulator-hbp02-098-102-hbp03-001-008-alignment.test.mjs; Android NativeRules bundle execution deferred until final integration,FOCUSED_PASS,website/tests/simulator-hbp02-098-102-hbp03-001-008-alignment.test.mjs; second Cheer remains locked to first Watame recipient
hBP03-008:oshiSkill,hBP03-008,アユンダ・リス,oshiSkill,EFFECT_TEXT,website/public/cards.json#/cards[id=572;689]/oshiSkill,Risu normal skill is once per turn and draws one after an own #ID1 Holomen is knocked out,ALIGNED,,FOCUSED_PASS,"website/tests/simulator-risu-own-turn-audit.test.mjs and simulator-reaction-audit.test.mjs; own #ID1 knockout, timing and once-per-turn limit"
hBP03-008:spOshiSkill,hBP03-008,アユンダ・リス,spOshiSkill,EFFECT_TEXT,website/public/cards.json#/cards[id=572;689]/spOshiSkill,Risu SP grants +50 Arts to all own Risu Holomen and no unrelated units,ALIGNED,,FOCUSED_PASS,website/tests/simulator-hbp02-098-102-hbp03-001-008-alignment.test.mjs; all own Risu receive Arts buff; other Holomen do not
hBP03-009:arts.0,hBP03-009,姫森ルーナ,arts.0,EFFECT_TEXT,website/public/cards.json#/cards[id=1584;573;812]/arts.0,"artConditionApplies plus queueDeckAttachmentToStage: no-stage-Lounight condition, Lounight search and own legal attachment target",ALIGNED,,FOCUSED_PASS,"website/tests/simulator-luna-debut-search-audit.test.mjs (Lounight-present suppression, no-match and matching attachment flow)"
hBP03-009:extra,hBP03-009,姫森ルーナ,extra,EFFECT_TEXT,website/public/cards.json#/cards[id=1584;573;812]/extra,cards.json unlimited/maxCopies metadata and shared deck-validation unlimited-Debut rule,ALIGNED,,NO_DIRECT_TEST,
hBP03-010:arts.0,hBP03-010,姫森ルーナ,arts.0,BASIC_ACTION,website/public/cards.json#/cards[id=574;2163;690]/arts.0,cards.json printed White cost and 20 damage flow through shared Arts cost/damage resolution,ALIGNED,,NO_DIRECT_TEST,
hBP03-010:keyword,hBP03-010,姫森ルーナ,keyword,EFFECT_TEXT,website/public/cards.json#/cards[id=574;2163;690]/keyword,generic Collab keyword dispatch checks own Center Luna then draws one,ALIGNED,,NO_DIRECT_TEST,
hBP03-011:arts.0,hBP03-011,姫森ルーナ,arts.0,BASIC_ACTION,website/public/cards.json#/cards[id=575;2164;691]/arts.0,cards.json printed White cost and 40 damage flow through shared Arts cost/damage resolution,ALIGNED,,NO_DIRECT_TEST,
hBP03-011:arts.1,hBP03-011,姫森ルーナ,arts.1,BASIC_ACTION,website/public/cards.json#/cards[id=575;2164;691]/arts.1,cards.json printed White plus Colorless cost and 60 damage flow through shared Arts cost/damage resolution,ALIGNED,,NO_DIRECT_TEST,
hBP03-012:arts.0,hBP03-012,姫森ルーナ,arts.0,BASIC_ACTION,website/public/cards.json#/cards[id=576;692]/arts.0,cards.json printed White plus Colorless cost and 40 damage flow through shared Arts cost/damage resolution,ALIGNED,,NO_DIRECT_TEST,
hBP03-012:keyword,hBP03-012,姫森ルーナ,keyword,EFFECT_TEXT,website/public/cards.json#/cards[id=576;692]/keyword,generic Bloom text parser selects one own Holomen with a Fan and applies a turn-long +20 Arts modifier,ALIGNED,,FOCUSED_PASS,website/tests/simulator-engine.test.mjs (single click selects exactly one Fan holder for the +20 Arts modifier)
hBP03-013:arts.0,hBP03-013,姫森ルーナ,arts.0,EFFECT_TEXT,website/public/cards.json#/cards[id=577;693]/arts.0,hBP03-013:0 Arts handler selects Archive Lounight and attaches it to one own Luna,ALIGNED,,FOCUSED_PASS,website/tests/simulator-luna-required-fan-audit.test.mjs (required Archive Lounight and Luna recipient)
hBP03-013:keyword,hBP03-013,姫森ルーナ,keyword,EFFECT_TEXT,website/public/cards.json#/cards[id=577;693]/keyword,giftArtsBonus applies +20 only to the own Center Luna when the Center has an attached Fan and uses this Gift,ALIGNED,,NO_DIRECT_TEST,
hBP03-014:arts.0,hBP03-014,姫森ルーナ,arts.0,EFFECT_TEXT,website/public/cards.json#/cards[id=578;694;695;836]/arts.0,generic named-attachment Arts condition and attachment bonus; color-only special target metadata removed because text conditions +50 on attached Lounight,FIXED,website/lib/simulator/engine.mjs#artConditionApplies named-attachment wording accepts the catalogued Lounight condition; same Android source mirror,FOCUSED_PASS,tests/simulator-hbp03-009-017-alignment.test.mjs (Lounight condition remains independent from purple-target +50)
hBP03-014:keyword,hBP03-014,姫森ルーナ,keyword,EFFECT_TEXT,website/public/cards.json#/cards[id=578;694;695;836]/keyword,"generic Bloom text parser checks Luna Oshi, then offers an optional Archive Lounight attachment to an own Luna",ALIGNED,,NO_DIRECT_TEST,
hBP03-015:arts.0,hBP03-015,轟はじめ,arts.0,EFFECT_TEXT,website/public/cards.json#/cards[id=579;696;697]/arts.0,hBP03-015:0 Arts handler counts four own back-row #ReGLOSS; false red-target +50 metadata removed,ALIGNED,,FOCUSED_PASS,tests/simulator-hbp03-009-017-alignment.test.mjs (red target applies catalogued +50; attached ReGLOSS condition remains separate)
hBP03-015:keyword,hBP03-015,轟はじめ,keyword,EFFECT_TEXT,website/public/cards.json#/cards[id=579;696;697]/keyword,giftDamageAdjustment reduces damage by 20 only to own #ReGLOSS Collab while Gift is in its printed Center zone,ALIGNED,,NO_DIRECT_TEST,
hBP03-016:arts.0,hBP03-016,獅白ぼたん,arts.0,BASIC_ACTION,website/public/cards.json#/cards[id=580;849]/arts.0,cards.json printed Colorless cost and 30 damage flow through shared Arts cost/damage resolution,ALIGNED,,NO_DIRECT_TEST,
hBP03-016:extra,hBP03-016,獅白ぼたん,extra,EFFECT_TEXT,website/public/cards.json#/cards[id=580;849]/extra,cards.json unlimited/maxCopies metadata and shared deck-validation unlimited-Debut rule,ALIGNED,,NO_DIRECT_TEST,
hBP03-017:arts.0,hBP03-017,獅白ぼたん,arts.0,BASIC_ACTION,website/public/cards.json#/cards[id=581;698]/arts.0,cards.json printed Green cost and 20 damage flow through shared Arts cost/damage resolution,ALIGNED,,NO_DIRECT_TEST,
hBP03-017:keyword,hBP03-017,獅白ぼたん,keyword,EFFECT_TEXT,website/public/cards.json#/cards[id=581;698]/keyword,"Botan Collab registration reaches the optional Cheer/SSRB payment, then mandatory 10-HP target heal",ALIGNED,,FOCUSED_PASS,"website/tests/simulator-botan-paid-heal-audit.test.mjs and simulator-ssrb-audit.test.mjs (optional payment, SSRB replacement, and mandatory heal target)"
hBP03-018:arts.0,hBP03-018,獅白ぼたん,arts.0,BASIC_ACTION,website/public/cards.json#/cards[id=582;2165;699]/arts.0,local cards.json printed Green cost and 40 damage; shared Arts resolver; no additional effect text,ALIGNED,,NO_DIRECT_TEST,
hBP03-018:arts.1,hBP03-018,獅白ぼたん,arts.1,BASIC_ACTION,website/public/cards.json#/cards[id=582;2165;699]/arts.1,local cards.json printed Green plus Colorless cost and 60 damage; shared Arts resolver; no additional effect text,ALIGNED,,NO_DIRECT_TEST,
hBP03-019:arts.0,hBP03-019,獅白ぼたん,arts.0,EFFECT_TEXT,website/public/cards.json#/cards[id=583;700]/arts.0,hBP03-019 Arts handler offers optional Watame reveal-and-bottom payment before healing this Holomen by 20,ALIGNED,,FOCUSED_PASS,website/tests/simulator-botan-paid-heal-audit.test.mjs (optional Watame reveal-and-bottom cost and healing outcome)
hBP03-019:keyword,hBP03-019,獅白ぼたん,keyword,EFFECT_TEXT,website/public/cards.json#/cards[id=583;700]/keyword,"Botan named Bloom handler gates once-per-turn, offers one own back Cheer archive, and deals 30 special damage to opponent front row",ALIGNED,,FOCUSED_PASS,"website/tests/simulator-botan-back-cost-audit.test.mjs and simulator-ssrb-audit.test.mjs (once-per-turn gate, valid payment, target and special damage)"
hBP03-020:arts.0,hBP03-020,獅白ぼたん,arts.0,BASIC_ACTION,website/public/cards.json#/cards[id=584;701;2038]/arts.0,local cards.json printed Green plus Colorless cost and 50 damage; shared Arts resolver; no additional effect text,ALIGNED,,NO_DIRECT_TEST,
hBP03-020:keyword,hBP03-020,獅白ぼたん,keyword,EFFECT_TEXT,website/public/cards.json#/cards[id=584;701;2038]/keyword,Botan Bloom handler attaches top Cheer to one own back-row Botan; generic zone/name filter enforces recipient,ALIGNED,,FOCUSED_PASS,website/tests/simulator-botan-two-shooters-audit.test.mjs (Botan back-row target and top-Cheer attachment flow)
hBP03-021:arts.0,hBP03-021,獅白ぼたん,arts.0,EFFECT_TEXT,website/public/cards.json#/cards[id=585;702;703]/arts.0,Botan Oshi gate and optional back Cheer payment deal 40 special damage; stale blue-target +50 metadata removed from Website and Android catalogs,ALIGNED,,FOCUSED_PASS,tests/simulator-hbp03-018-024-alignment.test.mjs (blue target applies catalogued +50)
hBP03-021:keyword,hBP03-021,獅白ぼたん,keyword,EFFECT_TEXT,website/public/cards.json#/cards[id=585;702;703]/keyword,Botan Shooter Bloom effect selects one or two distinct own back-row Shooter Holomen and distributes one archived green Cheer to each,ALIGNED,,FOCUSED_PASS,website/tests/simulator-botan-two-shooters-audit.test.mjs (one Cheer to each of two distinct eligible back Shooters)
hBP03-022:arts.0,hBP03-022,アキ・ローゼンタール,arts.0,EFFECT_TEXT,website/public/cards.json#/cards[id=586;704]/arts.0,Aki Oshi-gated custom Arts handler heals every own Holomen with an attached Tool by 10; no false target-color modifier,ALIGNED,,FOCUSED_PASS,website/tests/simulator-aki-all-tools-heal-audit.test.mjs (Oshi-gated heal applies only to own Tool holders)
hBP03-022:extra,hBP03-022,アキ・ローゼンタール,extra,EFFECT_TEXT,website/public/cards.json#/cards[id=586;704]/extra,shared extra-text knockout-cost parser subtracts two Life when this Buzz Holomen is knocked out,ALIGNED,,NO_DIRECT_TEST,
hBP03-022:keyword,hBP03-022,アキ・ローゼンタール,keyword,EFFECT_TEXT,website/public/cards.json#/cards[id=586;704]/keyword,Gift prevention hook applies at the printed Center/Collab timing and blocks opponent-effect Life reduction for the turn,ALIGNED,,FOCUSED_PASS,website/tests/simulator-iroha-non-green-audit.test.mjs (shared Gift prevention timing/regression coverage)
hBP03-023:arts.0,hBP03-023,兎田ぺこら,arts.0,EFFECT_TEXT,website/public/cards.json#/cards[id=587;705;heb01-hBP03-023-R-1;heb01-hBP03-023-SR-2]/arts.0,Pekora die-used-this-turn condition adds 40 Arts power; condition is sourced from this turn's Pekora ability history,ALIGNED,,NO_DIRECT_TEST,
hBP03-023:extra,hBP03-023,兎田ぺこら,extra,EFFECT_TEXT,website/public/cards.json#/cards[id=587;705;heb01-hBP03-023-R-1;heb01-hBP03-023-SR-2]/extra,shared extra-text knockout-cost parser subtracts two Life when this Buzz Holomen is knocked out,ALIGNED,,NO_DIRECT_TEST,
hBP03-023:keyword,hBP03-023,兎田ぺこら,keyword,EFFECT_TEXT,website/public/cards.json#/cards[id=587;705;heb01-hBP03-023-R-1;heb01-hBP03-023-SR-2]/keyword,Pekora Collab handler requires a Fan search when an even roll finds a match; optional roll decline and no-match shuffle are retained,FIXED,website/lib/simulator/engine.mjs and ../../android-current/web/lib/simulator/engine.mjs; focused tests listed per slot; NativeRules bundle regeneration deferred until final integration,FOCUSED_PASS,"website/tests/simulator-pekora-fan-roll-audit.test.mjs (all six die faces, mandatory even-result search, optional roll decline, no-match shuffle)"
hBP03-024:arts.0,hBP03-024,風真いろは,arts.0,EFFECT_TEXT,website/public/cards.json#/cards[id=588;706;707]/arts.0,Iroha Arts handler adds 50 only with two or more attached non-green Cheer; stale white-target +50 metadata removed from Website and Android catalogs,ALIGNED,,FOCUSED_PASS,tests/simulator-hbp03-018-024-alignment.test.mjs (white-target +50 separate from non-green-Cheer condition)
hBP03-024:keyword,hBP03-024,風真いろは,keyword,EFFECT_TEXT,website/public/cards.json#/cards[id=588;706;707]/keyword,Iroha Bloom effect selects one Cheer for each named Iroha and Suisei; distinct recipients are enforced by the sequential choice flow,ALIGNED,,FOCUSED_PASS,website/tests/simulator-iroha-two-names-audit.test.mjs (one Cheer to each named Holomen)
hBP03-025:arts.0,hBP03-025,さくらみこ,arts.0,BASIC_ACTION,website/public/cards.json#/cards[id=589;2022;850]/arts.0,local catalog printed Colorless cost and 30 damage; shared Arts resolver; no additional effect text,ALIGNED,,NO_DIRECT_TEST,
hBP03-025:extra,hBP03-025,さくらみこ,extra,EFFECT_TEXT,website/public/cards.json#/cards[id=589;2022;850]/extra,local unlimited-Debut flag and shared deck-validation copy-count exemption,ALIGNED,,NO_DIRECT_TEST,
hBP03-026:arts.0,hBP03-026,さくらみこ,arts.0,BASIC_ACTION,website/public/cards.json#/cards[id=590;708;804]/arts.0,local catalog printed Red plus Colorless cost and 30 damage; shared Arts resolver; no additional effect text,ALIGNED,,NO_DIRECT_TEST,
hBP03-026:keyword,hBP03-026,さくらみこ,keyword,EFFECT_TEXT,website/public/cards.json#/cards[id=590;708;804]/keyword,Miko Collab optional die maps even 2/4/6 to 10 special damage and 3/5 to draw one plus the same damage,ALIGNED,,FOCUSED_PASS,website/tests/simulator-miko-meeting-roll-audit.test.mjs (all six roll faces and optional decline)
hBP03-027:arts.0,hBP03-027,さくらみこ,arts.0,BASIC_ACTION,website/public/cards.json#/cards[id=591;2166;709]/arts.0,local catalog printed Colorless cost and 40 damage; shared Arts resolver; no additional effect text,ALIGNED,,NO_DIRECT_TEST,
hBP03-027:arts.1,hBP03-027,さくらみこ,arts.1,BASIC_ACTION,website/public/cards.json#/cards[id=591;2166;709]/arts.1,local catalog printed Red plus Colorless cost and 60 damage; shared Arts resolver; no additional effect text,ALIGNED,,NO_DIRECT_TEST,
hBP03-028:arts.0,hBP03-028,さくらみこ,arts.0,BASIC_ACTION,website/public/cards.json#/cards[id=592;710]/arts.0,local catalog printed Colorless cost and 30 damage; shared Arts resolver; no additional effect text,ALIGNED,,NO_DIRECT_TEST,
hBP03-028:arts.1,hBP03-028,さくらみこ,arts.1,EFFECT_TEXT,website/public/cards.json#/cards[id=592;710]/arts.1,Miko Arts die resolves 20 special damage to Center on results 2–6 and also Collab on 3/5; optional decline leaves base damage,ALIGNED,,FOCUSED_PASS,website/tests/simulator-miko-arts-roll-audit.test.mjs (all roll faces and optional decline)
hBP03-029:arts.0,hBP03-029,さくらみこ,arts.0,EFFECT_TEXT,website/public/cards.json#/cards[id=593;711;heb01-hBP03-029-R-1;heb01-hBP03-029-SR-2]/arts.0,local catalog printed Red plus Colorless cost and 30 damage; shared Arts resolver; no additional effect text,ALIGNED,,NO_DIRECT_TEST,
hBP03-029:keyword,hBP03-029,さくらみこ,keyword,EFFECT_TEXT,website/public/cards.json#/cards[id=593;711;heb01-hBP03-029-R-1;heb01-hBP03-029-SR-2]/keyword,"generic search rule matches 35P, now requires one matching card when available and still shuffles when none match",FIXED,website/lib/simulator/engine.mjs and ../../android-current/web/lib/simulator/engine.mjs; website/public/cards.json and ../../android-current/app/src/main/assets/cards.json; focused tests listed per slot; NativeRules bundle regeneration deferred until final integration,FOCUSED_PASS,website/tests/simulator-miko-35p-search-audit.test.mjs (matching 35P cannot be skipped; no-match search completes/shuffles)
hBP03-030:arts.0,hBP03-030,さくらみこ,arts.0,EFFECT_TEXT,website/public/cards.json#/cards[id=594;1176;712;713;1102]/arts.0,Miko Arts handler adds +20 per attached 35P; false green-target +50 metadata removed from Website and Android catalogs,ALIGNED,,FOCUSED_PASS,tests/simulator-hbp03-025-036-alignment.test.mjs (green-target +50 plus 0/1/2 attached-copy Arts and Gift modifiers)
hBP03-030:keyword,hBP03-030,さくらみこ,keyword,EFFECT_TEXT,website/public/cards.json#/cards[id=594;1176;712;713;1102]/keyword,Center-only once-per-turn Gift requires attached 35P and adds +50 for die 3/5; other faces grant no Arts bonus,ALIGNED,,FOCUSED_PASS,"website/tests/simulator-hbp03-025-036-alignment.test.mjs (Gift gate, once-per-turn and die faces 1/3/5/6)"
hBP03-031:arts.0,hBP03-031,赤井はあと,arts.0,BASIC_ACTION,website/public/cards.json#/cards[id=1901;595;813]/arts.0,local catalog printed Colorless cost and 30 damage; shared Arts resolver; no additional effect text,ALIGNED,,NO_DIRECT_TEST,
hBP03-031:extra,hBP03-031,赤井はあと,extra,EFFECT_TEXT,website/public/cards.json#/cards[id=1901;595;813]/extra,local unlimited-Debut flag and shared deck-validation copy-count exemption,ALIGNED,,NO_DIRECT_TEST,
hBP03-032:arts.0,hBP03-032,赤井はあと,arts.0,BASIC_ACTION,website/public/cards.json#/cards[id=596;714]/arts.0,local catalog printed Red plus Colorless cost and 60 damage; shared Arts resolver; no additional effect text,ALIGNED,,NO_DIRECT_TEST,
hBP03-033:arts.0,hBP03-033,赤井はあと,arts.0,BASIC_ACTION,website/public/cards.json#/cards[id=597;715]/arts.0,local catalog printed Colorless cost and 40 damage; shared Arts resolver; no additional effect text,ALIGNED,,NO_DIRECT_TEST,
hBP03-033:keyword,hBP03-033,赤井はあと,keyword,EFFECT_TEXT,website/public/cards.json#/cards[id=597;715]/keyword,tool-only condition compares the opposing Center attachment type and deals exactly 30 instead of 10 special damage,ALIGNED,,FOCUSED_PASS,website/tests/simulator-bloom-batch80.test.mjs (tool vs item/no attachment changes damage 10/30)
hBP03-034:arts.0,hBP03-034,赤井はあと,arts.0,EFFECT_TEXT,website/public/cards.json#/cards[id=598;716;717;heb01-hBP03-034-RR-1;heb01-hBP03-034-SR-2;heb01-hBP03-034-UR-3]/arts.0,optional Haato die: odd deals 20 special to Center and Collab; even adjusts only this queued Arts by +40,ALIGNED,,FOCUSED_PASS,"website/tests/simulator-haato-reroll-audit.test.mjs (both Arts dice branches, accept/reroll and source Fan cost)"
hBP03-034:extra,hBP03-034,赤井はあと,extra,EFFECT_TEXT,website/public/cards.json#/cards[id=598;716;717;heb01-hBP03-034-RR-1;heb01-hBP03-034-SR-2;heb01-hBP03-034-UR-3]/extra,shared extra-text knockout handler applies the printed two-Life loss for this Buzz Holomen,ALIGNED,,NO_DIRECT_TEST,
hBP03-034:keyword,hBP03-034,赤井はあと,keyword,EFFECT_TEXT,website/public/cards.json#/cards[id=598;716;717;heb01-hBP03-034-RR-1;heb01-hBP03-034-SR-2;heb01-hBP03-034-UR-3]/keyword,"generic archive return parses #1期生, 1st/2nd stages and non-Buzz exclusion; selection is optional as printed",ALIGNED,,NO_DIRECT_TEST,
hBP03-035:arts.0,hBP03-035,鷹嶺ルイ,arts.0,EFFECT_TEXT,website/public/cards.json#/cards[id=599;718]/arts.0,"Lui Oshi and two-hand payment gate archives exactly two, then draws three; absent gate/cost suppresses the effect",ALIGNED,,FOCUSED_PASS,"website/tests/simulator-challenger-batch86.test.mjs (correct Oshi, exact two-card payment, skip and insufficient hand)"
hBP03-035:extra,hBP03-035,鷹嶺ルイ,extra,EFFECT_TEXT,website/public/cards.json#/cards[id=599;718]/extra,shared extra-text knockout handler applies the printed two-Life loss for this Buzz Holomen,ALIGNED,,NO_DIRECT_TEST,
hBP03-036:arts.0,hBP03-036,小鳥遊キアラ,arts.0,BASIC_ACTION,website/public/cards.json#/cards[id=600;719;2043;heb01-hBP03-036-R-1;heb01-hBP03-036-SR-2]/arts.0,local catalog printed Red plus Colorless cost and 50 damage; shared Arts resolver; no additional effect text,ALIGNED,,NO_DIRECT_TEST,
hBP03-036:keyword,hBP03-036,小鳥遊キアラ,keyword,EFFECT_TEXT,website/public/cards.json#/cards[id=600;719;2043;heb01-hBP03-036-R-1;heb01-hBP03-036-SR-2]/keyword,"Kiara search requires selecting 1–4 matches when present, then offers archive-or-keep; no-match deck is shuffled",ALIGNED,,FOCUSED_PASS,"website/tests/simulator-kiara-reveal-batch386.test.mjs (required 1–4 Kiara reveal, archive/keep alternatives)"
hBP03-037:arts.0,hBP03-037,モココ・アビスガード,arts.0,EFFECT_TEXT,website/public/cards.json#/cards[id=2319;601;1108]/arts.0,Fuwawa Center condition removes exactly one Colorless cost; shared effectiveArtCost leaves the attack cost intact without Fuwawa,ALIGNED,,FOCUSED_PASS,website/tests/simulator-hbp03-037-046-alignment.test.mjs (Fuwawa Center removes one Colorless cost; control without Fuwawa cannot pay zero Cheer)
hBP03-037:extra,hBP03-037,モココ・アビスガード,extra,EFFECT_TEXT,website/public/cards.json#/cards[id=2319;601;1108]/extra,local unlimited-Debut flag and shared deck-validation copy-count exemption,ALIGNED,,NO_DIRECT_TEST,
hBP03-038:arts.0,hBP03-038,モココ・アビスガード,arts.0,BASIC_ACTION,website/public/cards.json#/cards[id=602;720]/arts.0,local catalog printed Colorless cost and 30 damage; shared Arts resolver; no additional effect text,ALIGNED,,NO_DIRECT_TEST,
hBP03-038:keyword,hBP03-038,モココ・アビスガード,keyword,EFFECT_TEXT,website/public/cards.json#/cards[id=602;720]/keyword,"Debut-origin Bloom handler searches one 1st Fuwawa, now requires taking a match and shuffles if no match",FIXED,website/lib/simulator/engine.mjs and ../../android-current/web/lib/simulator/engine.mjs; tests/simulator-bloom-batch80.test.mjs; NativeRules bundle regeneration deferred until final integration,FOCUSED_PASS,website/tests/simulator-bloom-batch80.test.mjs (required 1st Fuwawa choice; skip rejected; direct run against both JS engines)
hBP03-039:arts.0,hBP03-039,モココ・アビスガード,arts.0,EFFECT_TEXT,website/public/cards.json#/cards[id=603;721]/arts.0,Collab-only Arts bonus uses own Center Fuwawa condition; text condition resolver adds the printed +30,ALIGNED,,NO_DIRECT_TEST,
hBP03-039:extra,hBP03-039,モココ・アビスガード,extra,EFFECT_TEXT,website/public/cards.json#/cards[id=603;721]/extra,shared Buzz knockout handler applies the printed two-Life loss,ALIGNED,,NO_DIRECT_TEST,
hBP03-039:keyword,hBP03-039,モココ・アビスガード,keyword,EFFECT_TEXT,website/public/cards.json#/cards[id=603;721]/keyword,reset refresh keeps this Collab active only when own Center is Fuwawa,ALIGNED,,NO_DIRECT_TEST,
hBP03-040:arts.0,hBP03-040,フワワ・アビスガード,arts.0,BASIC_ACTION,website/public/cards.json#/cards[id=2320;604;851]/arts.0,local catalog printed Colorless cost and 30 damage; shared Arts resolver; no additional effect text,ALIGNED,,NO_DIRECT_TEST,
hBP03-040:extra,hBP03-040,フワワ・アビスガード,extra,EFFECT_TEXT,website/public/cards.json#/cards[id=2320;604;851]/extra,local unlimited-Debut flag and shared deck-validation copy-count exemption,ALIGNED,,NO_DIRECT_TEST,
hBP03-041:arts.0,hBP03-041,フワワ・アビスガード,arts.0,BASIC_ACTION,website/public/cards.json#/cards[id=605;722]/arts.0,local catalog printed Colorless cost and 40 damage; shared Arts resolver; no additional effect text,ALIGNED,,NO_DIRECT_TEST,
hBP03-041:arts.1,hBP03-041,フワワ・アビスガード,arts.1,BASIC_ACTION,website/public/cards.json#/cards[id=605;722]/arts.1,local catalog printed Blue plus Colorless cost and 60 damage; shared Arts resolver; no additional effect text,ALIGNED,,NO_DIRECT_TEST,
hBP03-042:arts.0,hBP03-042,フワワ・アビスガード,arts.0,BASIC_ACTION,website/public/cards.json#/cards[id=606;723]/arts.0,local catalog printed Colorless cost and 50 damage; shared Arts resolver; no additional effect text,ALIGNED,,NO_DIRECT_TEST,
hBP03-042:keyword,hBP03-042,フワワ・アビスガード,keyword,EFFECT_TEXT,website/public/cards.json#/cards[id=606;723]/keyword,Mococo-stage condition gates special damage to one opposing Center/Back Holomen; local wording suppresses Life loss,ALIGNED,,NO_DIRECT_TEST,
hBP03-043:arts.0,hBP03-043,フワワ・アビスガード,arts.0,BASIC_ACTION,website/public/cards.json#/cards[id=607;724;725]/arts.0,local 60 damage has no purple-target bonus; stale +50 metadata removed from Website and Android catalogs,ALIGNED,,FOCUSED_PASS,tests/simulator-hbp03-037-046-alignment.test.mjs (purple-target +50)
hBP03-043:arts.1,hBP03-043,フワワ・アビスガード,arts.1,EFFECT_TEXT,website/public/cards.json#/cards[id=607;724;725]/arts.1,local 100 damage and optional Cheer-transfer/special damage have no purple-target bonus; stale +50 metadata removed from both catalogs,ALIGNED,,FOCUSED_PASS,tests/simulator-hbp03-037-046-alignment.test.mjs (purple-target +50 after optional Cheer transfer is skipped)
hBP03-044:arts.0,hBP03-044,星街すいせい,arts.0,EFFECT_TEXT,website/public/cards.json#/cards[id=608;2138;726;heb01-hBP03-044-R-1;heb01-hBP03-044-SR-2]/arts.0,printed Oshi gate and optional blue Cheer move resolve through generic Arts attachment transfer,ALIGNED,,FOCUSED_PASS,website/tests/simulator-suisei-transfer-batch283.test.mjs (correct Oshi gate and transfer to back-row Suisei)
hBP03-044:keyword,hBP03-044,星街すいせい,keyword,EFFECT_TEXT,website/public/cards.json#/cards[id=608;2138;726;heb01-hBP03-044-R-1;heb01-hBP03-044-SR-2]/keyword,required top-four look selects a Suisei to hand and bottoms remaining cards in chosen order,ALIGNED,,FOCUSED_PASS,website/tests/simulator-suisei-transfer-batch283.test.mjs (required top-four Suisei selection)
hBP03-045:arts.0,hBP03-045,こぼ・かなえる,arts.0,EFFECT_TEXT,website/public/cards.json#/cards[id=609;727]/arts.0,generic per-damaged-opposing-Back modifier adds exactly +10 for each HP-reduced Back Holomen,ALIGNED,,NO_DIRECT_TEST,
hBP03-045:extra,hBP03-045,こぼ・かなえる,extra,EFFECT_TEXT,website/public/cards.json#/cards[id=609;727]/extra,shared Buzz knockout handler applies the printed two-Life loss,ALIGNED,,NO_DIRECT_TEST,
hBP03-045:keyword,hBP03-045,こぼ・かなえる,keyword,EFFECT_TEXT,website/public/cards.json#/cards[id=609;727]/keyword,optional #ID Cheer archive cost unlocks three individually assigned 10 special-damage hits to opposing Back without Life loss,ALIGNED,,FOCUSED_PASS,website/tests/simulator-kobo-kanata-mumei-audit.test.mjs (optional ID-Cheer payment and Oshi reaction ordering before split hits)
hBP03-046:arts.0,hBP03-046,火威青,arts.0,BASIC_ACTION,website/public/cards.json#/cards[id=610;852]/arts.0,local catalog printed Colorless cost and 10 damage; shared Arts resolver; no additional effect text,ALIGNED,,NO_DIRECT_TEST,
hBP03-046:arts.1,hBP03-046,火威青,arts.1,BASIC_ACTION,website/public/cards.json#/cards[id=610;852]/arts.1,local catalog printed two Colorless cost and 40 damage; shared Arts resolver; no additional effect text,ALIGNED,,NO_DIRECT_TEST,
hBP03-046:extra,hBP03-046,火威青,extra,EFFECT_TEXT,website/public/cards.json#/cards[id=610;852]/extra,local unlimited-Debut flag and shared deck-validation copy-count exemption,ALIGNED,,NO_DIRECT_TEST,
hBP03-047:arts.0,hBP03-047,火威青,arts.0,BASIC_ACTION,website/public/cards.json#/cards[id=611;728]/arts.0,catalog cost 1 blue + 1 colorless and 60 damage; shared Arts cost/damage resolver in website/lib/simulator/engine.mjs and Android mirror,ALIGNED,,NO_DIRECT_TEST,
hBP03-048:arts.0,hBP03-048,火威青,arts.0,BASIC_ACTION,website/public/cards.json#/cards[id=612;729]/arts.0,catalog cost 1 colorless and 30 damage; shared Arts cost/damage resolver in website/lib/simulator/engine.mjs and Android mirror,ALIGNED,,NO_DIRECT_TEST,
hBP03-048:arts.1,hBP03-048,火威青,arts.1,EFFECT_TEXT,website/public/cards.json#/cards[id=612;729]/arts.1,queueGenericStageCheerMove filters one source Cheer and own back #ReGLOSS targets; transfer choice is optional; simulator-regloss-transfer-batch87,ALIGNED,,FOCUSED_PASS,website/tests/simulator-regloss-transfer-batch87.test.mjs (moves one Cheer to an own back #ReGLOSS unit; skip and invalid target filtering; Arts base damage)
hBP03-049:arts.0,hBP03-049,火威青,arts.0,EFFECT_TEXT,website/public/cards.json#/cards[id=613;730]/arts.0,resolveGenericArtEffects key hBP03-049:0 counts distinct #ReGLOSS names in own back and queues mandatory center/back special damage,ALIGNED,,NO_DIRECT_TEST,
hBP03-049:extra,hBP03-049,火威青,extra,EFFECT_TEXT,website/public/cards.json#/cards[id=613;730]/extra,Buzz type in local catalog reaches cardIsBuzz; shared knockout life-count branch applies 2 life loss,ALIGNED,,NO_DIRECT_TEST,
hBP03-049:keyword,hBP03-049,火威青,keyword,EFFECT_TEXT,website/public/cards.json#/cards[id=613;730]/keyword,queueSimpleTriggeredKeyword hBP03-049 calls queueCheerDeckSearch with Center ReGLOSS color and own #ReGLOSS target filter,ALIGNED,,FOCUSED_PASS,website/tests/simulator-ao-centercolor-batch282.test.mjs (matching Cheer color is available only when own Center has #ReGLOSS)
hBP03-050:arts.0,hBP03-050,FUWAMOCO,arts.0,EFFECT_TEXT,website/public/cards.json#/cards[id=614;731;heb01-hBP03-050-R-1;heb01-hBP03-050-SR-2]/arts.0,resolveGenericArtEffects hBP03-050 Arts 0 calls required queueCheerDeckSearch filtered to red/blue Cheer and own #Advent,ALIGNED,,FOCUSED_PASS,"website/tests/simulator-fuwamoco-cheer-batch281.test.mjs (required red/blue Cheer reveal, Advent attachment, and shuffle path)"
hBP03-050:arts.1,hBP03-050,FUWAMOCO,arts.1,BASIC_ACTION,website/public/cards.json#/cards[id=614;731;heb01-hBP03-050-R-1;heb01-hBP03-050-SR-2]/arts.1,catalog cost 1 blue + 1 red and 60 damage; shared Arts cost/damage resolver,ALIGNED,,NO_DIRECT_TEST,
hBP03-050:extra,hBP03-050,FUWAMOCO,extra,EFFECT_TEXT,website/public/cards.json#/cards[id=614;731;heb01-hBP03-050-R-1;heb01-hBP03-050-SR-2]/extra,treatedAsHolomemNames/cardAliases parses both bracketed names from Extra text,ALIGNED,,NO_DIRECT_TEST,
hBP03-051:arts.0,hBP03-051,常闇トワ,arts.0,BASIC_ACTION,website/public/cards.json#/cards[id=615;814;1396;hbp09-hBP03-051_C_02;hbp09-hBP03-051_HR]/arts.0,catalog cost 1 colorless and 30 damage; shared Arts cost/damage resolver,ALIGNED,,NO_DIRECT_TEST,
hBP03-051:extra,hBP03-051,常闇トワ,extra,EFFECT_TEXT,website/public/cards.json#/cards[id=615;814;1396;hbp09-hBP03-051_C_02;hbp09-hBP03-051_HR]/extra,catalog unlimited=true/maxCopies=99; Website deck builder uses maxCopies and engine recognizes unlimited Debut for search filters,ALIGNED,,NO_DIRECT_TEST,
hBP03-052:arts.0,hBP03-052,常闇トワ,arts.0,EFFECT_TEXT,website/public/cards.json#/cards[id=616;732]/arts.0,resolveGenericArtEffects queues 10 Center special damage; only Towa Oshi enables optional Center/Collab supportTool selection,ALIGNED,,FOCUSED_PASS,website/tests/simulator-towa-tool-repair.test.mjs (10 special damage; Towa Oshi gates optional Center/Collab Tool archive)
hBP03-053:arts.0,hBP03-053,常闇トワ,arts.0,BASIC_ACTION,website/public/cards.json#/cards[id=617;2167;733]/arts.0,catalog cost 1 colorless and 30 damage; shared Arts cost/damage resolver,ALIGNED,,NO_DIRECT_TEST,
hBP03-053:arts.1,hBP03-053,常闇トワ,arts.1,BASIC_ACTION,website/public/cards.json#/cards[id=617;2167;733]/arts.1,catalog cost 1 purple + 1 colorless and 60 damage; shared Arts cost/damage resolver,ALIGNED,,NO_DIRECT_TEST,
hBP03-054:arts.0,hBP03-054,常闇トワ,arts.0,EFFECT_TEXT,website/public/cards.json#/cards[id=618;734;2037]/arts.0,"queueArtCheerArchiveCost requires 4 source purple Cheer, then afterEffect opponentCheerBottom",ALIGNED,,FOCUSED_PASS,website/tests/simulator-towa-cost-batch83.test.mjs (four mandatory purple Cheer paid before opponent stage Cheer is returned to deck bottom)
hBP03-054:keyword,hBP03-054,常闇トワ,keyword,EFFECT_TEXT,website/public/cards.json#/cards[id=618;734;2037]/keyword,generic Collab special-damage handler; hBP03-054 excluded from optional keyword damage list,ALIGNED,,FOCUSED_PASS,website/tests/simulator-towa-cost-batch83.test.mjs (Collab special damage is mandatory for Center or Collab target)
hBP03-055:arts.0,hBP03-055,常闇トワ,arts.0,BASIC_ACTION,website/public/cards.json#/cards[id=619;2139;735]/arts.0,catalog cost 1 purple and 40 damage; shared Arts cost/damage resolver,ALIGNED,,NO_DIRECT_TEST,
hBP03-055:arts.1,hBP03-055,常闇トワ,arts.1,EFFECT_TEXT,website/public/cards.json#/cards[id=619;2139;735]/arts.1,card-specific Arts handler checks #歌 only in own back and queues 20 special damage to opponent Collab,ALIGNED,,FOCUSED_PASS,website/tests/simulator-towa-damage-batch82.test.mjs (back-row #歌 gates 20 special damage to Collab; Collab/empty cases do not qualify)
hBP03-056:arts.0,hBP03-056,常闇トワ,arts.0,EFFECT_TEXT,website/public/cards.json#/cards[id=620;736;737]/arts.0,printed 30 normal damage plus mandatory 30 special damage; stale yellow +50 metadata removed in both catalogs,ALIGNED,,FOCUSED_PASS,tests/simulator-hbp03-047-058-alignment.test.mjs (normal + special damage plus yellow-target +50)
hBP03-056:arts.1,hBP03-056,常闇トワ,arts.1,EFFECT_TEXT,website/public/cards.json#/cards[id=620;736;737]/arts.1,printed 80 normal damage plus up to 80 special damage for #歌 back; stale yellow +50 metadata removed in both catalogs,ALIGNED,,FOCUSED_PASS,tests/simulator-hbp03-047-058-alignment.test.mjs (normal + song-tag special damage plus yellow-target +50)
hBP03-057:arts.0,hBP03-057,ロボ子さん,arts.0,BASIC_ACTION,website/public/cards.json#/cards[id=1590;621;853]/arts.0,catalog cost 1 colorless and 30 damage; shared Arts cost/damage resolver,ALIGNED,,NO_DIRECT_TEST,
hBP03-057:extra,hBP03-057,ロボ子さん,extra,EFFECT_TEXT,website/public/cards.json#/cards[id=1590;621;853]/extra,catalog unlimited=true/maxCopies=99; Website deck builder uses maxCopies and engine recognizes unlimited Debut for search filters,ALIGNED,,NO_DIRECT_TEST,
hBP03-058:arts.0,hBP03-058,ロボ子さん,arts.0,BASIC_ACTION,website/public/cards.json#/cards[id=622;2168;738]/arts.0,catalog cost 1 colorless and 30 damage; shared Arts cost/damage resolver,ALIGNED,,NO_DIRECT_TEST,
hBP03-058:arts.1,hBP03-058,ロボ子さん,arts.1,BASIC_ACTION,website/public/cards.json#/cards[id=622;2168;738]/arts.1,catalog cost 1 purple + 1 colorless and 60 damage; shared Arts cost/damage resolver,ALIGNED,,NO_DIRECT_TEST,
hBP03-059:arts.0,hBP03-059,ロボ子さん,arts.0,BASIC_ACTION,website/public/cards.json#/cards[id=623;739;2131;heb01-hBP03-059-U-1;heb01-hBP03-059-SR-2]/arts.0,catalog cost 1 colorless and 40 damage; shared Arts cost/damage resolver,ALIGNED,,NO_DIRECT_TEST,
hBP03-059:keyword,hBP03-059,ロボ子さん,keyword,EFFECT_TEXT,website/public/cards.json#/cards[id=623;739;2131;heb01-hBP03-059-U-1;heb01-hBP03-059-SR-2]/keyword,queueBloomEffects dispatches to queueSimpleTriggeredKeyword; queueGenericTopLook uses required one-card #0期生 filter and bottoms remaining cards in player-selected order,ALIGNED,,FOCUSED_PASS,website/tests/simulator-required-effects-batch284.test.mjs (mandatory generation-zero top look/add path; this fixture contains two cards and does not directly verify all three-card remainder ordering)
hBP03-060:arts.0,hBP03-060,ロボ子さん,arts.0,EFFECT_TEXT,website/public/cards.json#/cards[id=624;740;heb01-hBP03-060-R-1;heb01-hBP03-060-SR-2]/arts.0,Website lib/simulator/engine.mjs and ../../android-current/web/lib/simulator/engine.mjs#stageCheerThresholdBonus; apply the seven-Cheer threshold to opponent stage while keeping the separate green-target bonus,FIXED,Both engines now count the opponent’s stage Cheer for this Arts threshold.,FOCUSED_PASS,"tests/simulator-regression-hotspots-b158.test.mjs (paired checks for seven opposing Cheer, threshold failure and separate green-target bonus)"
hBP03-061:arts.0,hBP03-061,戌神ころね,arts.0,BASIC_ACTION,website/public/cards.json#/cards[id=1591;625;1109]/arts.0,catalog Arts 0 cost 1 colorless and 20 damage; shared resolver,ALIGNED,,NO_DIRECT_TEST,
hBP03-061:arts.1,hBP03-061,戌神ころね,arts.1,BASIC_ACTION,website/public/cards.json#/cards[id=1591;625;1109]/arts.1,catalog Arts 1 cost 3 colorless and 60 damage; shared resolver,ALIGNED,,NO_DIRECT_TEST,
hBP03-061:extra,hBP03-061,戌神ころね,extra,EFFECT_TEXT,website/public/cards.json#/cards[id=1591;625;1109]/extra,catalog unlimited=true/maxCopies=99 for Debut; Website deck builder validates via maxCopies and engine search filters recognize unlimited Debut,ALIGNED,,NO_DIRECT_TEST,
hBP03-062:arts.0,hBP03-062,戌神ころね,arts.0,BASIC_ACTION,website/public/cards.json#/cards[id=626;741]/arts.0,catalog cost 1 yellow and 30 damage; shared resolver,ALIGNED,,NO_DIRECT_TEST,
hBP03-062:keyword,hBP03-062,戌神ころね,keyword,EFFECT_TEXT,website/public/cards.json#/cards[id=626;741]/keyword,"queueGenericKeywordCostEffects requires one source Cheer, then resolveGenericKeywordRemainder searches #ゲーマーズ Debut and shuffles",ALIGNED,,FOCUSED_PASS,"website/tests/simulator-korone-diner-batch285.test.mjs (mandatory Cheer cost, #Gamers Debut search; no-Cheer case has no prompt)"
hBP03-063:arts.0,hBP03-063,戌神ころね,arts.0,BASIC_ACTION,website/public/cards.json#/cards[id=627;2169;742]/arts.0,catalog cost 1 yellow and 30 damage; shared resolver,ALIGNED,,NO_DIRECT_TEST,
hBP03-064:arts.0,hBP03-064,戌神ころね,arts.0,EFFECT_TEXT,website/public/cards.json#/cards[id=628;743]/arts.0,resolveGenericArtEffects calculates +10 per Life lost from starting count (lifeTarget or Oshi life minus current Life),ALIGNED,,NO_DIRECT_TEST,
hBP03-064:arts.1,hBP03-064,戌神ころね,arts.1,BASIC_ACTION,website/public/cards.json#/cards[id=628;743]/arts.1,catalog cost 3 colorless and 70 damage; shared resolver,ALIGNED,,NO_DIRECT_TEST,
hBP03-065:arts.0,hBP03-065,戌神ころね,arts.0,EFFECT_TEXT,website/public/cards.json#/cards[id=629;744;heb01-hBP03-065-R-1;heb01-hBP03-065-SR-2]/arts.0,resolveGenericArtEffects hBP03-065 Arts 0 attaches Cheer Deck top to own #ゲーマーズ target; required when target exists,ALIGNED,,FOCUSED_PASS,website/tests/simulator-required-effects-batch284.test.mjs (top Cheer attaches to own #Gamers Holomen)
hBP03-065:keyword,hBP03-065,戌神ころね,keyword,EFFECT_TEXT,website/public/cards.json#/cards[id=629;744;heb01-hBP03-065-R-1;heb01-hBP03-065-SR-2]/keyword,Collab-only Gift passes through giftDamageAdjustment; during opponent Main it protects own Center Korone only from opponent special damage; source-owner check now explicit,FIXED,website/lib/simulator/engine.mjs and ../../android-current/web/lib/simulator/engine.mjs; website/tests/simulator-hbp03-059-070-alignment.test.mjs; added explicit opponent-source guard,FOCUSED_PASS,website/tests/simulator-hbp03-059-070-alignment.test.mjs (opponent Main ability damage remains blocked; own Main ability damage now resolves)
hBP03-066:arts.0,hBP03-066,戌神ころね,arts.0,EFFECT_TEXT,website/public/cards.json#/cards[id=630;745;746]/arts.0,artConditionApplies gates optional 1st undercard archive to opponent 2nd; paid cost grants +50; stale white-target +50 removed from both catalogs,ALIGNED,,FOCUSED_PASS,tests/simulator-hbp03-059-070-alignment.test.mjs (white-target +50 with skipped/paid undercard cost)
hBP03-066:keyword,hBP03-066,戌神ころね,keyword,EFFECT_TEXT,website/public/cards.json#/cards[id=630;745;746]/keyword,queueGiftKnockoutEffects sends Cheer Deck top to own Korone after this Holomen is defeated,ALIGNED,,FOCUSED_PASS,website/tests/simulator-korone-down-batch89.test.mjs (DOWN Cheer trigger selects own Korone for either player owner)
hBP03-067:arts.0,hBP03-067,角巻わため,arts.0,BASIC_ACTION,website/public/cards.json#/cards[id=1905;631;2025;815]/arts.0,catalog cost 1 colorless and 30 damage; shared resolver,ALIGNED,,NO_DIRECT_TEST,
hBP03-067:extra,hBP03-067,角巻わため,extra,EFFECT_TEXT,website/public/cards.json#/cards[id=1905;631;2025;815]/extra,catalog unlimited=true/maxCopies=99 for Debut; Website deck builder validates via maxCopies and engine search filters recognize unlimited Debut,ALIGNED,,NO_DIRECT_TEST,
hBP03-068:arts.0,hBP03-068,角巻わため,arts.0,EFFECT_TEXT,website/public/cards.json#/cards[id=632;747]/arts.0,"resolveGenericArtEffects requires an own yellow Holomen with Watameito, then offers optional archive Cheer to own yellow Holomen",ALIGNED,,FOCUSED_PASS,website/tests/simulator-watame-fan-batch88.test.mjs (Watameito on yellow grants optional archive Cheer to yellow; other/no Fan cases do not)
hBP03-069:arts.0,hBP03-069,角巻わため,arts.0,BASIC_ACTION,website/public/cards.json#/cards[id=633;2170;748]/arts.0,catalog cost 1 yellow and 30 damage; shared resolver,ALIGNED,,NO_DIRECT_TEST,
hBP03-069:arts.1,hBP03-069,角巻わため,arts.1,BASIC_ACTION,website/public/cards.json#/cards[id=633;2170;748]/arts.1,catalog cost 3 colorless and 90 damage; shared resolver,ALIGNED,,NO_DIRECT_TEST,
hBP03-070:arts.0,hBP03-070,角巻わため,arts.0,EFFECT_TEXT,website/public/cards.json#/cards[id=634;749;heb01-hBP03-070-U-1;heb01-hBP03-070-SR-2]/arts.0,resolveGenericArtEffects queues Cheer Deck top to own back Watame; mandatory target if available,ALIGNED,,FOCUSED_PASS,website/tests/simulator-watame-top-batch91.test.mjs (required top Cheer to own back Watame; no-target and empty-deck cases resolve cleanly)
hBP03-070:keyword,hBP03-070,角巻わため,keyword,EFFECT_TEXT,website/public/cards.json#/cards[id=634;749;heb01-hBP03-070-U-1;heb01-hBP03-070-SR-2]/keyword,"Bloom dispatch applies simpleKeywordCondition (own stage <=5), then generic deck-to-stage parser selects Debut Tsunomaki Watame optionally and shuffles",ALIGNED,,NO_DIRECT_TEST,
hBP03-071:arts.0,hBP03-071,角巻わため,arts.0,EFFECT_TEXT,website/public/cards.json#/cards[id=635;750]/arts.0,engine.mjs#resolveGenericArtEffects hBP03-071:0 -> watameRpsStart/Pick private choice flow in resolveChoice,ALIGNED,,NO_DIRECT_TEST,Static trace only; no direct card-specific execution test used for this ability.
hBP03-071:keyword,hBP03-071,角巻わため,keyword,EFFECT_TEXT,website/public/cards.json#/cards[id=635;750]/keyword,engine.mjs#queueBloomEffects -> queueSimpleTriggeredKeyword archive-to-hand parser -> simpleSearchRule/queueArchiveToHand,ALIGNED,,NO_DIRECT_TEST,Static trace only; no direct card-specific execution test used for this ability.
hBP03-072:arts.0,hBP03-072,角巻わため,arts.0,EFFECT_TEXT,website/public/cards.json#/cards[id=636;751;752]/arts.0,Old catalog reproduced 230 vs printed 180 against blue target,ALIGNED,,FOCUSED_PASS,tests/simulator-hbp03-071-082-alignment.test.mjs (six-Cheer +100 and blue-target +50)
hBP03-072:keyword,hBP03-072,角巻わため,keyword,EFFECT_TEXT,website/public/cards.json#/cards[id=636;751;752]/keyword,engine.mjs#queueGiftKnockoutEffects hBP03-072 -> koTransferCheer,ALIGNED,,NO_DIRECT_TEST,Static trace only; no direct card-specific execution test used for this ability.
hBP03-073:arts.0,hBP03-073,アユンダ・リス,arts.0,BASIC_ACTION,website/public/cards.json#/cards[id=637;854]/arts.0,"engine.mjs#resolveArts generic cost/damage path reads catalog Arts 0 cost 1 colorless, damage 20, and no effect text",ALIGNED,,NO_DIRECT_TEST,Static trace only; no direct card-specific execution test used for this ability.
hBP03-073:arts.1,hBP03-073,アユンダ・リス,arts.1,EFFECT_TEXT,website/public/cards.json#/cards[id=637;854]/arts.1,engine.mjs#queueGenericStageCheerMove source-only filter and Korone destination,ALIGNED,,FOCUSED_PASS,engine.mjs#queueGenericStageCheerMove source-only filter and Korone destination; website/tests/simulator-risu-transfer-batch286.test.mjs 2/2 (accept/skip)
hBP03-073:extra,hBP03-073,アユンダ・リス,extra,EFFECT_TEXT,website/public/cards.json#/cards[id=637;854]/extra,website/public/cards.json#maxCopies=99/unlimited=true,ALIGNED,,NO_DIRECT_TEST,Static trace only; no direct card-specific execution test used for this ability.
hBP03-074:arts.0,hBP03-074,アユンダ・リス,arts.0,EFFECT_TEXT,website/public/cards.json#/cards[id=638;753]/arts.0,engine.mjs#resolveGenericArtEffects hBP03-074:0 checks Iofi and Moona independently,ALIGNED,,FOCUSED_PASS,engine.mjs#resolveGenericArtEffects hBP03-074:0 checks Iofi and Moona independently; website/tests/simulator-risu-bonus-batch90.test.mjs 4/4
hBP03-075:arts.0,hBP03-075,アユンダ・リス,arts.0,BASIC_ACTION,website/public/cards.json#/cards[id=639;754]/arts.0,"engine.mjs#resolveArts generic cost/damage path reads catalog Arts 0 cost 1 colorless, damage 30, and no effect text",ALIGNED,,NO_DIRECT_TEST,Static trace only; no direct card-specific execution test used for this ability.
hBP03-075:arts.1,hBP03-075,アユンダ・リス,arts.1,BASIC_ACTION,website/public/cards.json#/cards[id=639;754]/arts.1,"engine.mjs#resolveArts generic cost/damage path reads catalog Arts 1 cost yellow+2 colorless, damage 70, and no effect text",ALIGNED,,NO_DIRECT_TEST,Static trace only; no direct card-specific execution test used for this ability.
hBP03-076:arts.0,hBP03-076,アユンダ・リス,arts.0,BASIC_ACTION,website/public/cards.json#/cards[id=640;755;2040]/arts.0,"engine.mjs#resolveArts generic cost/damage path reads catalog Arts 0 cost 1 colorless, damage 20, and no effect text",ALIGNED,,NO_DIRECT_TEST,Static trace only; no direct card-specific execution test used for this ability.
hBP03-076:keyword,hBP03-076,アユンダ・リス,keyword,EFFECT_TEXT,website/public/cards.json#/cards[id=640;755;2040]/keyword,website/lib/simulator/engine.mjs#queueBloomEffects caller hBP03-076; android-current/web/lib/simulator/engine.mjs#queueBloomEffects caller hBP03-076; mandatory selected-card minimum enforced when a matching card exists,FIXED,website/lib/simulator/engine.mjs#queueBloomEffects caller hBP03-076; android-current/web/lib/simulator/engine.mjs#queueBloomEffects caller hBP03-076,FOCUSED_PASS,website/tests/simulator-risu-cheer-batch93.test.mjs (included in current 82/82 focused run)
hBP03-077:arts.0,hBP03-077,アユンダ・リス,arts.0,BASIC_ACTION,website/public/cards.json#/cards[id=641;756]/arts.0,"engine.mjs#resolveArts generic cost/damage path reads catalog Arts 0 cost yellow+1 colorless, damage 40, and no effect text",ALIGNED,,NO_DIRECT_TEST,Static trace only; no direct card-specific execution test used for this ability.
hBP03-077:keyword,hBP03-077,アユンダ・リス,keyword,EFFECT_TEXT,website/public/cards.json#/cards[id=641;756]/keyword,engine.mjs#simpleKeywordCondition enforces stage count <=5,ALIGNED,,NO_DIRECT_TEST,Static trace only; no direct card-specific execution test used for this ability.
hBP03-078:arts.0,hBP03-078,アユンダ・リス,arts.0,EFFECT_TEXT,website/public/cards.json#/cards[id=642;757;758]/arts.0,Old catalog reproduced 100 vs printed 50 against blue target with only yellow Cheer,ALIGNED,,FOCUSED_PASS,tests/simulator-hbp03-071-082-alignment.test.mjs (blue-target +50 independent of Cheer condition)
hBP03-078:keyword,hBP03-078,アユンダ・リス,keyword,EFFECT_TEXT,website/public/cards.json#/cards[id=642;757;758]/keyword,"engine.mjs#queueGenericStageCheerMove requires source #ID1期生, excludes source as the other destination, permits any own destination",ALIGNED,,FOCUSED_PASS,"engine.mjs#queueGenericStageCheerMove requires source #ID1期生, excludes source as the other destination, permits any own destination; website/tests/simulator-risu-double-batch94.test.mjs 5/5"
hBP03-079:arts.0,hBP03-079,不知火フレア,arts.0,EFFECT_TEXT,website/public/cards.json#/cards[id=643;759;760]/arts.0,engine.mjs#artConditionApplies enforces attached Cheer >=3,ALIGNED,,NO_DIRECT_TEST,Static trace only; no direct card-specific execution test used for this ability.
hBP03-079:extra,hBP03-079,不知火フレア,extra,EFFECT_TEXT,website/public/cards.json#/cards[id=643;759;760]/extra,catalog Buzz type routes knockout through Buzz two-life loss,ALIGNED,,FOCUSED_PASS,catalog Buzz type routes knockout through Buzz two-life loss; website/tests/simulator-flare-yellow-batch341.test.mjs knockout assertion passes
hBP03-079:keyword,hBP03-079,不知火フレア,keyword,EFFECT_TEXT,website/public/cards.json#/cards[id=643;759;760]/keyword,engine.mjs#queueSimpleTriggeredKeyword hBP03-079 searches mandatory yellow Cheer and fixes destination to source zone,ALIGNED,,FOCUSED_PASS,engine.mjs#queueSimpleTriggeredKeyword hBP03-079 searches mandatory yellow Cheer and fixes destination to source zone; website/tests/simulator-flare-yellow-batch341.test.mjs Bloom resolution passes
hBP03-080:arts.0,hBP03-080,音乃瀬奏,arts.0,BASIC_ACTION,website/public/cards.json#/cards[id=2323;644;2449;816]/arts.0,"engine.mjs#resolveArts generic cost/damage path reads catalog Arts 0 cost 1 colorless, damage 20, and no effect text",ALIGNED,,NO_DIRECT_TEST,Static trace only; no direct card-specific execution test used for this ability.
hBP03-080:arts.1,hBP03-080,音乃瀬奏,arts.1,BASIC_ACTION,website/public/cards.json#/cards[id=2323;644;2449;816]/arts.1,"engine.mjs#resolveArts generic cost/damage path reads catalog Arts 1 cost 3 colorless, damage 50, and no effect text",ALIGNED,,NO_DIRECT_TEST,Static trace only; no direct card-specific execution test used for this ability.
hBP03-080:extra,hBP03-080,音乃瀬奏,extra,EFFECT_TEXT,website/public/cards.json#/cards[id=2323;644;2449;816]/extra,website/public/cards.json#maxCopies=99/unlimited=true including text-equivalent card printings,ALIGNED,,NO_DIRECT_TEST,Static trace only; no direct card-specific execution test used for this ability.
hBP03-081:arts.0,hBP03-081,音乃瀬奏,arts.0,BASIC_ACTION,website/public/cards.json#/cards[id=645;761]/arts.0,"engine.mjs#resolveArts generic cost/damage path reads catalog Arts 0 cost 1 colorless, damage 30, and no effect text",ALIGNED,,NO_DIRECT_TEST,Static trace only; no direct card-specific execution test used for this ability.
hBP03-082:arts.0,hBP03-082,音乃瀬奏,arts.0,BASIC_ACTION,website/public/cards.json#/cards[id=646;762]/arts.0,"engine.mjs#resolveArts generic cost/damage path reads catalog Arts 0 cost yellow+2 colorless, damage 60, and no effect text",ALIGNED,,NO_DIRECT_TEST,Static trace only; no direct card-specific execution test used for this ability.
hBP03-082:keyword,hBP03-082,音乃瀬奏,keyword,EFFECT_TEXT,website/public/cards.json#/cards[id=646;762]/keyword,"engine.mjs#queueGenericStageCheerMove offers up to 2 Cheer from own stage, fixed destination is this Holomen, optional zero/one/two",ALIGNED,,FOCUSED_PASS,"engine.mjs#queueGenericStageCheerMove offers up to 2 Cheer from own stage, fixed destination is this Holomen, optional zero/one/two; website/tests/simulator-stage-cheer-batch95.test.mjs 3/3"
hBP03-083:arts.0,hBP03-083,音乃瀬奏,arts.0,BASIC_ACTION,website/public/cards.json#/cards[id=647;763]/arts.0,engine.mjs#applyAction ordinary Arts cost-and-damage resolution,ALIGNED,,NO_DIRECT_TEST,
hBP03-083:extra,hBP03-083,音乃瀬奏,extra,EFFECT_TEXT,website/public/cards.json#/cards[id=647;763]/extra,engine.mjs#down-and-life-loss resolution hBP09Legacy_resolveKnockout,ALIGNED,,FOCUSED_PASS,tests/simulator-buzz-life-batch96.test.mjs confirms exactly 2 Life lost when this Holomem is Downed.
hBP03-083:keyword,hBP03-083,音乃瀬奏,keyword,EFFECT_TEXT,website/public/cards.json#/cards[id=647;763]/keyword,engine.mjs#performanceEndEffects + hbp09Legacy_finishTurn via hbp09/engine-bridge.txt,ALIGNED,,NO_DIRECT_TEST,
hBP03-084:abilityText,hBP03-084,ゴージャスパソコン,abilityText,EFFECT_TEXT,website/public/cards.json#/cards[id=648;767]/abilityText,effect-catalog.mjs#DECK_SEARCH_EFFECTS + engine.mjs#queueDeckSearch,ALIGNED,,FOCUSED_PASS,tests/simulator-computers-batch287.test.mjs verifies Holo Power payment and required same-color 1st search choice.
hBP03-085:abilityText,hBP03-085,スーパーパソコン,abilityText,EFFECT_TEXT,website/public/cards.json#/cards[id=649;768]/abilityText,effect-catalog.mjs#TOP_LOOK_EFFECTS + engine.mjs#queueTopLookGroup,ALIGNED,,FOCUSED_PASS,tests/simulator-computers-batch287.test.mjs verifies sequential required Debut and 1st choices from top four.
hBP03-086:abilityText,hBP03-086,デュアルモニターパソコン,abilityText,EFFECT_TEXT,website/public/cards.json#/cards[id=650;769]/abilityText,effect-catalog.mjs#EXTENDED_SUPPORT_EFFECTS + engine.mjs#queueDeckCardsToStage,ALIGNED,,NO_DIRECT_TEST,
hBP03-087:abilityText,hBP03-087,コールアンドレスポンス,abilityText,EFFECT_TEXT,website/public/cards.json#/cards[id=651;770]/abilityText,effect-catalog.mjs#SIMPLE_SUPPORT_EFFECTS + engine.mjs#playSimpleSupport moveStageCheer,ALIGNED,,FOCUSED_PASS,tests/simulator-engine.test.mjs verifies the stage Cheer transfer action.
hBP03-088:abilityText,hBP03-088,凸待ち,abilityText,EFFECT_TEXT,website/public/cards.json#/cards[id=652;771;820;821;822]/abilityText,engine.mjs#AUTOMATED_EVENT_CARDS + playSupportCard opponent-no-Collab forced movement,ALIGNED,,FOCUSED_PASS,tests/simulator-engine.test.mjs Waiting Call checks verify forced movement does not count as Collab and impossible board handling.
hBP03-089:abilityText,hBP03-089,ファンミーティング,abilityText,EFFECT_TEXT,website/public/cards.json#/cards[id=653;772]/abilityText,effect-catalog.mjs#DECK_SEARCH_EFFECTS + engine.mjs#queueDeckSearch,ALIGNED,,FOCUSED_PASS,tests/simulator-fan-meeting-batch288.test.mjs verifies Fan search and shuffle cases.
hBP03-090:abilityText,hBP03-090,ホロライブ言えるかな？,abilityText,EFFECT_TEXT,website/public/cards.json#/cards[id=654;773]/abilityText,effect-catalog.mjs#TOP_LOOK_EFFECTS + engine.mjs#playTopLookSupport,ALIGNED,,NO_DIRECT_TEST,
hBP03-091:abilityText,hBP03-091,ホロライブインドネシア1期生,abilityText,EFFECT_TEXT,website/public/cards.json#/cards[id=655;774]/abilityText,effect-catalog.mjs#TOP_LOOK_EFFECTS + engine.mjs#playTopLookSupport handLimit=6/#ID1期生,ALIGNED,,NO_DIRECT_TEST,
hBP03-092:abilityText,hBP03-092,ホロライブ0期生,abilityText,EFFECT_TEXT,website/public/cards.json#/cards[id=656;775;1397]/abilityText,effect-catalog.mjs#TOP_LOOK_EFFECTS + engine.mjs#playTopLookSupport handLimit=6/#0期生,ALIGNED,,NO_DIRECT_TEST,
hBP03-093:abilityText,hBP03-093,ホロライブ4期生,abilityText,EFFECT_TEXT,website/public/cards.json#/cards[id=657;1146;776;1159]/abilityText,effect-catalog.mjs#TOP_LOOK_EFFECTS + engine.mjs#playTopLookSupport handLimit=6/#4期生,ALIGNED,,NO_DIRECT_TEST,
hBP03-094:abilityText,hBP03-094,FPS配信,abilityText,EFFECT_TEXT,website/public/cards.json#/cards[id=658;777]/abilityText,effect-catalog.mjs#TOP_LOOK_EFFECTS + engine.mjs#playTopLookSupport handLimit=6/#シューター,ALIGNED,,NO_DIRECT_TEST,
hBP03-095:abilityText,hBP03-095,ホロキャップ,abilityText,EFFECT_TEXT,website/public/cards.json#/cards[id=659;778]/abilityText,engine.mjs#hbp09Legacy_attachmentHpBonus + attachmentDamageModifiers,ALIGNED,,FOCUSED_PASS,tests/simulator-audit-regression.test.mjs covers Debut/Spot special-damage immunity boundaries; tests/simulator-tool-hp-batch97.test.mjs covers HP bonuses across stages.
hBP03-096:abilityText,hBP03-096,ライフル,abilityText,EFFECT_TEXT,website/public/cards.json#/cards[id=660;779]/abilityText,engine.mjs#hbp09Legacy_attachmentArtsBonus + attachmentSpecialDamageBonus,ALIGNED,,NO_DIRECT_TEST,
hBP03-097:abilityText,hBP03-097,リコーダー,abilityText,EFFECT_TEXT,website/public/cards.json#/cards[id=661;780]/abilityText,engine.mjs#hbp09Legacy_attachmentArtsBonus + queueKnockoutAttachmentEffects,ALIGNED,,FOCUSED_PASS,tests/simulator-fan-knockout-audit.test.mjs verifies the Kanade 1st/2nd opponent-knockout draw branch; base Arts bonus was statically traced.
hBP03-098:abilityText,hBP03-098,金時,abilityText,EFFECT_TEXT,website/public/cards.json#/cards[id=662;781]/abilityText,engine.mjs#hbp09Legacy_attachmentHpBonus + queueAttachmentCollabEffects,ALIGNED,,NO_DIRECT_TEST,
hBP03-099:abilityText,hBP03-099,マグチ,abilityText,EFFECT_TEXT,website/public/cards.json#/cards[id=663;782]/abilityText,engine.mjs#hbp09Legacy_attachmentArtsBonus + queueAttachmentCollabEffects,ALIGNED,,NO_DIRECT_TEST,
hBP03-100:abilityText,hBP03-100,ペロ,abilityText,EFFECT_TEXT,website/public/cards.json#/cards[id=664;783]/abilityText,engine.mjs#hbp09Legacy_attachmentHpBonus + cheerCanPayForUnit allColorless rule,ALIGNED,,NO_DIRECT_TEST,
hBP03-101:abilityText,hBP03-101,ビビ,abilityText,EFFECT_TEXT,website/public/cards.json#/cards[id=665;784]/abilityText,engine.mjs#hbp09Legacy_attachmentHpBonus + attachmentSpecialDamageBonus,ALIGNED,,NO_DIRECT_TEST,
hBP03-102:abilityText,hBP03-102,フトイヌ,abilityText,EFFECT_TEXT,website/public/cards.json#/cards[id=666;785]/abilityText,engine.mjs#hbp09Legacy_attachmentArtsBonus + queueAttachmentCollabEffects,ALIGNED,,NO_DIRECT_TEST,
hBP03-103:abilityText,hBP03-103,ホソイヌ,abilityText,EFFECT_TEXT,website/public/cards.json#/cards[id=667;786]/abilityText,engine.mjs#queueKnockoutAttachmentEffects + drainEffectQueue + hbp09Legacy_resolveChoice,FIXED,website/lib/simulator/engine.mjs#slimDogReturn exact downed attachment identity,FOCUSED_PASS,tests/simulator-hbp03-103-return-audit.test.mjs reproduced the old archive lookup failure then verifies exact-copy return including multiple copies; Website and Android JS sources pass.
hBP03-104:abilityText,hBP03-104,Riscot,abilityText,EFFECT_TEXT,website/public/cards.json#/cards[id=668;787]/abilityText,engine.mjs#queueAttachmentCollabEffects + moveSelectedCheerToZone,ALIGNED,,NO_DIRECT_TEST,
hBP03-105:abilityText,hBP03-105,ルーナイト,abilityText,EFFECT_TEXT,website/public/cards.json#/cards[id=669;788;855]/abilityText,engine.mjs#prepareAttachmentDamageReaction + hbp09Legacy_resolveChoice,ALIGNED,,FOCUSED_PASS,tests/simulator-lunaite-audit.test.mjs and tests/simulator-audit-regression.test.mjs cover optional payment and 30 damage reduction for Arts and special damage.
hBP03-106:abilityText,hBP03-106,SSRB,abilityText,EFFECT_TEXT,website/public/cards.json#/cards[id=670;789]/abilityText,engine.mjs#cheer archive replacement options + botanCheerPayment,ALIGNED,,FOCUSED_PASS,tests/simulator-ssrb-audit.test.mjs covers own attached Fan payment across Collab Bloom and Arts archive-Cheer effects.
hBP03-107:abilityText,hBP03-107,35P,abilityText,EFFECT_TEXT,website/public/cards.json#/cards[id=671;790;823]/abilityText,engine.mjs#attachmentVirtualCheerColors + queueKnockoutAttachmentEffects,ALIGNED,,FOCUSED_PASS,tests/simulator-miko-attached-fans-audit.test.mjs verifies Red virtual Arts payment; tests/simulator-fan-knockout-audit.test.mjs verifies optional opponent draw per copy.
hBP03-108:abilityText,hBP03-108,はあとん,abilityText,EFFECT_TEXT,website/public/cards.json#/cards[id=672;791]/abilityText,engine.mjs#haatoRoll + hbp09Legacy_resolveChoice,ALIGNED,,FOCUSED_PASS,tests/simulator-haato-reroll-audit.test.mjs covers payment and cancellation of the original die result for Arts and Bloom.
hBP03-109:abilityText,hBP03-109,Ruffians,abilityText,EFFECT_TEXT,website/public/cards.json#/cards[id=673;792]/abilityText,engine.mjs#queueKnockoutAttachmentEffects + koFanTransfer,ALIGNED,,FOCUSED_PASS,tests/simulator-fan-knockout-audit.test.mjs verifies opponent-turn Down trigger and optional one-Blue-Cheer transfer to own Fuwawa.
hBP03-110:abilityText,hBP03-110,ろぼさー,abilityText,EFFECT_TEXT,website/public/cards.json#/cards[id=674;793]/abilityText,engine.mjs#attachmentVirtualCheerColors + hbp09Legacy_attachmentArtsBonus,ALIGNED,,NO_DIRECT_TEST,
hBP03-111:abilityText,hBP03-111,ころねすきー,abilityText,EFFECT_TEXT,website/public/cards.json#/cards[id=675;794]/abilityText,engine.mjs#batonCost,ALIGNED,,NO_DIRECT_TEST,
hBP03-112:abilityText,hBP03-112,わためいと,abilityText,EFFECT_TEXT,website/public/cards.json#/cards[id=676;795;856]/abilityText,engine.mjs#queueKnockoutAttachmentEffects + koFanTransfer,ALIGNED,,FOCUSED_PASS,tests/simulator-fan-knockout-audit.test.mjs verifies opponent-turn transfer of up to two Yellow Cheer to a different Watame.
hBP03-113:abilityText,hBP03-113,Risuners,abilityText,EFFECT_TEXT,website/public/cards.json#/cards[id=677;796]/abilityText,engine.mjs#attachCheerCards + risunersArtsBonus,ALIGNED,,FOCUSED_PASS,tests/simulator-risuners-audit.test.mjs covers once-per-turn bonus on Cheer arrival through common attachment paths.
hBP04-001:oshiSkill,hBP04-001,博衣こより,oshiSkill,EFFECT_TEXT,website/public/cards.json#/cards[id=861;971;1078]/oshiSkill,engine.mjs#hbp09Legacy_resolveNormalOshiSkill; target own Koyori with attached #こよラボ; +30 Arts until turn end,ALIGNED,,NO_DIRECT_TEST,Static registration/target/modifier/cost/once-per-turn trace.
hBP04-001:spOshiSkill,hBP04-001,博衣こより,spOshiSkill,EFFECT_TEXT,website/public/cards.json#/cards[id=861;971;1078]/spOshiSkill,engine.mjs#prepareOshiDamageReaction + payReactiveOshi; opponent-turn damage prevention for own Koyori with own Assistant-kun,ALIGNED,,FOCUSED_PASS,simulator-reaction-audit.test.mjs; simulator-oshi-prerequisites-124.test.mjs
hBP04-002:oshiSkill,hBP04-002,儒烏風亭らでん,oshiSkill,EFFECT_TEXT,website/public/cards.json#/cards[id=862;972;1444]/oshiSkill,engine.mjs#hbp09Legacy_resolveNormalOshiSkill; enqueueArchiveCheerToTarget; #ReGLOSS recipient,ALIGNED,,FOCUSED_PASS,simulator-luna-repairs.test.mjs
hBP04-002:spOshiSkill,hBP04-002,儒烏風亭らでん,spOshiSkill,EFFECT_TEXT,website/public/cards.json#/cards[id=862;972;1444]/spOshiSkill,engine.mjs#hbp09Legacy_resolveSpOshiSkill; oshiMushroomReturn; return 1–4 archived #きのこ Support and draw floor(n/2),ALIGNED,,NO_DIRECT_TEST,Static source trace; current tagged #きのこ catalog cards are supportEvent.
hBP04-003:oshiSkill,hBP04-003,一条莉々華,oshiSkill,EFFECT_TEXT,website/public/cards.json#/cards[id=863;973;1103]/oshiSkill,engine.mjs#hbp09Legacy_resolveNormalOshiSkill; own Center #ReGLOSS gate; 50 special damage to opponent Collab,ALIGNED,,NO_DIRECT_TEST,Static registration/condition/target/cost trace.
hBP04-003:spOshiSkill,hBP04-003,一条莉々華,spOshiSkill,EFFECT_TEXT,website/public/cards.json#/cards[id=863;973;1103]/spOshiSkill,engine.mjs#queueOshiKnockoutEffects ririkaSearch; deckToHandShuffle for Ririka and 限界飯,ALIGNED,,FOCUSED_PASS,simulator-ririka-search-batch308.test.mjs
hBP04-004:oshiSkill,hBP04-004,雪花ラミィ,oshiSkill,EFFECT_TEXT,website/public/cards.json#/cards[id=864;974;1079]/oshiSkill,engine.mjs#queueOshiKnockoutEffects lamyFan; take one attached Fan from defeated unit to hand,ALIGNED,,NO_DIRECT_TEST,Static opponent-turn/down/one-per-turn/exact-instance trace.
hBP04-004:spOshiSkill,hBP04-004,雪花ラミィ,spOshiSkill,EFFECT_TEXT,website/public/cards.json#/cards[id=864;974;1079]/spOshiSkill,engine.mjs#hbp09Legacy_resolveSpOshiSkill; oshiLamySp; specialDamage +100 and drawOnSpecialKO 2 modifiers,ALIGNED,,NO_DIRECT_TEST,Static selected-Lamy/turn-duration/special-KO trace.
hBP04-005:oshiSkill,hBP04-005,ラプラス・ダークネス,oshiSkill,EFFECT_TEXT,website/public/cards.json#/cards[id=865;975;1080]/oshiSkill,engine.mjs#hbp09Legacy_resolveNormalOshiSkill; threeDiceOverride consumed by rollDice only when count is 3,ALIGNED,,NO_DIRECT_TEST,Static current-turn modifier and three-die replacement trace.
hBP04-005:spOshiSkill,hBP04-005,ラプラス・ダークネス,spOshiSkill,EFFECT_TEXT,website/public/cards.json#/cards[id=865;975;1080]/spOshiSkill,engine.mjs#hbp09Legacy_resolveSpOshiSkill; oshiFreeArts; effectiveArtCost clears Cheer cost for selected #秘密結社holoX,ALIGNED,,NO_DIRECT_TEST,Static target/cost/duration trace.
hBP04-006:oshiSkill,hBP04-006,大空スバル,oshiSkill,EFFECT_TEXT,website/public/cards.json#/cards[id=866;976;1081]/oshiSkill,engine.mjs#prepareOshiDamageReaction + simultaneousDamageEffects; once-per-turn -30 to own Subaru in same damage event,ALIGNED,,FOCUSED_PASS,simulator-subaru-batch-audit.test.mjs
hBP04-006:spOshiSkill,hBP04-006,大空スバル,spOshiSkill,EFFECT_TEXT,website/public/cards.json#/cards[id=866;976;1081]/spOshiSkill,engine.mjs#hbp09Legacy_resolveSpOshiSkill; life <=3 Center Subaru Arts +100 this turn,ALIGNED,,NO_DIRECT_TEST,Static life/Center/turn/cost trace.
hBP04-007:oshiSkill,hBP04-007,アーニャ・メルフィッサ,oshiSkill,EFFECT_TEXT,website/public/cards.json#/cards[id=867;977]/oshiSkill,"engine.mjs#hbp09Legacy_resolveNormalOshiSkill; queueDeckAttachmentToStage searches Ancient Weapon, attaches to own Holomem, shuffles",ALIGNED,,FOCUSED_PASS,simulator-ancient-weapon-batch309.test.mjs
hBP04-007:spOshiSkill,hBP04-007,アーニャ・メルフィッサ,spOshiSkill,EFFECT_TEXT,website/public/cards.json#/cards[id=867;977]/spOshiSkill,engine.mjs#hbp09Legacy_resolveSpOshiSkill + ancientWeaponCheer; one archived Cheer per eligible attached Ancient Weapon holder,ALIGNED,,FOCUSED_PASS,simulator-ancient-weapon-batch309.test.mjs
hBP04-008:arts.0,hBP04-008,博衣こより,arts.0,BASIC_ACTION,website/public/cards.json#/cards[id=870;1110;heb01-hBP04-008-C-1;heb01-hBP04-008-HR-2]/arts.0,cards.json arts[0].cost/damage; shared attack cost and damage resolver,ALIGNED,,NO_DIRECT_TEST,Static base Arts mapping; no extra text.
hBP04-008:extra,hBP04-008,博衣こより,extra,EFFECT_TEXT,website/public/cards.json#/cards[id=870;1110;heb01-hBP04-008-C-1;heb01-hBP04-008-HR-2]/extra,engine.mjs#cardIsUnlimitedDebut + deck legality checks local unlimited-copy text,ALIGNED,,NO_DIRECT_TEST,Static Extra-to-deck-legality trace.
hBP04-009:arts.0,hBP04-009,博衣こより,arts.0,EFFECT_TEXT,website/public/cards.json#/cards[id=871;978;1089]/arts.0,engine.mjs#queueArtEffect topThreeSearch + bottomOrder; eligible holoX Debut or Koyo Lab Support among top three,ALIGNED,,FOCUSED_PASS,simulator-koyori-topsearch-batch289.test.mjs
hBP04-010:arts.0,hBP04-010,博衣こより,arts.0,BASIC_ACTION,website/public/cards.json#/cards[id=872;2171;979]/arts.0,cards.json arts[0] + shared attack resolver; colorless 40 Arts,ALIGNED,,NO_DIRECT_TEST,Static base Arts cost/damage mapping.
hBP04-010:arts.1,hBP04-010,博衣こより,arts.1,BASIC_ACTION,website/public/cards.json#/cards[id=872;2171;979]/arts.1,cards.json arts[1] + shared attack resolver; white/colorless 60 Arts,ALIGNED,,NO_DIRECT_TEST,Static base Arts cost/damage mapping.
hBP04-011:arts.0,hBP04-011,博衣こより,arts.0,EFFECT_TEXT,website/public/cards.json#/cards[id=873;980]/arts.0,"engine.mjs#queueArtEffect chooseArchivedAssistantForAttach -> attachArchivedSupport; optional, excludes source Koyori",ALIGNED,,NO_DIRECT_TEST,Static exact-card/source-exclusion/other-Koyori trace.
hBP04-012:arts.0,hBP04-012,博衣こより,arts.0,EFFECT_TEXT,website/public/cards.json#/cards[id=874;981;heb01-hBP04-012-R-1;heb01-hBP04-012-SR-2]/arts.0,engine.mjs#queueArtEffect; draw one only when this source has attached hBP04-105 Assistant-kun,ALIGNED,,FOCUSED_PASS,simulator-koyori-lab-batch290.test.mjs
hBP04-012:keyword,hBP04-012,博衣こより,keyword,EFFECT_TEXT,website/public/cards.json#/cards[id=874;981;heb01-hBP04-012-R-1;heb01-hBP04-012-SR-2]/keyword,engine.mjs#queueBloomEffects; required #こよラボ Support deck search and shuffle,ALIGNED,,FOCUSED_PASS,simulator-koyori-lab-batch290.test.mjs
hBP04-013:arts.0,hBP04-013,博衣こより,arts.0,EFFECT_TEXT,website/public/cards.json#/cards[id=875;1177;982;983;1442]/arts.0,engine.mjs#arts bonus and support-search condition; stale green-target specialTargets/specialValues removed from Website and Android card catalogs,ALIGNED,,FOCUSED_PASS,tests/simulator-hbp04-013-014-alignment.test.mjs (green-target +50)
hBP04-013:keyword,hBP04-013,博衣こより,keyword,EFFECT_TEXT,website/public/cards.json#/cards[id=875;1177;982;983;1442]/keyword,"engine.mjs#queueGiftKnockoutEffects hBP04-013; top main-deck card to Holo Power, select one Power to hand, shuffle remainder",ALIGNED,,NO_DIRECT_TEST,Static knockout/Gift order and giftPowerToHand path trace.
hBP04-014:arts.0,hBP04-014,白上フブキ,arts.0,EFFECT_TEXT,website/public/cards.json#/cards[id=876;984]/arts.0,engine.mjs#Arts bonus +50 only with own non-Fubuki #ゲーマーズ; stale green-target specialTargets/specialValues removed from Website and Android card catalogs,ALIGNED,,FOCUSED_PASS,tests/simulator-hbp04-013-014-alignment.test.mjs (Gamer condition and green-target +50)
hBP04-014:keyword,hBP04-014,白上フブキ,keyword,EFFECT_TEXT,website/public/cards.json#/cards[id=876;984]/keyword,engine.mjs#queueBloomEffects hBP04-014; recover 1–2 Archive cards tagged #白上'sキャラクター without forcing Holomem group,FIXED,website/lib/simulator/engine.mjs + ../android-current/web/lib/simulator/engine.mjs: explicit tag-only Archive recovery preserves tagged Mascot/Fan cards,FOCUSED_PASS,simulator-luna-repairs.test.mjs (14/14 Website and Android source mirror)
hBP04-015:arts.0,hBP04-015,IRyS,arts.0,EFFECT_TEXT,website/public/cards.json#/cards[id=877;985]/arts.0,"engine.mjs#Arts bonus +10 per own #Promise stage member, capped at four; shared damage resolver",ALIGNED,,FOCUSED_PASS,simulator-racequeen-batch338.test.mjs
hBP04-015:extra,hBP04-015,IRyS,extra,EFFECT_TEXT,website/public/cards.json#/cards[id=877;985]/extra,"engine.mjs#cardIsBuzz knockout life-loss rule; hBP04-015 is Buzz, so Down costs two Life",ALIGNED,,FOCUSED_PASS,simulator-hbp04-015-down-life.test.mjs; simulator-racequeen-batch338.test.mjs
hBP04-016:arts.0,hBP04-016,ラオーラ・パンテーラ,arts.0,EFFECT_TEXT,website/public/cards.json#/cards[id=1582;878;1111]/arts.0,,ALIGNED,,FOCUSED_PASS,tests/simulator-justice-count-batch101.test.mjs
hBP04-016:extra,hBP04-016,ラオーラ・パンテーラ,extra,EFFECT_TEXT,website/public/cards.json#/cards[id=1582;878;1111]/extra,engine.mjs#cardIsUnlimitedDebut (Debut extra text consumed by deck and search legality),ALIGNED,,NO_DIRECT_TEST,
hBP04-017:arts.0,hBP04-017,ラオーラ・パンテーラ,arts.0,BASIC_ACTION,website/public/cards.json#/cards[id=879;986]/arts.0,engine.mjs#attack + effectiveArtCost (printed 40 Arts; generic resolution),ALIGNED,,NO_DIRECT_TEST,
hBP04-018:arts.0,hBP04-018,ラオーラ・パンテーラ,arts.0,BASIC_ACTION,website/public/cards.json#/cards[id=880;987]/arts.0,engine.mjs#attack + effectiveArtCost (printed 50 Arts; generic resolution),ALIGNED,,NO_DIRECT_TEST,
hBP04-018:keyword,hBP04-018,ラオーラ・パンテーラ,keyword,EFFECT_TEXT,website/public/cards.json#/cards[id=880;987]/keyword,engine.mjs#queueBloomEffects -> queueSimpleTriggeredKeyword -> parsed #絵 Arts modifier,ALIGNED,,NO_DIRECT_TEST,
hBP04-019:arts.0,hBP04-019,ラオーラ・パンテーラ,arts.0,EFFECT_TEXT,website/public/cards.json#/cards[id=881;988]/arts.0,,FIXED,website/lib/simulator/engine.mjs#artConditionApplies and action candidate/resolution Collab-only gate; same Android source mirror,FOCUSED_PASS,"tests/simulator-hbp04-019-025-alignment.test.mjs (Center tag gives +80, red-target icon adds +50, Center declaration rejected)"
hBP04-019:keyword,hBP04-019,ラオーラ・パンテーラ,keyword,EFFECT_TEXT,website/public/cards.json#/cards[id=881;988]/keyword,,ALIGNED,,FOCUSED_PASS,tests/simulator-arttag-search-batch292.test.mjs
hBP04-020:arts.0,hBP04-020,儒烏風亭らでん,arts.0,BASIC_ACTION,website/public/cards.json#/cards[id=882;1112]/arts.0,engine.mjs#attack + effectiveArtCost (printed 20 Arts; generic resolution),ALIGNED,,NO_DIRECT_TEST,
hBP04-020:arts.1,hBP04-020,儒烏風亭らでん,arts.1,BASIC_ACTION,website/public/cards.json#/cards[id=882;1112]/arts.1,engine.mjs#attack + effectiveArtCost (printed 40 Arts; generic resolution),ALIGNED,,NO_DIRECT_TEST,
hBP04-020:extra,hBP04-020,儒烏風亭らでん,extra,EFFECT_TEXT,website/public/cards.json#/cards[id=882;1112]/extra,engine.mjs#cardIsUnlimitedDebut (Debut extra text consumed by deck legality),ALIGNED,,NO_DIRECT_TEST,
hBP04-021:arts.0,hBP04-021,儒烏風亭らでん,arts.0,BASIC_ACTION,website/public/cards.json#/cards[id=883;989]/arts.0,engine.mjs#attack + effectiveArtCost (printed 30 Arts; generic resolution),ALIGNED,,NO_DIRECT_TEST,
hBP04-021:keyword,hBP04-021,儒烏風亭らでん,keyword,EFFECT_TEXT,website/public/cards.json#/cards[id=883;989]/keyword,,ALIGNED,,FOCUSED_PASS,tests/simulator-raden-heal-batch102.test.mjs
hBP04-022:arts.0,hBP04-022,儒烏風亭らでん,arts.0,BASIC_ACTION,website/public/cards.json#/cards[id=884;990]/arts.0,engine.mjs#attack + effectiveArtCost (printed 30 Arts; generic resolution),ALIGNED,,NO_DIRECT_TEST,
hBP04-022:arts.1,hBP04-022,儒烏風亭らでん,arts.1,BASIC_ACTION,website/public/cards.json#/cards[id=884;990]/arts.1,engine.mjs#attack + effectiveArtCost (printed 50 Arts; generic resolution),ALIGNED,,NO_DIRECT_TEST,
hBP04-023:arts.0,hBP04-023,儒烏風亭らでん,arts.0,BASIC_ACTION,website/public/cards.json#/cards[id=885;991]/arts.0,engine.mjs#attack + effectiveArtCost (printed 40 Arts; generic resolution),ALIGNED,,NO_DIRECT_TEST,
hBP04-023:keyword,hBP04-023,儒烏風亭らでん,keyword,EFFECT_TEXT,website/public/cards.json#/cards[id=885;991]/keyword,engine.mjs#queueGiftKnockoutEffects -> koTransferCheer -> attachArchiveCheerCard; opponent-turn and tag target gates,ALIGNED,,NO_DIRECT_TEST,
hBP04-024:arts.0,hBP04-024,儒烏風亭らでん,arts.0,EFFECT_TEXT,website/public/cards.json#/cards[id=886;992]/arts.0,engine.mjs#resolveGenericArtEffects -> enqueueArchiveCheerToTarget (optional one Archive Cheer to this Center),ALIGNED,,NO_DIRECT_TEST,
hBP04-024:keyword,hBP04-024,儒烏風亭らでん,keyword,EFFECT_TEXT,website/public/cards.json#/cards[id=886;992]/keyword,engine.mjs#giftZoneApplies + hbp09Legacy_giftDamageAdjustment (Center; opponent Main; opponent ability damage),ALIGNED,,NO_DIRECT_TEST,
hBP04-025:arts.0,hBP04-025,儒烏風亭らでん,arts.0,EFFECT_TEXT,website/public/cards.json#/cards[id=887;993;994]/arts.0,,ALIGNED,,FOCUSED_PASS,tests/simulator-hbp04-019-025-alignment.test.mjs (white-target +50 separate from Raden Oshi effect)
hBP04-025:keyword,hBP04-025,儒烏風亭らでん,keyword,EFFECT_TEXT,website/public/cards.json#/cards[id=887;993;994]/keyword,,ALIGNED,,FOCUSED_PASS,tests/simulator-raden-batch384.test.mjs
hBP04-026:arts.0,hBP04-026,大神ミオ,arts.0,EFFECT_TEXT,website/public/cards.json#/cards[id=888;995]/arts.0,"engine.mjs#resolveGenericArtEffects hBP04-026:0 (#ゲーマーズ excluding Mio, +50)",ALIGNED,,NO_DIRECT_TEST,
hBP04-026:keyword,hBP04-026,大神ミオ,keyword,EFFECT_TEXT,website/public/cards.json#/cards[id=888;995]/keyword,engine.mjs#queueBloomEffects -> hBP04-026 Fubuki-Oshi gate -> white Cheer search/attachment,ALIGNED,,FOCUSED_PASS,tests/simulator-mio-white-batch293.test.mjs
hBP04-027:arts.0,hBP04-027,パヴォリア・レイネ,arts.0,BASIC_ACTION,website/public/cards.json#/cards[id=889;996]/arts.0,engine.mjs#attack + effectiveArtCost (printed 30 Arts),ALIGNED,,NO_DIRECT_TEST,
hBP04-027:keyword,hBP04-027,パヴォリア・レイネ,keyword,EFFECT_TEXT,website/public/cards.json#/cards[id=889;996]/keyword,engine.mjs#queueBloomEffects -> hBP04-027 named Ollie/Anya Cheer target,ALIGNED,,FOCUSED_PASS,tests/simulator-holoro-batch103.test.mjs
hBP04-028:arts.0,hBP04-028,セシリア・イマーグリーン,arts.0,BASIC_ACTION,website/public/cards.json#/cards[id=2316;890;1113]/arts.0,engine.mjs#attack + effectiveArtCost (printed 30 Arts),ALIGNED,,NO_DIRECT_TEST,
hBP04-028:extra,hBP04-028,セシリア・イマーグリーン,extra,EFFECT_TEXT,website/public/cards.json#/cards[id=2316;890;1113]/extra,engine.mjs#cardIsUnlimitedDebut (Debut extra text consumed by deck legality),ALIGNED,,NO_DIRECT_TEST,
hBP04-029:arts.0,hBP04-029,セシリア・イマーグリーン,arts.0,BASIC_ACTION,website/public/cards.json#/cards[id=891;997]/arts.0,engine.mjs#attack + effectiveArtCost (printed 60 Arts),ALIGNED,,NO_DIRECT_TEST,
hBP04-030:arts.0,hBP04-030,セシリア・イマーグリーン,arts.0,BASIC_ACTION,website/public/cards.json#/cards[id=892;998]/arts.0,engine.mjs#attack + effectiveArtCost (printed 50 Arts),ALIGNED,,NO_DIRECT_TEST,
hBP04-030:keyword,hBP04-030,セシリア・イマーグリーン,keyword,EFFECT_TEXT,website/public/cards.json#/cards[id=892;998]/keyword,engine.mjs#queueBloomEffects -> queueSimpleTriggeredKeyword -> queueGenericStageCheerMove (optional 1-2 Cheer),ALIGNED,,NO_DIRECT_TEST,
hBP04-031:arts.0,hBP04-031,セシリア・イマーグリーン,arts.0,EFFECT_TEXT,website/public/cards.json#/cards[id=893;999]/arts.0,"engine.mjs#resolveGenericArtEffects hBP04-031 -> multilingualCheer (back #語学 recipient, matching Cheer color, shuffle)",ALIGNED,,FOCUSED_PASS,tests/simulator-multilingual-batch337.test.mjs
hBP04-031:keyword,hBP04-031,セシリア・イマーグリーン,keyword,EFFECT_TEXT,website/public/cards.json#/cards[id=893;999]/keyword,engine.mjs#hbp09Legacy_giftArtsBonus hBP04-031 (own holder; opponent #JP/#ID gate; +30),ALIGNED,,NO_DIRECT_TEST,
hBP04-032:arts.0,hBP04-032,一条莉々華,arts.0,BASIC_ACTION,website/public/cards.json#/cards[id=894;1114]/arts.0,engine.mjs#attack + effectiveArtCost (printed 30 Arts),ALIGNED,,NO_DIRECT_TEST,
hBP04-032:extra,hBP04-032,一条莉々華,extra,EFFECT_TEXT,website/public/cards.json#/cards[id=894;1114]/extra,engine.mjs#cardIsUnlimitedDebut (Debut extra text consumed by deck legality),ALIGNED,,NO_DIRECT_TEST,
hBP04-033:arts.0,hBP04-033,一条莉々華,arts.0,BASIC_ACTION,website/public/cards.json#/cards[id=895;1000]/arts.0,engine.mjs#attack + effectiveArtCost (printed 20 Arts),ALIGNED,,NO_DIRECT_TEST,
hBP04-033:arts.1,hBP04-033,一条莉々華,arts.1,EFFECT_TEXT,website/public/cards.json#/cards[id=895;1000]/arts.1,engine.mjs#resolveGenericArtEffects hBP04-033:1 (current-turn 限界飯 event -> opponent Collab 20 special damage),ALIGNED,,FOCUSED_PASS,tests/simulator-ririka-meal-batch104.test.mjs
hBP04-034:arts.0,hBP04-034,一条莉々華,arts.0,BASIC_ACTION,website/public/cards.json#/cards[id=896;1001]/arts.0,engine.mjs#attack + effectiveArtCost (printed 40 Arts),ALIGNED,,NO_DIRECT_TEST,
hBP04-034:arts.1,hBP04-034,一条莉々華,arts.1,BASIC_ACTION,website/public/cards.json#/cards[id=896;1001]/arts.1,engine.mjs#attack + effectiveArtCost (printed 60 Arts),ALIGNED,,NO_DIRECT_TEST,
hBP04-035:arts.0,hBP04-035,一条莉々華,arts.0,EFFECT_TEXT,website/public/cards.json#/cards[id=897;1002]/arts.0,engine.mjs#resolveGenericArtEffects -> generic opponent-Collab special-damage parser (20),ALIGNED,,NO_DIRECT_TEST,
hBP04-035:keyword,hBP04-035,一条莉々華,keyword,EFFECT_TEXT,website/public/cards.json#/cards[id=897;1002]/keyword,engine.mjs#queueBloomEffects -> queueSimpleTriggeredKeyword -> simpleSearchRule/archive-to-hand named 限界飯,ALIGNED,,NO_DIRECT_TEST,
hBP04-036:arts.0,hBP04-036,一条莉々華,arts.0,EFFECT_TEXT,website/public/cards.json#/cards[id=898;1003]/arts.0,engine.mjs#resolveGenericArtEffects hBP04-036:0 (draw one only when the Arts target is opponent Collab),ALIGNED,,NO_DIRECT_TEST,
hBP04-036:keyword,hBP04-036,一条莉々華,keyword,EFFECT_TEXT,website/public/cards.json#/cards[id=898;1003]/keyword,engine.mjs#queueBloomEffects -> queueSimpleTriggeredKeyword generic Collab 20 special damage,ALIGNED,,NO_DIRECT_TEST,
hBP04-037:arts.0,hBP04-037,一条莉々華,arts.0,EFFECT_TEXT,website/public/cards.json#/cards[id=899;1004;1005]/arts.0,"engine.mjs#resolveGenericArtEffects hBP04-037:0 (Center 50, then current-turn 限界飯 conditional 30 target)",ALIGNED,,FOCUSED_PASS,tests/simulator-ririka-kpg-batch339.test.mjs
hBP04-037:keyword,hBP04-037,一条莉々華,keyword,EFFECT_TEXT,website/public/cards.json#/cards[id=899;1004;1005]/keyword,engine.mjs#queueBloomEffects -> optional roll -> ririkaKpgRoll -> forcedCollab at 4+ if opponent Collab empty,ALIGNED,,FOCUSED_PASS,tests/simulator-ririka-kpg-batch339.test.mjs
hBP04-038:arts.0,hBP04-038,宝鐘マリン,arts.0,EFFECT_TEXT,website/public/cards.json#/cards[id=900;1006]/arts.0,engine.mjs#resolveGenericArtEffects generic per-stack Arts bonus counts underlying Holomen only,ALIGNED,,NO_DIRECT_TEST,
hBP04-038:keyword,hBP04-038,宝鐘マリン,keyword,EFFECT_TEXT,website/public/cards.json#/cards[id=900;1006]/keyword,engine.mjs#queueSimpleTriggeredKeyword generic simultaneous Center/Collab special damage,ALIGNED,,NO_DIRECT_TEST,
hBP04-039:arts.0,hBP04-039,カエラ・コヴァルスキア,arts.0,BASIC_ACTION,website/public/cards.json#/cards[id=901;1404;hbp09-hBP04-039_C_02]/arts.0,engine.mjs#attack + effectiveArtCost (printed 20 Arts),ALIGNED,,NO_DIRECT_TEST,
hBP04-039:extra,hBP04-039,カエラ・コヴァルスキア,extra,EFFECT_TEXT,website/public/cards.json#/cards[id=901;1404;hbp09-hBP04-039_C_02]/extra,engine.mjs#cardIsUnlimitedDebut (Debut extra text consumed by deck legality),ALIGNED,,NO_DIRECT_TEST,
hBP04-040:arts.0,hBP04-040,カエラ・コヴァルスキア,arts.0,BASIC_ACTION,website/public/cards.json#/cards[id=902;1007]/arts.0,engine.mjs#attack + effectiveArtCost (printed 30 Arts),ALIGNED,,NO_DIRECT_TEST,
hBP04-040:arts.1,hBP04-040,カエラ・コヴァルスキア,arts.1,BASIC_ACTION,website/public/cards.json#/cards[id=902;1007]/arts.1,engine.mjs#attack + effectiveArtCost (printed 50 Arts),ALIGNED,,NO_DIRECT_TEST,
hBP04-041:arts.0,hBP04-041,カエラ・コヴァルスキア,arts.0,BASIC_ACTION,website/public/cards.json#/cards[id=903;1008]/arts.0,engine.mjs#attack + effectiveArtCost (printed 20 Arts),ALIGNED,,NO_DIRECT_TEST,
hBP04-041:keyword,hBP04-041,カエラ・コヴァルスキア,keyword,EFFECT_TEXT,website/public/cards.json#/cards[id=903;1008]/keyword,"engine.mjs#queueBloomEffects -> queueSimpleTriggeredKeyword -> simpleSearchRule/queueArchiveToHand (Tool-only, optional one)",ALIGNED,,NO_DIRECT_TEST,
hBP04-042:arts.0,hBP04-042,カエラ・コヴァルスキア,arts.0,EFFECT_TEXT,website/public/cards.json#/cards[id=904;1009;1010]/arts.0,engine.mjs#resolveGenericArtEffects hBP04-042:0 (another own #ID3期生 -> draw one),ALIGNED,,NO_DIRECT_TEST,
hBP04-042:arts.1,hBP04-042,カエラ・コヴァルスキア,arts.1,EFFECT_TEXT,website/public/cards.json#/cards[id=904;1009;1010]/arts.1,engine.mjs#resolveGenericArtEffects hBP04-042:1 (own attached #カエラ'sアームズ -> opposing Collab 30 special damage),ALIGNED,,NO_DIRECT_TEST,
hBP04-042:extra,hBP04-042,カエラ・コヴァルスキア,extra,EFFECT_TEXT,website/public/cards.json#/cards[id=904;1009;1010]/extra,engine.mjs#cardIsBuzz -> knockOutUnit (Buzz Down replaces one-life base with two),ALIGNED,,FOCUSED_PASS,tests/simulator-buzz-life-batch106.test.mjs
hBP04-043:arts.0,hBP04-043,雪花ラミィ,arts.0,EFFECT_TEXT,website/public/cards.json#/cards[id=1587;905;1709;1405;hbp09-hBP04-043_C_02]/arts.0,engine.mjs#resolveGenericArtEffects hBP04-043:0 -> optional target special damage 10 with loseLife:false before Arts damage,ALIGNED,,FOCUSED_PASS,tests/simulator-resolution-order-audit.test.mjs
hBP04-043:extra,hBP04-043,雪花ラミィ,extra,EFFECT_TEXT,website/public/cards.json#/cards[id=1587;905;1709;1405;hbp09-hBP04-043_C_02]/extra,engine.mjs#cardIsBuzz + knockOutUnit (no additional Extra; card is Buzz),ALIGNED,,NO_DIRECT_TEST,
hBP04-044:arts.0,hBP04-044,雪花ラミィ,arts.0,BASIC_ACTION,website/public/cards.json#/cards[id=906;1011;1115]/arts.0,engine.mjs#attack + effectiveArtCost (printed 30 Arts),ALIGNED,,NO_DIRECT_TEST,
hBP04-044:keyword,hBP04-044,雪花ラミィ,keyword,EFFECT_TEXT,website/public/cards.json#/cards[id=906;1011;1115]/keyword,engine.mjs#queueCollabEffects -> hBP04-044 no-attached-Yukimin gate -> mandatory search/attach/shuffle,ALIGNED,,FOCUSED_PASS,tests/simulator-lamy-fan-batch294.test.mjs
hBP04-045:arts.0,hBP04-045,雪花ラミィ,arts.0,BASIC_ACTION,website/public/cards.json#/cards[id=907;2172;1012]/arts.0,engine.mjs#attack + effectiveArtCost (printed 30 Arts),ALIGNED,,NO_DIRECT_TEST,
hBP04-045:arts.1,hBP04-045,雪花ラミィ,arts.1,BASIC_ACTION,website/public/cards.json#/cards[id=907;2172;1012]/arts.1,engine.mjs#attack + effectiveArtCost (printed 50 Arts),ALIGNED,,NO_DIRECT_TEST,
hBP04-046:arts.0,hBP04-046,雪花ラミィ,arts.0,EFFECT_TEXT,website/public/cards.json#/cards[id=908;2173;1013]/arts.0,engine.mjs#resolveGenericArtEffects hBP04-046:0; checks any own attached Fan and selects one opposing Holomen,ALIGNED,,NO_DIRECT_TEST,"Static trace: printed condition, 10 special damage, opponent target and attached-Fan predicate align."
hBP04-047:arts.0,hBP04-047,雪花ラミィ,arts.0,BASIC_ACTION,website/public/cards.json#/cards[id=909;1014;heb01-hBP04-047-R-1;heb01-hBP04-047-SR-2]/arts.0,engine.mjs#resolveAttack; cards.json#hBP04-047.arts[0],ALIGNED,,NO_DIRECT_TEST,Basic Arts: printed 50 damage and blue/colorless cost use the shared attack path.
hBP04-047:keyword,hBP04-047,雪花ラミィ,keyword,EFFECT_TEXT,website/public/cards.json#/cards[id=909;1014;heb01-hBP04-047-R-1;heb01-hBP04-047-SR-2]/keyword,engine.mjs#queueCollabEffects -> queueSimpleTriggeredKeyword loseLife parse (Website + Android mirror),FIXED,engine.mjs#queueCollabEffects -> queueSimpleTriggeredKeyword loseLife parse (Website + Android mirror),FOCUSED_PASS,"New test reproduces attached-Snowmin gate, 20 special damage, and no Life loss on Down in both JS sources."
hBP04-048:arts.0,hBP04-048,雪花ラミィ,arts.0,EFFECT_TEXT,website/public/cards.json#/cards[id=910;1015;1016;1441]/arts.0,engine.mjs#queueGenericArtCostEffects:hBP04-048:0 -> completeArtCheerCost:hBP04-048SpecialDamage; Website + Android card assets,FIXED,website/lib/simulator/engine.mjs#queueGenericArtCostEffects:hBP04-048:0 -> completeArtCheerCost:hBP04-048SpecialDamage; same Android source mirror,FOCUSED_PASS,"tests/simulator-hbp04-046-055-alignment.test.mjs (optional Cheer archive, red-target +50, required 30 special damage to chosen Back target)"
hBP04-048:keyword,hBP04-048,雪花ラミィ,keyword,EFFECT_TEXT,website/public/cards.json#/cards[id=910;1015;1016;1441]/keyword,engine.mjs#queueBloomEffects:hBP04-048,ALIGNED,,FOCUSED_PASS,simulator-lamy-fan-batch105.test.mjs verifies mandatory top-Cheer attachment only to Lamy with attached Snowmin.
hBP04-049:arts.0,hBP04-049,ムーナ・ホシノヴァ,arts.0,BASIC_ACTION,website/public/cards.json#/cards[id=911;1017]/arts.0,website/public/cards.json + android-current/app/src/main/assets/cards.json#hBP04-049.arts[0],ALIGNED,,FOCUSED_PASS,tests/simulator-hbp04-046-055-alignment.test.mjs (white-target +50)
hBP04-049:arts.1,hBP04-049,ムーナ・ホシノヴァ,arts.1,EFFECT_TEXT,website/public/cards.json#/cards[id=911;1017]/arts.1,engine.mjs#hBP04-049:1 + Website and Android cards.json metadata,ALIGNED,,FOCUSED_PASS,tests/simulator-hbp04-046-055-alignment.test.mjs (white-target +50 plus printed different-color +50)
hBP04-050:arts.0,hBP04-050,シオリ・ノヴェラ,arts.0,BASIC_ACTION,website/public/cards.json#/cards[id=1903;1766;912;1116]/arts.0,engine.mjs#attack; cards.json#hBP04-050.arts[0],ALIGNED,,NO_DIRECT_TEST,Basic Arts: printed 30 damage and colorless cost use the shared attack path.
hBP04-050:extra,hBP04-050,シオリ・ノヴェラ,extra,EFFECT_TEXT,website/public/cards.json#/cards[id=1903;1766;912;1116]/extra,deck validation maxCopies/unlimited fields for hBP04-050,ALIGNED,,NO_DIRECT_TEST,Unlimited-copy flag and deck validation path match the local extra text.
hBP04-051:arts.0,hBP04-051,シオリ・ノヴェラ,arts.0,BASIC_ACTION,website/public/cards.json#/cards[id=913;1018]/arts.0,engine.mjs#attack; cards.json#hBP04-051.arts[0],ALIGNED,,NO_DIRECT_TEST,Basic Arts: printed 30 damage and blue cost use the shared attack path.
hBP04-051:arts.1,hBP04-051,シオリ・ノヴェラ,arts.1,BASIC_ACTION,website/public/cards.json#/cards[id=913;1018]/arts.1,engine.mjs#attack; cards.json#hBP04-051.arts[1],ALIGNED,,NO_DIRECT_TEST,Basic Arts: printed 50 damage and two colorless Cheer cost use the shared attack path.
hBP04-052:arts.0,hBP04-052,シオリ・ノヴェラ,arts.0,BASIC_ACTION,website/public/cards.json#/cards[id=914;1019]/arts.0,engine.mjs#attack; cards.json#hBP04-052.arts[0],ALIGNED,,NO_DIRECT_TEST,Basic Arts: printed 20 damage and colorless cost use the shared attack path.
hBP04-052:keyword,hBP04-052,シオリ・ノヴェラ,keyword,EFFECT_TEXT,website/public/cards.json#/cards[id=914;1019]/keyword,engine.mjs#queueBloomEffects:hBP04-052,ALIGNED,,FOCUSED_PASS,simulator-jailbreak-batch107.test.mjs verifies mandatory opposing Back target and no Life loss on Down.
hBP04-053:arts.0,hBP04-053,シオリ・ノヴェラ,arts.0,EFFECT_TEXT,website/public/cards.json#/cards[id=915;1020;1021]/arts.0,engine.mjs#resolveGenericArtEffects:hBP04-053:0 and resolveChoice:shioriBookmark,ALIGNED,,FOCUSED_PASS,"simulator-shiori-batch340.test.mjs verifies optional reveal, #EN filter, 20 special damage and Holo Power bottom order."
hBP04-053:extra,hBP04-053,シオリ・ノヴェラ,extra,EFFECT_TEXT,website/public/cards.json#/cards[id=915;1020;1021]/extra,engine.mjs#Buzz knockout life-loss path for hBP04-053,ALIGNED,,FOCUSED_PASS,simulator-shiori-batch340.test.mjs verifies its Buzz Down costs two Life.
hBP04-053:keyword,hBP04-053,シオリ・ノヴェラ,keyword,EFFECT_TEXT,website/public/cards.json#/cards[id=915;1020;1021]/keyword,engine.mjs#queueSimpleTriggeredKeyword:hBP04-053 Bloom top-Cheer target,ALIGNED,,FOCUSED_PASS,simulator-shiori-batch340.test.mjs verifies mandatory Cheer attachment to own #EN Holomen.
hBP04-054:arts.0,hBP04-054,ラプラス・ダークネス,arts.0,BASIC_ACTION,website/public/cards.json#/cards[id=1904;916;2024;1022;1117]/arts.0,engine.mjs#attack; cards.json#hBP04-054.arts[0],ALIGNED,,NO_DIRECT_TEST,Basic Arts: printed 30 damage and colorless cost use the shared attack path.
hBP04-054:extra,hBP04-054,ラプラス・ダークネス,extra,EFFECT_TEXT,website/public/cards.json#/cards[id=1904;916;2024;1022;1117]/extra,deck validation maxCopies/unlimited fields for hBP04-054,ALIGNED,,NO_DIRECT_TEST,Unlimited-copy flag and deck validation path match the local extra text.
hBP04-055:arts.0,hBP04-055,ラプラス・ダークネス,arts.0,EFFECT_TEXT,website/public/cards.json#/cards[id=917;2174;1023]/arts.0,engine.mjs#resolveGenericArtEffects rested-opponent multiplier,ALIGNED,,FOCUSED_PASS,New test verifies 30 base and +10 for each rested opposing Holomen.
hBP04-055:keyword,hBP04-055,ラプラス・ダークネス,keyword,EFFECT_TEXT,website/public/cards.json#/cards[id=917;2174;1023]/keyword,engine.mjs#queueCollabEffects -> laplusRestRoll,ALIGNED,,FOCUSED_PASS,"simulator-laplus-rest-batch109.test.mjs verifies optional roll, 3+ threshold, and one opposing Back rest target."
hBP04-056:arts.0,hBP04-056,ラプラス・ダークネス,arts.0,BASIC_ACTION,website/public/cards.json#/cards[id=918;2175;1024]/arts.0,website/lib/simulator/engine.mjs#attack; catalog arts[0].damage=40 and generic cost/damage resolution,ALIGNED,,NO_DIRECT_TEST,Static trace: attack action resolves catalog Arts base damage and shared bonuses.
hBP04-056:arts.1,hBP04-056,ラプラス・ダークネス,arts.1,BASIC_ACTION,website/public/cards.json#/cards[id=918;2175;1024]/arts.1,website/lib/simulator/engine.mjs#attack; catalog arts[1].damage=70 and generic cost/damage resolution,ALIGNED,,NO_DIRECT_TEST,Static trace: second catalog Arts value resolves through shared damage path.
hBP04-057:arts.0,hBP04-057,ラプラス・ダークネス,arts.0,BASIC_ACTION,website/public/cards.json#/cards[id=919;1025]/arts.0,website/lib/simulator/engine.mjs#attack; catalog arts[0] generic damage resolution,ALIGNED,,NO_DIRECT_TEST,Static trace: printed base Arts value follows generic damage path.
hBP04-057:keyword,hBP04-057,ラプラス・ダークネス,keyword,EFFECT_TEXT,website/public/cards.json#/cards[id=919;1025]/keyword,website/lib/simulator/engine.mjs#hbp09Legacy_queueBloomEffects hBP04-057; hbp09Legacy_resolveChoice holoxGatherRoll,ALIGNED,,FOCUSED_PASS,website/tests/simulator-holox-gather-batch110.test.mjs (optional skip and odd/even Archive recovery)
hBP04-058:arts.0,hBP04-058,ラプラス・ダークネス,arts.0,BASIC_ACTION,website/public/cards.json#/cards[id=920;1026;2039]/arts.0,website/lib/simulator/engine.mjs#attack; catalog arts[0] generic damage resolution,ALIGNED,,NO_DIRECT_TEST,Static trace: printed base Arts value follows generic damage path.
hBP04-058:keyword,hBP04-058,ラプラス・ダークネス,keyword,EFFECT_TEXT,website/public/cards.json#/cards[id=920;1026;2039]/keyword,website/lib/simulator/engine.mjs#hbp09Legacy_queueCollabEffects hBP04-058; hbp09Legacy_resolveChoice laplusTripleRoll,ALIGNED,,FOCUSED_PASS,website/tests/simulator-laplus-roll-batch108.test.mjs (optional skip and exactly 3 dice with odd/even outcomes)
hBP04-059:arts.0,hBP04-059,ラプラス・ダークネス,arts.0,EFFECT_TEXT,website/public/cards.json#/cards[id=921;1178;1027;1028]/arts.0,website/lib/simulator/engine.mjs#resolveDiceArtEffects hBP04-059:0; currentTurnEvents.diceRollCount and specialDamage to opposing Center,ALIGNED,,FOCUSED_PASS,tests/simulator-hbp04-056-065-alignment.test.mjs (blue-target +50 with zero dice)
hBP04-059:keyword,hBP04-059,ラプラス・ダークネス,keyword,EFFECT_TEXT,website/public/cards.json#/cards[id=921;1178;1027;1028]/keyword,website/lib/simulator/engine.mjs#hbp09Legacy_queueBloomEffects hBP04-059; hbp09Legacy_resolveChoice yesMyDarkCost; per-turn usage gate,ALIGNED,,FOCUSED_PASS,"website/tests/simulator-dark-batch111.test.mjs (optional payment, exactly 3 dice, odd draws, once per turn)"
hBP04-060:arts.0,hBP04-060,紫咲シオン,arts.0,EFFECT_TEXT,website/public/cards.json#/cards[id=922;1029]/arts.0,website/lib/simulator/engine.mjs#hbp09Legacy_resolveGenericArtEffects hBP04-060; queueFixedSpecialDamage equals opposing Center Cheer count x10,ALIGNED,,FOCUSED_PASS,website/tests/simulator-streaming-batch113.test.mjs (0/1/3 opposing Center Cheer)
hBP04-060:extra,hBP04-060,紫咲シオン,extra,EFFECT_TEXT,website/public/cards.json#/cards[id=922;1029]/extra,website/lib/simulator/engine.mjs#resolveDamageKnockout and finishKnockoutLife; Buzz type applies two-Life Down,ALIGNED,,FOCUSED_PASS,website/tests/simulator-streaming-batch113.test.mjs (Buzz Down life loss true/false)
hBP04-060:keyword,hBP04-060,紫咲シオン,keyword,EFFECT_TEXT,website/public/cards.json#/cards[id=922;1029]/keyword,website/lib/simulator/engine.mjs#hbp09Legacy_queueBloomEffects hBP04-060; hbp09Legacy_resolveChoice opponentArchiveCheerToStage owner/target rules,ALIGNED,,NO_DIRECT_TEST,Static trace: optional opposing Archive Cheer selection is attached to opposing Center.
hBP04-061:arts.0,hBP04-061,クレイジー・オリー,arts.0,EFFECT_TEXT,website/public/cards.json#/cards[id=923;1030]/arts.0,website/lib/simulator/engine.mjs#hbp09Legacy_resolveGenericArtEffects hBP04-061; +20 per other own 2nd #ID2,ALIGNED,,FOCUSED_PASS,tests/simulator-hbp04-056-065-alignment.test.mjs (green-target +50 with no other eligible 2nd ID2)
hBP04-061:keyword,hBP04-061,クレイジー・オリー,keyword,EFFECT_TEXT,website/public/cards.json#/cards[id=923;1030]/keyword,website/lib/simulator/engine.mjs#hbp09Legacy_queueBloomEffects SP Oshi Bloom gate; hbp09Legacy_resolveChoice fullHealOllie,ALIGNED,,NO_DIRECT_TEST,Static trace: gated to SP Oshi Bloom context and restores own Ollie HP.
hBP04-062:arts.0,hBP04-062,森カリオペ,arts.0,EFFECT_TEXT,website/public/cards.json#/cards[id=924;1031;1104]/arts.0,"website/lib/simulator/engine.mjs#hbp09Legacy_resolveGenericArtEffects hBP04-062; reveal two, resolve lastCupArchive",ALIGNED,,FOCUSED_PASS,website/tests/simulator-last-cup-batch114.test.mjs (choose either revealed card for Archive; other remains on deck top)
hBP04-062:extra,hBP04-062,森カリオペ,extra,EFFECT_TEXT,website/public/cards.json#/cards[id=924;1031;1104]/extra,website/lib/simulator/engine.mjs#resolveDamageKnockout and finishKnockoutLife; Buzz type applies two-Life Down,ALIGNED,,FOCUSED_PASS,website/tests/simulator-last-cup-batch114.test.mjs (Buzz Down life loss true/false)
hBP04-062:keyword,hBP04-062,森カリオペ,keyword,EFFECT_TEXT,website/public/cards.json#/cards[id=924;1031;1104]/keyword,"website/lib/simulator/engine.mjs#hbp09Legacy_giftArtsBonus hBP04-062; Center, #Myth and named attached Fan gate",ALIGNED,,NO_DIRECT_TEST,"Static trace: +30 Gift condition checks source Center, #Myth and Calli scythe/Death-sensei attachment."
hBP04-063:arts.0,hBP04-063,古石ビジュー,arts.0,BASIC_ACTION,website/public/cards.json#/cards[id=1767;925;1406]/arts.0,website/lib/simulator/engine.mjs#attack; catalog arts[0] generic damage resolution,ALIGNED,,NO_DIRECT_TEST,Static trace: printed base Arts value follows generic damage path.
hBP04-063:extra,hBP04-063,古石ビジュー,extra,EFFECT_TEXT,website/public/cards.json#/cards[id=1767;925;1406]/extra,website/public/cards.json#/cards[number=hBP04-063]/unlimited; deck-copy validation reads catalog flag,ALIGNED,,NO_DIRECT_TEST,Static catalog trace: unlimited=true bypasses normal same-number copy restriction.
hBP04-063:keyword,hBP04-063,古石ビジュー,keyword,EFFECT_TEXT,website/public/cards.json#/cards[id=1767;925;1406]/keyword,website/lib/simulator/engine.mjs#hbp09Legacy_queueGiftKnockoutEffects hBP04-063; onOpponentTurn guard and one-card draw,ALIGNED,,NO_DIRECT_TEST,Static trace: Gift draw occurs only when defeated during opponent turn.
hBP04-064:arts.0,hBP04-064,古石ビジュー,arts.0,BASIC_ACTION,website/public/cards.json#/cards[id=926;1032]/arts.0,website/lib/simulator/engine.mjs#attack; catalog arts[0].damage=30 and generic damage resolution,ALIGNED,,NO_DIRECT_TEST,Static trace: printed base Arts value follows generic damage path.
hBP04-065:arts.0,hBP04-065,古石ビジュー,arts.0,EFFECT_TEXT,website/public/cards.json#/cards[id=927;1033]/arts.0,website/lib/simulator/engine.mjs#hbp09Legacy_resolveGenericArtEffects hBP04-065; +20 if own Archive has red Cheer,ALIGNED,,FOCUSED_PASS,website/tests/simulator-shining-batch118.test.mjs (red Cheer absent/present)
hBP04-065:keyword,hBP04-065,古石ビジュー,keyword,EFFECT_TEXT,website/public/cards.json#/cards[id=927;1033]/keyword,website/lib/simulator/engine.mjs#hbp09Legacy_queueBloomEffects hBP04-065; hbp09Legacy_resolveChoice archiveCheerThenDrawTwo,ALIGNED,,FOCUSED_PASS,website/tests/simulator-shining-batch118.test.mjs (optional payment and draw two)
hBP04-066:arts.0,hBP04-066,古石ビジュー,arts.0,EFFECT_TEXT,website/public/cards.json#/cards[id=928;1034;1035]/arts.0,website/lib/simulator/engine.mjs#attack -> hbp09Legacy_resolveGenericArtEffects scoped Archive Cheer parser; card Arts base 80,FIXED,website/lib/simulator/engine.mjs#hbp09Legacy_resolveGenericArtEffects scoped Archive Cheer counter; same Android source mirror,FOCUSED_PASS,tests/simulator-hbp04-066-075-alignment.test.mjs (green-target +50 plus exact +10 per opposing Archive Cheer: 130/150)
hBP04-066:keyword,hBP04-066,古石ビジュー,keyword,EFFECT_TEXT,website/public/cards.json#/cards[id=928;1034;1035]/keyword,website/lib/simulator/engine.mjs#hbp09Legacy_queueBloomEffects hBP04-066; hbp09Legacy_resolveChoice archiveWholeHandDrawSame; per-turn usage mark,ALIGNED,,FOCUSED_PASS,website/tests/simulator-crystal-batch115.test.mjs (skip or archive all hand and draw the same count)
hBP04-067:arts.0,hBP04-067,大空スバル,arts.0,BASIC_ACTION,website/public/cards.json#/cards[id=1593;929;1711;1118;hbp09-hBP04-067_C_02]/arts.0,website/lib/simulator/engine.mjs#attack; catalog arts[0] damage 20 and one-yellow cost,ALIGNED,,NO_DIRECT_TEST,Static trace: first printed Arts cost/base damage resolve through generic attack path.
hBP04-067:arts.1,hBP04-067,大空スバル,arts.1,BASIC_ACTION,website/public/cards.json#/cards[id=1593;929;1711;1118;hbp09-hBP04-067_C_02]/arts.1,website/lib/simulator/engine.mjs#attack; catalog arts[1] damage 60 and yellow/colorless cost,ALIGNED,,NO_DIRECT_TEST,Static trace: second printed Arts cost/base damage resolve through generic attack path.
hBP04-067:extra,hBP04-067,大空スバル,extra,EFFECT_TEXT,website/public/cards.json#/cards[id=1593;929;1711;1118;hbp09-hBP04-067_C_02]/extra,"website/public/cards.json#/cards[number=hBP04-067]/unlimited,maxCopies",ALIGNED,,NO_DIRECT_TEST,Static catalog trace: unlimited=true and maxCopies=99 implement unrestricted deck quantity.
hBP04-068:arts.0,hBP04-068,大空スバル,arts.0,BASIC_ACTION,website/public/cards.json#/cards[id=930;1036;1119]/arts.0,website/lib/simulator/engine.mjs#attack; catalog arts[0] damage 20 and colorless cost,ALIGNED,,NO_DIRECT_TEST,Static trace: printed base Arts value follows generic damage path.
hBP04-068:keyword,hBP04-068,大空スバル,keyword,EFFECT_TEXT,website/public/cards.json#/cards[id=930;1036;1119]/keyword,"website/lib/simulator/engine.mjs#hbp09Legacy_giftDamageAdjustment and giftZoneApplies hBP04-068; own target, opposing 1st source, Center/Collab Gift timing",ALIGNED,,NO_DIRECT_TEST,Static trace: -20 applies only to this Gift source and damage from a 1st-stage opponent Holomem.
hBP04-069:arts.0,hBP04-069,大空スバル,arts.0,BASIC_ACTION,website/public/cards.json#/cards[id=931;2176;1037]/arts.0,website/lib/simulator/engine.mjs#attack; catalog arts[0] damage 30 and yellow cost,ALIGNED,,NO_DIRECT_TEST,Static trace: first printed Arts resolves through generic path.
hBP04-069:arts.1,hBP04-069,大空スバル,arts.1,BASIC_ACTION,website/public/cards.json#/cards[id=931;2176;1037]/arts.1,website/lib/simulator/engine.mjs#attack; catalog arts[1] damage 50 and yellow/colorless cost,ALIGNED,,NO_DIRECT_TEST,Static trace: second printed Arts resolves through generic path.
hBP04-070:arts.0,hBP04-070,大空スバル,arts.0,BASIC_ACTION,website/public/cards.json#/cards[id=932;2177;1038]/arts.0,website/lib/simulator/engine.mjs#attack; catalog arts[0] damage 20 and colorless cost,ALIGNED,,NO_DIRECT_TEST,Static trace: printed base Arts value follows generic damage path.
hBP04-070:keyword,hBP04-070,大空スバル,keyword,EFFECT_TEXT,website/public/cards.json#/cards[id=932;2177;1038]/keyword,website/lib/simulator/engine.mjs#hbp09Legacy_queueCollabEffects hBP04-070; resolveChoice cheerScaledArts caps selected target Cheer count at 3 and adds 10 per Cheer,ALIGNED,,NO_DIRECT_TEST,Static trace: effect prompts for one own Holomen and stores capped per-Cheer Arts modifier for the current turn.
hBP04-071:arts.0,hBP04-071,大空スバル,arts.0,EFFECT_TEXT,website/public/cards.json#/cards[id=933;1039;heb01-hBP04-071-R-1;heb01-hBP04-071-SR-2]/arts.0,website/lib/simulator/engine.mjs#hbp09Legacy_resolveGenericArtEffects hBP04-071; eventCheerTarget top Cheer fixed to source zone,ALIGNED,,FOCUSED_PASS,website/tests/simulator-subaru-cheer-batch116.test.mjs (top Cheer attaches to this Subaru; empty Cheer deck resolves without a phantom choice)
hBP04-071:arts.1,hBP04-071,大空スバル,arts.1,BASIC_ACTION,website/public/cards.json#/cards[id=933;1039;heb01-hBP04-071-R-1;heb01-hBP04-071-SR-2]/arts.1,website/lib/simulator/engine.mjs#attack; catalog arts[1] damage 90 and yellow/colorless cost,ALIGNED,,NO_DIRECT_TEST,Static trace: second printed Arts resolves through generic path.
hBP04-072:arts.0,hBP04-072,大空スバル,arts.0,EFFECT_TEXT,website/public/cards.json#/cards[id=934;1040;1041;1734;heb01-hBP04-072-RR-1;heb01-hBP04-072-SR-2;heb01-hBP04-072-UR-3]/arts.0,website/lib/simulator/engine.mjs#attack -> hbp09Legacy_resolveGenericArtEffects bothStageCheer cap 8; suppress generic source perCheer for scoped text,FIXED,website/lib/simulator/engine.mjs#hbp09Legacy_resolveGenericArtEffects scoped both-stage Cheer counter and cap; same Android source mirror,FOCUSED_PASS,tests/simulator-hbp04-066-075-alignment.test.mjs (white-target +50 plus capped stage-Cheer bonus: 230 total)
hBP04-072:keyword,hBP04-072,大空スバル,keyword,EFFECT_TEXT,website/public/cards.json#/cards[id=934;1040;1041;1734;heb01-hBP04-072-RR-1;heb01-hBP04-072-SR-2;heb01-hBP04-072-UR-3]/keyword,website/lib/simulator/engine.mjs#hbp09Legacy_queueBloomEffects fallback -> queueSimpleTriggeredKeyword generic Archive Cheer rule; color and own-stage target from local text,ALIGNED,,NO_DIRECT_TEST,Static trace: optional one-card Archive Cheer selection is filtered to yellow and attached to an own Holomen.
hBP04-073:arts.0,hBP04-073,アーニャ・メルフィッサ,arts.0,BASIC_ACTION,website/public/cards.json#/cards[id=935;1407]/arts.0,website/lib/simulator/engine.mjs#attack; catalog arts[0] damage 30 and colorless cost,ALIGNED,,NO_DIRECT_TEST,Static trace: printed base Arts resolves through generic path.
hBP04-073:extra,hBP04-073,アーニャ・メルフィッサ,extra,EFFECT_TEXT,website/public/cards.json#/cards[id=935;1407]/extra,"website/public/cards.json#/cards[number=hBP04-073]/unlimited,maxCopies",ALIGNED,,NO_DIRECT_TEST,Static catalog trace: unlimited=true and maxCopies=99 implement unrestricted deck quantity.
hBP04-074:arts.0,hBP04-074,アーニャ・メルフィッサ,arts.0,BASIC_ACTION,website/public/cards.json#/cards[id=936;1042;1120]/arts.0,website/lib/simulator/engine.mjs#attack; catalog arts[0] damage 20 and yellow cost,ALIGNED,,NO_DIRECT_TEST,Static trace: printed base Arts resolves through generic path.
hBP04-074:keyword,hBP04-074,アーニャ・メルフィッサ,keyword,EFFECT_TEXT,website/public/cards.json#/cards[id=936;1042;1120]/keyword,website/lib/simulator/engine.mjs#hbp09Legacy_giftDamageAdjustment and giftZoneApplies hBP04-074; source Center Gift reduces this unit and own Collab damage by 10,ALIGNED,,NO_DIRECT_TEST,Static trace: Center-only Gift gate and the two printed protected recipients match the damage adjustment.
hBP04-075:arts.0,hBP04-075,アーニャ・メルフィッサ,arts.0,BASIC_ACTION,website/public/cards.json#/cards[id=937;1043]/arts.0,website/lib/simulator/engine.mjs#attack; catalog arts[0] damage 30 and yellow cost,ALIGNED,,NO_DIRECT_TEST,Static trace: first printed Arts resolves through generic path.
hBP04-075:arts.1,hBP04-075,アーニャ・メルフィッサ,arts.1,BASIC_ACTION,website/public/cards.json#/cards[id=937;1043]/arts.1,website/lib/simulator/engine.mjs#attack; catalog arts[1] damage 50 and yellow/colorless cost,ALIGNED,,NO_DIRECT_TEST,Static trace: second printed Arts resolves through generic path.
hBP04-076:arts.0,hBP04-076,アーニャ・メルフィッサ,arts.0,BASIC_ACTION,website/public/cards.json#/cards[id=938;1044]/arts.0,engine.mjs:applyAction(attack) -> effectiveArtCost + printed catalog arts cost/damage -> shared target-damage resolver,ALIGNED,,NO_DIRECT_TEST,
hBP04-076:keyword,hBP04-076,アーニャ・メルフィッサ,keyword,EFFECT_TEXT,website/public/cards.json#/cards[id=938;1044]/keyword,engine.mjs:queueCollabEffects -> queueSimpleTriggeredKeyword:2147-2152 -> queueArchiveSupportAttachment -> genericArchiveSupportPick targetRule/simpleTargetRule + attachmentTargets,ALIGNED,,NO_DIRECT_TEST,
hBP04-077:arts.0,hBP04-077,アーニャ・メルフィッサ,arts.0,BASIC_ACTION,website/public/cards.json#/cards[id=939;1045]/arts.0,engine.mjs:applyAction(attack) -> effectiveArtCost + printed catalog arts cost/damage -> shared target-damage resolver,ALIGNED,,NO_DIRECT_TEST,
hBP04-077:keyword,hBP04-077,アーニャ・メルフィッサ,keyword,EFFECT_TEXT,website/public/cards.json#/cards[id=939;1045]/keyword,engine.mjs:hbp09Legacy_queueGiftKnockoutEffects:8955-8957 -> archiveToHand(fromDefeated) choice resolver,ALIGNED,,FOCUSED_PASS,website/tests/simulator-garden-batch117.test.mjs (2/2 base/top stack; Website and Android JS source mirror)
hBP04-078:arts.0,hBP04-078,アーニャ・メルフィッサ,arts.0,BASIC_ACTION,website/public/cards.json#/cards[id=940;1046;1047]/arts.0,engine.mjs:applyAction(attack) -> effectiveArtCost + printed arts; catalog specialTargets/specialValues -> shared target-damage resolver,ALIGNED,,NO_DIRECT_TEST,
hBP04-078:keyword,hBP04-078,アーニャ・メルフィッサ,keyword,EFFECT_TEXT,website/public/cards.json#/cards[id=940;1046;1047]/keyword,engine.mjs:giftZoneApplies + effectiveArtCost:7255; own Center Anya with Ancient Weapon and hBP04-078 Gift in its allowed zone removes one Yellow requirement,ALIGNED,,NO_DIRECT_TEST,
hBP04-079:arts.0,hBP04-079,夏色まつり,arts.0,BASIC_ACTION,website/public/cards.json#/cards[id=1592;941;1408;hbp09-hBP04-079_C_02;hbp09-hBP04-079_HR]/arts.0,engine.mjs:applyAction(attack) -> effectiveArtCost + printed catalog arts cost/damage -> shared target-damage resolver,ALIGNED,,NO_DIRECT_TEST,
hBP04-079:extra,hBP04-079,夏色まつり,extra,EFFECT_TEXT,website/public/cards.json#/cards[id=1592;941;1408;hbp09-hBP04-079_C_02;hbp09-hBP04-079_HR]/extra,engine.mjs:validateBattleDeck:189-212 (maxCopies=99; 50-card Main deck bounds legal copies),ALIGNED,,NO_DIRECT_TEST,
hBP04-079:keyword,hBP04-079,夏色まつり,keyword,EFFECT_TEXT,website/public/cards.json#/cards[id=1592;941;1408;hbp09-hBP04-079_C_02;hbp09-hBP04-079_HR]/keyword,engine.mjs:hbp09Legacy_queueGiftKnockoutEffects:8948-8953 -> koTransferCheer optional card selection -> another own stage target,ALIGNED,,NO_DIRECT_TEST,
hBP04-080:arts.0,hBP04-080,夏色まつり,arts.0,BASIC_ACTION,website/public/cards.json#/cards[id=942;2178;1048]/arts.0,engine.mjs:applyAction(attack) -> effectiveArtCost + printed catalog arts cost/damage -> shared target-damage resolver,ALIGNED,,NO_DIRECT_TEST,
hBP04-080:arts.1,hBP04-080,夏色まつり,arts.1,BASIC_ACTION,website/public/cards.json#/cards[id=942;2178;1048]/arts.1,engine.mjs:applyAction(attack) -> effectiveArtCost + printed catalog arts cost/damage -> shared target-damage resolver,ALIGNED,,NO_DIRECT_TEST,
hBP04-081:arts.0,hBP04-081,夏色まつり,arts.0,BASIC_ACTION,website/public/cards.json#/cards[id=943;1049;2033]/arts.0,engine.mjs:applyAction(attack) -> effectiveArtCost + printed catalog arts cost/damage -> shared target-damage resolver,ALIGNED,,NO_DIRECT_TEST,
hBP04-081:keyword,hBP04-081,夏色まつり,keyword,EFFECT_TEXT,website/public/cards.json#/cards[id=943;1049;2033]/keyword,"engine.mjs:queueSimpleTriggeredKeyword:1927-1930 -> queueCheerDeckSearch yellow-only, source-zone target; selection attaches and shuffles",ALIGNED,,FOCUSED_PASS,website/tests/simulator-yellow-source-batch295.test.mjs (1/1; Website and Android JS source mirror)
hBP04-082:arts.0,hBP04-082,夏色まつり,arts.0,EFFECT_TEXT,website/public/cards.json#/cards[id=944;1050;1051]/arts.0,engine.mjs:hbp09Legacy_resolveGenericArtEffects:8625-8629 (source Cheer count x20); catalog specialTargets/specialValues -> shared target-damage resolver,ALIGNED,,NO_DIRECT_TEST,
hBP04-082:keyword,hBP04-082,夏色まつり,keyword,EFFECT_TEXT,website/public/cards.json#/cards[id=944;1050;1051]/keyword,"engine.mjs:queueSimpleTriggeredKeyword:2520-2523 counts unique own-stage #1期生 card names -> matsuriShoppingRoll:6092-6094, one Cheer-deck attachment per die >=4",ALIGNED,,FOCUSED_PASS,website/tests/simulator-matsuri-batch120.test.mjs (3/3) and simulator-dice-reactions-batch428.test.mjs (Matsurisu batch subtest; Website and Android JS source mirror)
hBP04-083:arts.0,hBP04-083,桃鈴ねね,arts.0,EFFECT_TEXT,website/public/cards.json#/cards[id=1906;945;1409]/arts.0,engine.mjs:artConditionApplies:1145 (stage <=5) -> resolveGenericArtEffects -> queueSimpleTriggeredKeyword:2154-2158 -> simpleSearchRule #5期生/Debut -> queueDeckCardsToStage:3422-3447 -> deckCardsToStage resolver:4812-4816 (stage placement then shuffle),ALIGNED,,NO_DIRECT_TEST,
hBP04-083:extra,hBP04-083,桃鈴ねね,extra,EFFECT_TEXT,website/public/cards.json#/cards[id=1906;945;1409]/extra,engine.mjs:validateBattleDeck:189-212 (maxCopies=99; 50-card Main deck bounds legal copies),ALIGNED,,NO_DIRECT_TEST,
hBP04-084:arts.0,hBP04-084,桃鈴ねね,arts.0,BASIC_ACTION,website/public/cards.json#/cards[id=946;2179;1052]/arts.0,engine.mjs:applyAction(attack) -> effectiveArtCost + printed catalog arts cost/damage -> shared target-damage resolver,ALIGNED,,NO_DIRECT_TEST,
hBP04-084:arts.1,hBP04-084,桃鈴ねね,arts.1,BASIC_ACTION,website/public/cards.json#/cards[id=946;2179;1052]/arts.1,engine.mjs:applyAction(attack) -> effectiveArtCost + printed catalog arts cost/damage -> shared target-damage resolver,ALIGNED,,NO_DIRECT_TEST,
hBP04-085:arts.0,hBP04-085,桃鈴ねね,arts.0,BASIC_ACTION,website/public/cards.json#/cards[id=947;1053;heb01-hBP04-085-U-1;heb01-hBP04-085-SR-2]/arts.0,engine.mjs:applyAction(attack) -> effectiveArtCost + printed catalog arts cost/damage -> shared target-damage resolver,ALIGNED,,NO_DIRECT_TEST,
hBP04-085:keyword,hBP04-085,桃鈴ねね,keyword,EFFECT_TEXT,website/public/cards.json#/cards[id=947;1053;heb01-hBP04-085-U-1;heb01-hBP04-085-SR-2]/keyword,"engine.mjs:queueSimpleTriggeredKeyword:1745-1748 -> stage #5期生 color set -> queueCheerDeckSearch (same colors, #5期生 target) -> attach and shuffle",ALIGNED,,FOCUSED_PASS,website/tests/simulator-nene-cheer-batch336.test.mjs (1/1; Website and Android JS source mirror)
hBP04-086:arts.0,hBP04-086,桃鈴ねね,arts.0,BASIC_ACTION,website/public/cards.json#/cards[id=948;1054;1055]/arts.0,card catalog arts[0]; engine.mjs#resolveArts,ALIGNED,,NO_DIRECT_TEST,
hBP04-086:arts.1,hBP04-086,桃鈴ねね,arts.1,EFFECT_TEXT,website/public/cards.json#/cards[id=948;1054;1055]/arts.1,engine.mjs#resolveGenericArtEffects hBP04-086 artIndex 1 archive Cheer count capped at 5,ALIGNED,,FOCUSED_PASS,Website simulator-giragira-batch119: four cap cases
hBP04-087:arts.0,hBP04-087,エリザベス・ローズ・ブラッドフレイム,arts.0,BASIC_ACTION,website/public/cards.json#/cards[id=949;1056]/arts.0,card catalog arts[0]; engine.mjs#resolveArts,ALIGNED,,NO_DIRECT_TEST,
hBP04-087:extra,hBP04-087,エリザベス・ローズ・ブラッドフレイム,extra,EFFECT_TEXT,website/public/cards.json#/cards[id=949;1056]/extra,engine.mjs#queuePlay+bloomTargets Spot cannot be a Bloom source or target,ALIGNED,,NO_DIRECT_TEST,
hBP04-087:keyword,hBP04-087,エリザベス・ローズ・ブラッドフレイム,keyword,EFFECT_TEXT,website/public/cards.json#/cards[id=949;1056]/keyword,engine.mjs#hbp09Legacy_giftDamageAdjustment; giftZoneApplies Collab-only Center/Debut damage -20,ALIGNED,,NO_DIRECT_TEST,
hBP04-088:arts.0,hBP04-088,ジジ・ムリン,arts.0,BASIC_ACTION,website/public/cards.json#/cards[id=950;1057]/arts.0,card catalog arts[0]; engine.mjs#resolveArts,ALIGNED,,NO_DIRECT_TEST,
hBP04-088:extra,hBP04-088,ジジ・ムリン,extra,EFFECT_TEXT,website/public/cards.json#/cards[id=950;1057]/extra,engine.mjs#queuePlay+bloomTargets Spot cannot be a Bloom source or target,ALIGNED,,NO_DIRECT_TEST,
hBP04-088:keyword,hBP04-088,ジジ・ムリン,keyword,EFFECT_TEXT,website/public/cards.json#/cards[id=950;1057]/keyword,engine.mjs#hbp09Legacy_queueGiftKnockoutEffects; eventCheerTarget top-Cheer transfer,ALIGNED,,NO_DIRECT_TEST,
hBP04-089:abilityText,hBP04-089,ツートンカラーパソコン,abilityText,EFFECT_TEXT,website/public/cards.json#/cards[id=952;1059]/abilityText,effect-catalog.mjs#EXTENDED_SUPPORT_EFFECTS; engine.mjs#twoColorComputer+twoColorFirst+twoColorSecond+finishTwoColorComputer,FIXED,engine.mjs#finishTwoColorComputer preserves either available color when the other is absent and shuffles once,FOCUSED_PASS,Website and Android JS mirror: 3 direct regressions
hBP04-090:abilityText,hBP04-090,作業用パソコン,abilityText,EFFECT_TEXT,website/public/cards.json#/cards[id=953;1060]/abilityText,effect-catalog.mjs#TOP_LOOK_EFFECTS; playTopLookSupport+queueTopLookGroup,FIXED,effect-catalog.mjs#TOP_LOOK_EFFECTS groups marked required,FOCUSED_PASS,Website and Android JS mirror: required group and bottom-order regression
hBP04-091:abilityText,hBP04-091,限界飯,abilityText,EFFECT_TEXT,website/public/cards.json#/cards[id=954;1061]/abilityText,effect-catalog.mjs#EXTENDED_SUPPORT_EFFECTS; playExtendedSupport#limitMeal; commitNamedSupport; artCost modifier,ALIGNED,,NO_DIRECT_TEST,
hBP04-092:abilityText,hBP04-092,ねぽらぼ,abilityText,EFFECT_TEXT,website/public/cards.json#/cards[id=955;1062]/abilityText,effect-catalog.mjs#TOP_LOOK_EFFECTS; playTopLookSupport; queueBottomOrder,ALIGNED,,NO_DIRECT_TEST,
hBP04-093:abilityText,hBP04-093,ホロライブ2期生,abilityText,EFFECT_TEXT,website/public/cards.json#/cards[id=956;1063]/abilityText,effect-catalog.mjs#TOP_LOOK_EFFECTS; playTopLookSupport; queueBottomOrder,ALIGNED,,NO_DIRECT_TEST,
hBP04-094:abilityText,hBP04-094,まいたけダンス,abilityText,EFFECT_TEXT,website/public/cards.json#/cards[id=957;1064]/abilityText,effect-catalog.mjs#EXTENDED_SUPPORT_EFFECTS; playExtendedSupport#maitakeDance; moveSelectedCheerToZone,ALIGNED,,NO_DIRECT_TEST,
hBP04-095:abilityText,hBP04-095,マスコットキャッチャー,abilityText,EFFECT_TEXT,website/public/cards.json#/cards[id=958;1065]/abilityText,effect-catalog.mjs#DECK_SEARCH_EFFECTS; queueDeckSearch; deckToHandShuffle,FIXED,effect-catalog.mjs search made required; engine prompt now says required; skip prohibited,FOCUSED_PASS,Website and Android JS mirror: required Mascot selection and shuffle
hBP04-096:abilityText,hBP04-096,Advent,abilityText,EFFECT_TEXT,website/public/cards.json#/cards[id=960;1067]/abilityText,effect-catalog.mjs#TOP_LOOK_EFFECTS[hBP04-096] -> engine.mjs#playTopLookSupport+queueBottomOrder; handLimit excludes played card; supportEventLimited gate,ALIGNED,,NO_DIRECT_TEST,
hBP04-097:abilityText,hBP04-097,緑の試験管,abilityText,EFFECT_TEXT,website/public/cards.json#/cards[id=961;1068]/abilityText,engine.mjs#attachmentBlockApplies+attachmentArtsBonus; manualAttachmentAvailable+activateAttachmentSkill; archive Cheer then ready rested #秘密結社holoX,ALIGNED,,FOCUSED_PASS,simulator-legality-recording-124.test.mjs; attachment skill and payment/target path
hBP04-098:abilityText,hBP04-098,鍛冶ハンマー,abilityText,EFFECT_TEXT,website/public/cards.json#/cards[id=962;1069]/abilityText,engine.mjs#attachmentBlockApplies (#ID3期生 and 1st+); attachmentArtsBonus,ALIGNED,,FOCUSED_PASS,effect-audit-hbp09-041.test.mjs; attached Tool Arts +20 and qualification boundaries
hBP04-099:abilityText,hBP04-099,古代武器,abilityText,EFFECT_TEXT,website/public/cards.json#/cards[id=963;1070]/abilityText,engine.mjs#hbp09Legacy_queueGiftKnockoutEffects+ancientWeaponReturn; hbp09Legacy_attachmentArtsBonus counts own-stage Ancient Weapons for 1st+ Anya,ALIGNED,,NO_DIRECT_TEST,
hBP04-100:abilityText,hBP04-100,ココロ,abilityText,EFFECT_TEXT,website/public/cards.json#/cards[id=964;1071]/abilityText,engine.mjs#collab sets koyoriMascotBonusTurn; attachmentArtsBonus applies +10 that turn; holomemHpBonus applies base +20 HP,ALIGNED,,FOCUSED_PASS,simulator-engine.test.mjs; Kokoro conditional Koyori Collab Arts bonus
hBP04-101:abilityText,hBP04-101,だいふく,abilityText,EFFECT_TEXT,website/public/cards.json#/cards[id=965;1072]/abilityText,engine.mjs#attachmentBlockApplies+attachmentArtsBonus+holomemHpBonus; base Arts +10 and Lamy conditional HP +20,ALIGNED,,NO_DIRECT_TEST,
hBP04-102:abilityText,hBP04-102,やめなー,abilityText,EFFECT_TEXT,website/public/cards.json#/cards[id=966;1073]/abilityText,"engine.mjs#attachmentBlockApplies+attachmentArtsBonus+attachmentDamageAdjustment; immunity restricted to opposing damage, Back, 1st+ #5期生",ALIGNED,,FOCUSED_PASS,simulator-audit-regression.test.mjs; Arts and special damage immunity boundaries
hBP04-103:abilityText,hBP04-103,カラス,abilityText,EFFECT_TEXT,website/public/cards.json#/cards[id=967;1074]/abilityText,engine.mjs#manualAttachmentAvailable+activateAttachmentSkill+attachmentArtsBonus; SimulatorClient.tsx#canUseAttachmentSkill; android-current/web/battle/online.mjs#onlineActions,FIXED,Added once-per-turn Collab-only attached Laplus roll; odd moves to empty Back without Cheer cost; exposed Website UI and Android online action,FOCUSED_PASS,"simulator-hbp04-096-106-attachments.test.mjs; Website 5/5 and Android JS engine mirror 5/5, including online action list"
hBP04-104:abilityText,hBP04-104,スバルドダック,abilityText,EFFECT_TEXT,website/public/cards.json#/cards[id=968;1075]/abilityText,engine.mjs#attachmentBlockApplies+attachmentArtsBonus; both players' total Stage Cheer count >=10 enables Subaru +20,ALIGNED,,NO_DIRECT_TEST,
hBP04-105:abilityText,hBP04-105,こよりの助手くん,abilityText,EFFECT_TEXT,website/public/cards.json#/cards[id=969;1076]/abilityText,engine.mjs#attachmentTargets restricts own Koyori; queueAttachmentEntryEffects triggers from hand/archive; queueAssistantCheerMove chooses a different Stage Cheer,ALIGNED,,NO_DIRECT_TEST,
hBP04-106:abilityText,hBP04-106,雪民,abilityText,EFFECT_TEXT,website/public/cards.json#/cards[id=970;1077]/abilityText,engine.mjs#attachmentSpecialDamageBonus -> applySpecialDamage; attached Lamy adds +10 only against opposing Center,ALIGNED,,FOCUSED_PASS,simulator-engine.test.mjs; Lamy Bloom special damage scales with each attached hBP04-106
hBP05-001:oshiSkill,hBP05-001,白銀ノエル,oshiSkill,EFFECT_TEXT,website/public/cards.json#/cards[id=1179;1280]/oshiSkill,engine.mjs#queueOshiKnockoutEffects/noelSearch + resolveNormalOshiSkill; #3期生 required deck search/shuffle; SP noelDown resolves life loss and conditional Buzz/2nd draw,ALIGNED,,FOCUSED_PASS,simulator-noel-search-batch396.test.mjs; required #3期生 search
hBP05-001:spOshiSkill,hBP05-001,白銀ノエル,spOshiSkill,EFFECT_TEXT,website/public/cards.json#/cards[id=1179;1280]/spOshiSkill,engine.mjs#queueOshiKnockoutEffects/noelSearch + resolveNormalOshiSkill; #3期生 required deck search/shuffle; SP noelDown resolves life loss and conditional Buzz/2nd draw,ALIGNED,,FOCUSED_PASS,simulator-noel-down-batch397.test.mjs and simulator-noel-buzz-batch418.test.mjs; life loss and Buzz/2nd draw
hBP05-002:oshiSkill,hBP05-002,アイラニ・イオフィフティーン,oshiSkill,EFFECT_TEXT,website/public/cards.json#/cards[id=1180;1281;1282]/oshiSkill,engine.mjs#Iofi damage reaction/transfer; resolveSpOshiSkill archives two Stage Cheer before searching two #ID1 Holomen,ALIGNED,,FOCUSED_PASS,simulator-iofi-damage-batch395.test.mjs and simulator-iofi-lethal-batch427.test.mjs; damage trigger and recipient filtering
hBP05-002:spOshiSkill,hBP05-002,アイラニ・イオフィフティーン,spOshiSkill,EFFECT_TEXT,website/public/cards.json#/cards[id=1180;1281;1282]/spOshiSkill,engine.mjs#Iofi damage reaction/transfer; resolveSpOshiSkill archives two Stage Cheer before searching two #ID1 Holomen,ALIGNED,,FOCUSED_PASS,simulator-iofi-payment-batch394.test.mjs; two-Cheer payment precedes required two-card search
hBP05-003:oshiSkill,hBP05-003,尾丸ポルカ,oshiSkill,EFFECT_TEXT,website/public/cards.json#/cards[id=1181;1283;1284]/oshiSkill,"engine.mjs#resolveNormalOshiSkill counts attached 座員 and draws min(4, max(0, count-hand)); resolveSpOshiSkill looks at seven and selects Polka/Staff groups",ALIGNED,,NO_DIRECT_TEST,
hBP05-003:spOshiSkill,hBP05-003,尾丸ポルカ,spOshiSkill,EFFECT_TEXT,website/public/cards.json#/cards[id=1181;1283;1284]/spOshiSkill,"engine.mjs#resolveNormalOshiSkill counts attached 座員 and draws min(4, max(0, count-hand)); resolveSpOshiSkill looks at seven and selects Polka/Staff groups",ALIGNED,,FOCUSED_PASS,simulator-polka-groups-batch296.test.mjs; both required groups and missing-group resolution
hBP05-004:oshiSkill,hBP05-004,猫又おかゆ,oshiSkill,EFFECT_TEXT,website/public/cards.json#/cards[id=1182;1285]/oshiSkill,"engine.mjs#resolveNormalOshiSkill requires own Okayu Center and queues 10 special damage; SP selects damaged opposing Back, swaps it with Center, then checks own Center Okayu for three-card draw",ALIGNED,,FOCUSED_PASS,simulator-okayu-source-batch390.test.mjs; opponent target and special-damage resolution
hBP05-004:spOshiSkill,hBP05-004,猫又おかゆ,spOshiSkill,EFFECT_TEXT,website/public/cards.json#/cards[id=1182;1285]/spOshiSkill,"engine.mjs#resolveNormalOshiSkill requires own Okayu Center and queues 10 special damage; SP selects damaged opposing Back, swaps it with Center, then checks own Center Okayu for three-card draw",ALIGNED,,NO_DIRECT_TEST,
hBP05-005:oshiSkill,hBP05-005,癒月ちょこ,oshiSkill,EFFECT_TEXT,website/public/cards.json#/cards[id=1183;1286;1287]/oshiSkill,engine.mjs#resolveNormalOshiSkill searches required #食べ物 Event; SP oshiFoodReturn returns 1-4 archived matches and applies +40 to own #料理 stage units,ALIGNED,,FOCUSED_PASS,simulator-required-search-batch298.test.mjs; required #食べ物 Event search and add
hBP05-005:spOshiSkill,hBP05-005,癒月ちょこ,spOshiSkill,EFFECT_TEXT,website/public/cards.json#/cards[id=1183;1286;1287]/spOshiSkill,engine.mjs#resolveNormalOshiSkill searches required #食べ物 Event; SP oshiFoodReturn returns 1-4 archived matches and applies +40 to own #料理 stage units,ALIGNED,,NO_DIRECT_TEST,
hBP05-006:oshiSkill,hBP05-006,ネリッサ・レイヴンクロフト,oshiSkill,EFFECT_TEXT,website/public/cards.json#/cards[id=1184;1288]/oshiSkill,engine.mjs#resolveNormalOshiSkill adds +10 Arts to own Center/Collab #歌; resolveSpOshiSkill adds persistent -1 colorless cost modifier scoped to Nerissa,ALIGNED,,NO_DIRECT_TEST,
hBP05-006:spOshiSkill,hBP05-006,ネリッサ・レイヴンクロフト,spOshiSkill,EFFECT_TEXT,website/public/cards.json#/cards[id=1184;1288]/spOshiSkill,engine.mjs#resolveNormalOshiSkill adds +10 Arts to own Center/Collab #歌; resolveSpOshiSkill adds persistent -1 colorless cost modifier scoped to Nerissa,ALIGNED,,NO_DIRECT_TEST,
hBP05-007:oshiSkill,hBP05-007,不知火フレア,oshiSkill,EFFECT_TEXT,website/public/cards.json#/cards[id=1185;1289]/oshiSkill,"engine.mjs#resolveNormalOshiSkill swaps own eligible Collab with a Back Flare; SP selects own Flare, moves 1-5 other Stage Cheer there, then buffs own Stage by +10 per Cheer on Center",ALIGNED,,NO_DIRECT_TEST,
hBP05-007:spOshiSkill,hBP05-007,不知火フレア,spOshiSkill,EFFECT_TEXT,website/public/cards.json#/cards[id=1185;1289]/spOshiSkill,"engine.mjs#resolveNormalOshiSkill swaps own eligible Collab with a Back Flare; SP selects own Flare, moves 1-5 other Stage Cheer there, then buffs own Stage by +10 per Cheer on Center",ALIGNED,,NO_DIRECT_TEST,
hBP05-008:arts.0,hBP05-008,白銀ノエル,arts.0,BASIC_ACTION,website/public/cards.json#/cards[id=1186;1290]/arts.0,cards.json Arts base 20; engine.mjs#giftDamageAdjustment applies -20 to own Center #3期生 Debut only while this Gift is in Collab,ALIGNED,,NO_DIRECT_TEST,
hBP05-008:keyword,hBP05-008,白銀ノエル,keyword,EFFECT_TEXT,website/public/cards.json#/cards[id=1186;1290]/keyword,cards.json Arts base 20; engine.mjs#giftDamageAdjustment applies -20 to own Center #3期生 Debut only while this Gift is in Collab,ALIGNED,,NO_DIRECT_TEST,
hBP05-009:arts.0,hBP05-009,白銀ノエル,arts.0,BASIC_ACTION,website/public/cards.json#/cards[id=1187;1291;1729]/arts.0,cards.json Arts base 30; engine.mjs#queueCollabEffects checks second player's first turn and searches required own 1st Noel,ALIGNED,,NO_DIRECT_TEST,
hBP05-009:keyword,hBP05-009,白銀ノエル,keyword,EFFECT_TEXT,website/public/cards.json#/cards[id=1187;1291;1729]/keyword,cards.json Arts base 30; engine.mjs#queueCollabEffects checks second player's first turn and searches required own 1st Noel,ALIGNED,,FOCUSED_PASS,simulator-required-search-batch298.test.mjs; second-player first-turn gate and required Noel search
hBP05-010:arts.0,hBP05-010,白銀ノエル,arts.0,EFFECT_TEXT,website/public/cards.json#/cards[id=1188;1292;1735]/arts.0,engine.mjs#artConditionApplies checks used named Support; resolveGenericArtEffects adds parsed fixed +30; defenderForcesCollabTarget restricts Arts (not special damage) to Collab while own Center is #3期生,ALIGNED,,FOCUSED_PASS,simulator-hbp05-001-010-alignment.test.mjs; +30 after actual named Gyudon turn event (Website and Android JS mirror)
hBP05-010:keyword,hBP05-010,白銀ノエル,keyword,EFFECT_TEXT,website/public/cards.json#/cards[id=1188;1292;1735]/keyword,engine.mjs#artConditionApplies checks used named Support; resolveGenericArtEffects adds parsed fixed +30; defenderForcesCollabTarget restricts Arts (not special damage) to Collab while own Center is #3期生,ALIGNED,,NO_DIRECT_TEST,
hBP05-011:arts.0,hBP05-011,白銀ノエル,arts.0,EFFECT_TEXT,website/public/cards.json#/cards[id=1189;1293;1398]/arts.0,engine.mjs#hbp09Legacy_resolveGenericArtEffects perStageTag parser; distinct-name set across own #3期生 members; Website and Android JS source,FIXED,website/lib/simulator/engine.mjs and android-current/web/lib/simulator/engine.mjs; accept translated 成員 alongside Holomen in the shared per-stage tag parser,FOCUSED_PASS,simulator-hbp05-011-020-alignment.test.mjs: 1/1 on Website and Android JS source; 40+20 damage with duplicate Noel counted once and distinct Pekora counted once
hBP05-011:keyword,hBP05-011,白銀ノエル,keyword,EFFECT_TEXT,website/public/cards.json#/cards[id=1189;1293;1398]/keyword,queueBloomEffects -> queueSimpleTriggeredKeyword stage Arts buff; #3期生 target limited to own Center/Collab; +10 this turn,ALIGNED,,NO_DIRECT_TEST,
hBP05-012:arts.0,hBP05-012,白銀ノエル,arts.0,EFFECT_TEXT,website/public/cards.json#/cards[id=1190;1294;1295]/arts.0,artConditionApplies HP-reduced gate; generic +40 Arts parser; printed Green-target special value remains catalog-driven,ALIGNED,,NO_DIRECT_TEST,
hBP05-012:arts.1,hBP05-012,白銀ノエル,arts.1,EFFECT_TEXT,website/public/cards.json#/cards[id=1190;1294;1295]/arts.1,resolveGenericArtEffects hBP05-012:1; Center-only use and +30 only for own #3期生 Collab,ALIGNED,,FOCUSED_PASS,"simulator-noel-collab-batch122.test.mjs: 4/4 valid Collab, wrong member, Back member, and no member"
hBP05-013:arts.0,hBP05-013,ときのそら,arts.0,BASIC_ACTION,website/public/cards.json#/cards[id=1191;1296]/arts.0,applyArtsAction printed 90 damage plus catalog special-value bonus only against red target,ALIGNED,,NO_DIRECT_TEST,
hBP05-013:keyword,hBP05-013,ときのそら,keyword,EFFECT_TEXT,website/public/cards.json#/cards[id=1191;1296]/keyword,giftArtsBonus; hBP05-013 Gift source must be Center/Collab and recipient Arts source must have #0期生,ALIGNED,,NO_DIRECT_TEST,
hBP05-014:arts.0,hBP05-014,兎田ぺこら,arts.0,EFFECT_TEXT,website/public/cards.json#/cards[id=1192;1297;2036]/arts.0,resolveDiceArtEffects hBP05-014:0 -> pekoraCuteRoll; optional one die and even-result draw,ALIGNED,,FOCUSED_PASS,simulator-pekora-cute-batch123.test.mjs: 7/7 covers skip and all six faces
hBP05-015:arts.0,hBP05-015,兎田ぺこら,arts.0,EFFECT_TEXT,website/public/cards.json#/cards[id=1193;1298]/arts.0,resolveGenericArtEffects hBP05-015:0; own stage #3期生 threshold and required top Cheer attachment to this source,ALIGNED,,FOCUSED_PASS,"simulator-pekora-carrot-batch124.test.mjs: 3/3 below, at, and above the three-member threshold"
hBP05-015:arts.1,hBP05-015,兎田ぺこら,arts.1,EFFECT_TEXT,website/public/cards.json#/cards[id=1193;1298]/arts.1,artConditionApplies white-Oshi color gate; shared one-card draw resolver,ALIGNED,,FOCUSED_PASS,"simulator-hbp05-011-020-alignment.test.mjs: 2/2 white Oshi draws, green Oshi does not; Website and Android JS source"
hBP05-016:arts.0,hBP05-016,兎田ぺこら,arts.0,EFFECT_TEXT,website/public/cards.json#/cards[id=1194;1299;1300;1301;heb01-hBP05-016-RR-1;heb01-hBP05-016-SR-2;heb01-hBP05-016-UR-3]/arts.0,resolveDiceArtEffects hBP05-016:0; roll count follows Holomen stack size and summed die values add 10 each,ALIGNED,,FOCUSED_PASS,"simulator-pekora-stack-batch391.test.mjs: 3/3 zero, one, and two rolls; dice-reactions suite verifies the source-bound whole-batch reroll"
hBP05-016:keyword,hBP05-016,兎田ぺこら,keyword,EFFECT_TEXT,website/public/cards.json#/cards[id=1194;1299;1300;1301;heb01-hBP05-016-RR-1;heb01-hBP05-016-SR-2;heb01-hBP05-016-UR-3]/keyword,"Pekora stacked-Arts resolution stores dice sum; odd draws one, even draws two",ALIGNED,,FOCUSED_PASS,simulator-pekora-stack-batch391.test.mjs: 3/3 odd/even/no-roll draw outcomes; dice-reactions suite verifies reroll result handling
hBP05-017:arts.0,hBP05-017,姫森ルーナ,arts.0,EFFECT_TEXT,website/public/cards.json#/cards[id=1195;1302]/arts.0,resolveGenericArtEffects hBP05-017:0; optional archive Lunaite selection and source-zone-only legal attachment target,FIXED,website/lib/simulator/engine.mjs and android-current/web/lib/simulator/engine.mjs; add card-specific search/target handling because generic support search misclassified target Holomen as the searched card group,FOCUSED_PASS,simulator-hbp05-011-020-alignment.test.mjs: 2/2 attaches to the Arts source only or correctly declines; Website and Android JS source
hBP05-017:arts.1,hBP05-017,姫森ルーナ,arts.1,EFFECT_TEXT,website/public/cards.json#/cards[id=1195;1302]/arts.1,effectiveArtCost hBP05-017 Paku Paku; Collab-only and reduces only colorless cost per Lunaite attached to own Center,ALIGNED,,FOCUSED_PASS,simulator-hbp05-011-020-alignment.test.mjs: 1/1 paid with only White Cheer when two Lunaite are attached to own Center; Website and Android JS source
hBP05-017:extra,hBP05-017,姫森ルーナ,extra,EFFECT_TEXT,website/public/cards.json#/cards[id=1195;1302]/extra,"knockOutUnit cardIsBuzz path; Buzz knockout loses two Life total, replacing normal one-Life loss",ALIGNED,,FOCUSED_PASS,simulator-hbp05-011-020-alignment.test.mjs: 1/1 hBP05-017 knockout removes two Life; Website and Android JS source
hBP05-018:arts.0,hBP05-018,ベスティア・ゼータ,arts.0,EFFECT_TEXT,website/public/cards.json#/cards[id=1196;1303]/arts.0,resolveGenericArtEffects hBP05-018:0; draw one only while own Stage has an ID3 Buzz Holomen,ALIGNED,,FOCUSED_PASS,simulator-summer-zeta-batch377.test.mjs: 2/2 ID3 Buzz positive and non-Buzz negative
hBP05-018:arts.1,hBP05-018,ベスティア・ゼータ,arts.1,EFFECT_TEXT,website/public/cards.json#/cards[id=1196;1303]/arts.1,queueArtKnockoutEffects hBP05-018:1; only Arts KO queues required #ID3 1st search and shuffle,ALIGNED,,FOCUSED_PASS,simulator-summer-zeta-batch377.test.mjs: 1/1 required search resolves after Arts knockout
hBP05-019:arts.0,hBP05-019,アイラニ・イオフィフティーン,arts.0,BASIC_ACTION,website/public/cards.json#/cards[id=1197;1304]/arts.0,catalog printed 30 Arts and shared attack damage settlement,ALIGNED,,NO_DIRECT_TEST,
hBP05-019:keyword,hBP05-019,アイラニ・イオフィフティーン,keyword,EFFECT_TEXT,website/public/cards.json#/cards[id=1197;1304]/keyword,"queueSimpleTriggeredKeyword; optional own-Collab Cheer payment, then heal 30 on own #ID1 target",ALIGNED,,FOCUSED_PASS,simulator-iofi-heal-batch127.test.mjs: 2/2 paid and declined paths
hBP05-020:arts.0,hBP05-020,アイラニ・イオフィフティーン,arts.0,BASIC_ACTION,website/public/cards.json#/cards[id=1198;1305]/arts.0,catalog printed 10 Arts and shared attack damage settlement,ALIGNED,,NO_DIRECT_TEST,
hBP05-020:keyword,hBP05-020,アイラニ・イオフィフティーン,keyword,EFFECT_TEXT,website/public/cards.json#/cards[id=1198;1305]/keyword,"queueCollabEffects hBP05-020; second player first-turn gate, top Cheer attaches to own #ID1 Holomen",ALIGNED,,FOCUSED_PASS,simulator-collab-batch126.test.mjs: 4/4 first/second player and first/later turn gates
hBP05-021:arts.0,hBP05-021,アイラニ・イオフィフティーン,arts.0,BASIC_ACTION,website/public/cards.json#/cards[id=1199;1306]/arts.0,engine.mjs#standard Arts action: printed 40 damage and 無色 cost,ALIGNED,,NO_DIRECT_TEST,
hBP05-021:keyword,hBP05-021,アイラニ・イオフィフティーン,keyword,EFFECT_TEXT,website/public/cards.json#/cards[id=1199;1306]/keyword,engine.mjs#queueBloomEffects -> queueSimpleTriggeredKeyword -> generic archive-Cheer parser/target resolver; target locked to source unit,ALIGNED,,NO_DIRECT_TEST,
hBP05-022:arts.0,hBP05-022,アイラニ・イオフィフティーン,arts.0,BASIC_ACTION,website/public/cards.json#/cards[id=1200;1307]/arts.0,engine.mjs#standard Arts action: printed 50 damage and 綠+無色 cost,ALIGNED,,NO_DIRECT_TEST,
hBP05-022:keyword,hBP05-022,アイラニ・イオフィフティーン,keyword,EFFECT_TEXT,website/public/cards.json#/cards[id=1200;1307]/keyword,engine.mjs#queueCollabEffects -> queueSimpleTriggeredKeyword/simpleKeywordCondition -> temporary Arts modifier; #ID1 target and 4-stage-Cheer gate,ALIGNED,,NO_DIRECT_TEST,
hBP05-023:arts.0,hBP05-023,アイラニ・イオフィフティーン,arts.0,EFFECT_TEXT,website/public/cards.json#/cards[id=1201;1308;1309]/arts.0,"engine.mjs#calculateArtBonus hBP05-023:0; Center-only, matching Oshi, floor(stage Cheer/3)*20; local white-target special value preserved",ALIGNED,,FOCUSED_PASS,simulator-iofi-batch125.test.mjs 11/11; combined focused run including Gift test 12/12
hBP05-023:keyword,hBP05-023,アイラニ・イオフィフティーン,keyword,EFFECT_TEXT,website/public/cards.json#/cards[id=1201;1308;1309]/keyword,engine.mjs#queueArtKnockoutGiftEffects hBP05-023 -> optional archive Cheer selection -> archiveCheerToStage with #ID1 target rule,ALIGNED,,FOCUSED_PASS,simulator-hbp05-021-030-alignment.test.mjs 1/1 Website; Android JS engine mirror 1/1
hBP05-024:arts.0,hBP05-024,AZKi,arts.0,EFFECT_TEXT,website/public/cards.json#/cards[id=1202;1310]/arts.0,engine.mjs#queueArtTriggeredEffects hBP05-024:0 -> mandatory top Cheer attachment to an eligible own AZKi when a Pioneer attachment is present,ALIGNED,,FOCUSED_PASS,simulator-required-batch130.test.mjs AZKi Pioneer 2/2
hBP05-024:arts.1,hBP05-024,AZKi,arts.1,EFFECT_TEXT,website/public/cards.json#/cards[id=1202;1310]/arts.1,engine.mjs#calculateArtBonus hBP05-024:1; matching AZKi Oshi and +20 per Cheer attached to this source,ALIGNED,,NO_DIRECT_TEST,
hBP05-024:extra,hBP05-024,AZKi,extra,EFFECT_TEXT,website/public/cards.json#/cards[id=1202;1310]/extra,engine.mjs#resolveKnockoutExtraLifeLoss hBP05-024; own life loss 2 on KO,ALIGNED,,FOCUSED_PASS,simulator-required-batch130.test.mjs AZKi Buzz life 2/2
hBP05-025:arts.0,hBP05-025,アキ・ローゼンタール,arts.0,BASIC_ACTION,website/public/cards.json#/cards[id=1203;1311]/arts.0,engine.mjs#standard Arts action: printed 20 damage and 無色 cost,ALIGNED,,NO_DIRECT_TEST,
hBP05-026:arts.0,hBP05-026,アキ・ローゼンタール,arts.0,BASIC_ACTION,website/public/cards.json#/cards[id=1204;1312]/arts.0,engine.mjs#standard Arts action: printed 50 damage and 綠+無色 cost,ALIGNED,,NO_DIRECT_TEST,
hBP05-026:keyword,hBP05-026,アキ・ローゼンタール,keyword,EFFECT_TEXT,website/public/cards.json#/cards[id=1204;1312]/keyword,engine.mjs#queueCollabEffects -> queueSimpleTriggeredKeyword -> generic archive Support attachment parser; Stone Axe restricted to own Aki,ALIGNED,,NO_DIRECT_TEST,
hBP05-027:arts.0,hBP05-027,アキ・ローゼンタール,arts.0,EFFECT_TEXT,website/public/cards.json#/cards[id=1205;1313;1314]/arts.0,"engine.mjs#hbp09Legacy_queueArtKnockoutEffects hBP05-027:0; draw 1 only on this Arts KO, then heal own stage by 20 only with matching Oshi",ALIGNED,,NO_DIRECT_TEST,
hBP05-027:keyword,hBP05-027,アキ・ローゼンタール,keyword,EFFECT_TEXT,website/public/cards.json#/cards[id=1205;1313;1314]/keyword,"engine.mjs#queueBloomEffects -> queueSimpleTriggeredKeyword -> genericKeywordAttachmentCost; optional attached Tool payment, Holomen/Tool deck filter, add to hand and shuffle",ALIGNED,,FOCUSED_PASS,simulator-aki-tool-batch128.test.mjs 2/2
hBP05-028:arts.0,hBP05-028,獅白ぼたん,arts.0,EFFECT_TEXT,website/public/cards.json#/cards[id=1206;1315]/arts.0,engine.mjs#queueBotanCheerPayment/resolveBotanCheerPayment -> mandatory opponent Center target for 30 special damage after optional matching Cheer archive cost,ALIGNED,,FOCUSED_PASS,simulator-ssrb-audit.test.mjs: hBP05-028 payment/decline/real-Cheer targeted cases 4 passed
hBP05-028:extra,hBP05-028,獅白ぼたん,extra,EFFECT_TEXT,website/public/cards.json#/cards[id=1206;1315]/extra,engine.mjs#resolveKnockoutExtraLifeLoss hBP05-028; own life loss 2 on KO,ALIGNED,,FOCUSED_PASS,simulator-botan-source-batch389.test.mjs Buzz case 1/1
hBP05-028:keyword,hBP05-028,獅白ぼたん,keyword,EFFECT_TEXT,website/public/cards.json#/cards[id=1206;1315]/keyword,"engine.mjs#queueGiftDamageDealtTriggers hBP05-028 Gift; Center-only, once per turn, own Botan source, >=30 special damage then draw 1",ALIGNED,,FOCUSED_PASS,simulator-botan-source-batch389.test.mjs Oshi-SP-to-Botan-Gift case 1/1
hBP05-029:arts.0,hBP05-029,儒烏風亭らでん,arts.0,EFFECT_TEXT,website/public/cards.json#/cards[id=1207;1316]/arts.0,engine.mjs#calculateArtBonus/queueArtEffect hBP05-029:0; matching Raden Oshi gates required #きのこ Event search and shuffle,ALIGNED,,FOCUSED_PASS,simulator-raden-batch129.test.mjs 9/9 (includes required search branch)
hBP05-029:arts.1,hBP05-029,儒烏風亭らでん,arts.1,EFFECT_TEXT,website/public/cards.json#/cards[id=1207;1316]/arts.1,engine.mjs#calculateArtBonus hBP05-029:1; any own 2nd carrying #ReGLOSS grants +40,ALIGNED,,FOCUSED_PASS,simulator-raden-batch129.test.mjs 9/9 (Debut/1st/2nd condition checks)
hBP05-029:extra,hBP05-029,儒烏風亭らでん,extra,EFFECT_TEXT,website/public/cards.json#/cards[id=1207;1316]/extra,engine.mjs#resolveKnockoutExtraLifeLoss hBP05-029; own life loss 2 on KO,ALIGNED,,FOCUSED_PASS,simulator-raden-batch129.test.mjs 9/9 (Buzz KO cases)
hBP05-030:arts.0,hBP05-030,尾丸ポルカ,arts.0,BASIC_ACTION,website/public/cards.json#/cards[id=1208;1317]/arts.0,engine.mjs#standard Arts action: printed 20 damage and 紅 cost,ALIGNED,,NO_DIRECT_TEST,
hBP05-030:keyword,hBP05-030,尾丸ポルカ,keyword,EFFECT_TEXT,website/public/cards.json#/cards[id=1208;1317]/keyword,engine.mjs#queueSimpleTriggeredKeyword hBP05-030 special Collab branch -> addMatchingStageModifiers; own Center with Fan gains +10 for this turn,ALIGNED,,FOCUSED_PASS,simulator-collab-batch126.test.mjs Polka Fan cases 4/4
hBP05-031:arts.0,hBP05-031,尾丸ポルカ,arts.0,EFFECT_TEXT,website/public/cards.json#/cards[id=1209;1318;1399]/arts.0,engine.mjs#resolveGenericArtEffects hBP05-031:0 -> first-turn/second-player gate -> one #座員 reveal-to-hand search and shuffle,ALIGNED,,FOCUSED_PASS,simulator-polka-fan-batch299.test.mjs: 2 first-turn cases
hBP05-032:arts.0,hBP05-032,尾丸ポルカ,arts.0,EFFECT_TEXT,website/public/cards.json#/cards[id=1210;1319]/arts.0,"engine.mjs#queueGenericKeywordCostEffects -> resolveGenericKeywordRemainder -> optional one-card hand archive, then opposing Center/Collab special damage 10",ALIGNED,,FOCUSED_PASS,simulator-required-batch130.test.mjs: Polka paid-damage cases 2/2
hBP05-032:keyword,hBP05-032,尾丸ポルカ,keyword,EFFECT_TEXT,website/public/cards.json#/cards[id=1210;1319]/keyword,engine.mjs#queueSimpleTriggeredKeyword -> shared Bloom special-damage handler -> opposing Collab 20,ALIGNED,,NO_DIRECT_TEST,
hBP05-033:arts.0,hBP05-033,尾丸ポルカ,arts.0,EFFECT_TEXT,website/public/cards.json#/cards[id=1211;1320]/arts.0,"engine.mjs#resolveDiceArtEffects hBP05-033:0 -> optional die, archive top cards by result; #archive>=10 bonus in Arts modifier path",ALIGNED,,FOCUSED_PASS,simulator-polka-batch349.test.mjs: optional roll true/false 2/2
hBP05-033:arts.1,hBP05-033,尾丸ポルカ,arts.1,EFFECT_TEXT,website/public/cards.json#/cards[id=1211;1320]/arts.1,"engine.mjs#resolveGenericArtEffects hBP05-033:1 -> count attached #座員, +10 each",ALIGNED,,FOCUSED_PASS,simulator-polka-batch349.test.mjs: attached-seatmate counts 4/4
hBP05-034:arts.0,hBP05-034,尾丸ポルカ,arts.0,EFFECT_TEXT,website/public/cards.json#/cards[id=1212;1321;1322]/arts.0,"engine.mjs#genericArtsBonus -> Oshi Polka archive count, +30 per 10",ALIGNED,,FOCUSED_PASS,simulator-polka-return-audit.test.mjs: 0/9/10/19/20/30 archive thresholds
hBP05-034:keyword,hBP05-034,尾丸ポルカ,keyword,EFFECT_TEXT,website/public/cards.json#/cards[id=1212;1321;1322]/keyword,"engine.mjs#queueBloomEffects hBP05-034 -> Center-only; optional arbitrary hand archive, return up to the same number of archived #座員",ALIGNED,,FOCUSED_PASS,simulator-polka-return-audit.test.mjs: archive/return ordering and short archive pool cases
hBP05-035:arts.0,hBP05-035,さくらみこ,arts.0,EFFECT_TEXT,website/public/cards.json#/cards[id=1213;1323]/arts.0,engine.mjs#queueGenericKeywordCostEffects -> resolveGenericKeywordRemainder hBP05-035 -> archive 2 hand cards; opposing Center/Collab special damage 50; draw 1 if #35P is on own stage,ALIGNED,,NO_DIRECT_TEST,
hBP05-035:keyword,hBP05-035,さくらみこ,keyword,EFFECT_TEXT,website/public/cards.json#/cards[id=1213;1323]/keyword,"engine.mjs#queueGiftKnockoutEffects hBP05-035 -> opposing-turn Sakura Miko KO, optional #み俺恥 deck reveal/add and shuffle",ALIGNED,,NO_DIRECT_TEST,
hBP05-036:arts.0,hBP05-036,星街すいせい,arts.0,EFFECT_TEXT,website/public/cards.json#/cards[id=1214;1324;1730]/arts.0,engine.mjs#artConditionApplies -> any damaged opposing Back member gates a single +20 Arts bonus,ALIGNED,,NO_DIRECT_TEST,
hBP05-037:arts.0,hBP05-037,星街すいせい,arts.0,EFFECT_TEXT,website/public/cards.json#/cards[id=1215;1325;1326;2132]/arts.0,"engine.mjs#resolveGenericArtEffects hBP05-037:0 -> red/blue source-Cheer gate, archive 1 or 2 matching Cheer and attach to this Holomen",ALIGNED,,FOCUSED_PASS,simulator-nonlimit-boost-batch300.test.mjs: 0/1/1/2 Cheer-count cases 4/4
hBP05-037:arts.1,hBP05-037,星街すいせい,arts.1,EFFECT_TEXT,website/public/cards.json#/cards[id=1215;1325;1326;2132]/arts.1,engine.mjs#resolveGenericArtEffects hBP05-037:1 -> archive all Cheer attached to the source Holomen,ALIGNED,,NO_DIRECT_TEST,
hBP05-038:arts.0,hBP05-038,モココ・アビスガード,arts.0,EFFECT_TEXT,website/public/cards.json#/cards[id=1216;1327]/arts.0,engine.mjs#effectiveArtCost -> remove one Colorless requirement only while own Center is Fuwawa,ALIGNED,,FOCUSED_PASS,simulator-mococo-batch132.test.mjs: Center/Back/no-Fuwawa cases 3/3
hBP05-038:keyword,hBP05-038,モココ・アビスガード,keyword,EFFECT_TEXT,website/public/cards.json#/cards[id=1216;1327]/keyword,engine.mjs#queueGiftArtUseEffects -> Collab-only BAU BAU SP trigger; +70 this turn and +50 when own stage contains a 2nd,ALIGNED,,NO_DIRECT_TEST,
hBP05-039:arts.0,hBP05-039,一条莉々華,arts.0,EFFECT_TEXT,website/public/cards.json#/cards[id=1217;1328]/arts.0,engine.mjs#resolveGenericArtEffects hBP05-039:0 -> current-turn 限界飯 event gate -> 20 special damage to opposing Center and Collab,ALIGNED,,FOCUSED_PASS,simulator-special-batch131.test.mjs: current/previous/absent event cases 3/3
hBP05-039:arts.1,hBP05-039,一条莉々華,arts.1,EFFECT_TEXT,website/public/cards.json#/cards[id=1217;1328]/arts.1,engine.mjs#artConditionApplies -> opposing Collab stage 1st+ condition gates +70,ALIGNED,,NO_DIRECT_TEST,
hBP05-039:extra,hBP05-039,一条莉々華,extra,EFFECT_TEXT,website/public/cards.json#/cards[id=1217;1328]/extra,engine.mjs#cardIsBuzz -> knockOutUnit/finishKnockoutLife: Buzz knockout life count is 2; special damage marked no-life keeps the established no-life result,ALIGNED,,FOCUSED_PASS,simulator-special-batch131.test.mjs: Buzz life true/false cases 2/2
hBP05-040:arts.0,hBP05-040,miComet,arts.0,EFFECT_TEXT,website/public/cards.json#/cards[id=1218;1329;2203]/arts.0,engine.mjs#queueGenericStageCheerMove -> cheerTargetRuleFromText; explicit own-Back destination now takes precedence over source-Holo reference,FIXED,website/lib/simulator/engine.mjs#cheerTargetRuleFromText; android-current/web/lib/simulator/engine.mjs#cheerTargetRuleFromText,FOCUSED_PASS,simulator-hbp05-040-alignment.test.mjs: Website 1/1 and Android JS engine mirror 1/1; pre-fix target was Center
hBP05-040:extra,hBP05-040,miComet,extra,EFFECT_TEXT,website/public/cards.json#/cards[id=1218;1329;2203]/extra,engine.mjs#treatedAsHolomemNames -> cardAliases exposes both Sakura Miko and Hoshimachi Suisei names,ALIGNED,,FOCUSED_PASS,simulator-engine.test.mjs: dual-name Bloom cases
hBP05-040:keyword,hBP05-040,miComet,keyword,EFFECT_TEXT,website/public/cards.json#/cards[id=1218;1329;2203]/keyword,"engine.mjs#queueSimpleTriggeredKeyword hBP05-040 -> life<=3, this-turn Center Bloomed Miko/Suisei, optional hand Bloom candidate",ALIGNED,,NO_DIRECT_TEST,
hBP05-041:arts.0,hBP05-041,猫又おかゆ,arts.0,EFFECT_TEXT,website/public/cards.json#/cards[id=1219;1330]/arts.0,website/lib/simulator/engine.mjs#applyAction arts branch; queueSimpleTriggeredKeyword generic special-damage path; dealArtsDamage; android-current/web/lib/simulator/engine.mjs#applyAction arts branch; queueSimpleTriggeredKeyword generic special-damage path; dealArtsDamage,ALIGNED,,NO_DIRECT_TEST,Static trace: printed 20 damage and 10 special damage to opponent Center.
hBP05-042:arts.0,hBP05-042,猫又おかゆ,arts.0,BASIC_ACTION,website/public/cards.json#/cards[id=1220;1331]/arts.0,website/lib/simulator/engine.mjs#applyAction arts branch; printed Arts damage and cost (blank effect; BASIC_ACTION); android-current/web/lib/simulator/engine.mjs#applyAction arts branch; printed Arts damage and cost (blank effect; BASIC_ACTION),ALIGNED,,NO_DIRECT_TEST,Static trace: Colorless cost and 30 printed damage only.
hBP05-042:keyword,hBP05-042,猫又おかゆ,keyword,EFFECT_TEXT,website/public/cards.json#/cards[id=1220;1331]/keyword,website/lib/simulator/engine.mjs#queueSimpleTriggeredKeyword hBP05-042 second-player first-turn branch; android-current/web/lib/simulator/engine.mjs#queueSimpleTriggeredKeyword hBP05-042 second-player first-turn branch,ALIGNED,,FOCUSED_PASS,simulator-search-batch133.test.mjs: timing and #ゲーマーズ 2nd search.
hBP05-043:arts.0,hBP05-043,猫又おかゆ,arts.0,EFFECT_TEXT,website/public/cards.json#/cards[id=1221;2137;1332]/arts.0,website/lib/simulator/engine.mjs#queueGenericArtCostEffects + queueSimpleTriggeredKeyword generic special damage; android-current/web/lib/simulator/engine.mjs#queueGenericArtCostEffects + queueSimpleTriggeredKeyword generic special damage,ALIGNED,,FOCUSED_PASS,simulator-okayu-mascot-scope-batch417.test.mjs: blue Cheer archive payment and damage follow-up.
hBP05-043:keyword,hBP05-043,猫又おかゆ,keyword,EFFECT_TEXT,website/public/cards.json#/cards[id=1221;2137;1332]/keyword,website/lib/simulator/engine.mjs#defenderForcesCollabTarget; applyAction and legal-target generation; android-current/web/lib/simulator/engine.mjs#defenderForcesCollabTarget; applyAction and legal-target generation,ALIGNED,,NO_DIRECT_TEST,Static trace: Collab Gift condition limits Arts target; special damage is excluded.
hBP05-044:arts.0,hBP05-044,猫又おかゆ,arts.0,EFFECT_TEXT,website/public/cards.json#/cards[id=1222;1333;2034]/arts.0,website/lib/simulator/engine.mjs#applyAction arts branch; queueSimpleTriggeredKeyword generic special-damage target path; dealArtsDamage; android-current/web/lib/simulator/engine.mjs#applyAction arts branch; queueSimpleTriggeredKeyword generic special-damage target path; dealArtsDamage,ALIGNED,,NO_DIRECT_TEST,Static trace: printed Arts and one opposing Holomen special-damage target.
hBP05-044:keyword,hBP05-044,猫又おかゆ,keyword,EFFECT_TEXT,website/public/cards.json#/cards[id=1222;1333;2034]/keyword,website/lib/simulator/engine.mjs#hBP05-044 Bloom branch; usedNamedThisTurn/markNamedUsage; stage target effects; android-current/web/lib/simulator/engine.mjs#hBP05-044 Bloom branch; usedNamedThisTurn/markNamedUsage; stage target effects,ALIGNED,,FOCUSED_PASS,"simulator-engine.test.mjs: same-name once-per-turn Bloom, Center and Back damage."
hBP05-045:arts.0,hBP05-045,猫又おかゆ,arts.0,EFFECT_TEXT,website/public/cards.json#/cards[id=1223;1334;1335;heb01-hBP05-045-RR-1;heb01-hBP05-045-SR-2;heb01-hBP05-045-UR-3]/arts.0,website/lib/simulator/engine.mjs#queueSimpleTriggeredKeyword special damage + archive Cheer recipient handler; android-current/web/lib/simulator/engine.mjs#queueSimpleTriggeredKeyword special damage + archive Cheer recipient handler,ALIGNED,,NO_DIRECT_TEST,"Static trace: one opponent target for 20 special damage, then optional Archive Cheer to own Back #ゲーマーズ."
hBP05-045:keyword,hBP05-045,猫又おかゆ,keyword,EFFECT_TEXT,website/public/cards.json#/cards[id=1223;1334;1335;heb01-hBP05-045-RR-1;heb01-hBP05-045-SR-2;heb01-hBP05-045-UR-3]/keyword,website/lib/simulator/engine.mjs#giftSpecialDamageBonus + giftZoneApplies; android-current/web/lib/simulator/engine.mjs#giftSpecialDamageBonus + giftZoneApplies,ALIGNED,,FOCUSED_PASS,simulator-okayu-source-batch390.test.mjs: hBP05-045 Gift bonus applies only to Center.
hBP05-046:arts.0,hBP05-046,雪花ラミィ,arts.0,EFFECT_TEXT,website/public/cards.json#/cards[id=1224;1336]/arts.0,website/lib/simulator/engine.mjs#hbp09Legacy_resolveGenericArtEffects hBP05-046:0 condition and target; android-current/web/lib/simulator/engine.mjs#hbp09Legacy_resolveGenericArtEffects hBP05-046:0 condition and target,ALIGNED,,NO_DIRECT_TEST,Static trace: own Stage #5期生 2nd gate and one opposing Holomen special-damage target.
hBP05-046:keyword,hBP05-046,雪花ラミィ,keyword,EFFECT_TEXT,website/public/cards.json#/cards[id=1224;1336]/keyword,website/lib/simulator/engine.mjs#queueSimpleTriggeredKeyword hBP05-046 required Snowmin search branch; android-current/web/lib/simulator/engine.mjs#queueSimpleTriggeredKeyword hBP05-046 required Snowmin search branch,ALIGNED,,FOCUSED_PASS,simulator-search-batch133.test.mjs: required #雪民 search.
hBP05-047:arts.0,hBP05-047,こぼ・かなえる,arts.0,EFFECT_TEXT,website/public/cards.json#/cards[id=1225;1337]/arts.0,website/lib/simulator/engine.mjs#hBP05-047 Arts branch; enqueueStageTarget specialDamage; android-current/web/lib/simulator/engine.mjs#hBP05-047 Arts branch; enqueueStageTarget specialDamage,ALIGNED,,FOCUSED_PASS,simulator-special-batch131.test.mjs: opponent Back special damage.
hBP05-048:arts.0,hBP05-048,こぼ・かなえる,arts.0,EFFECT_TEXT,website/public/cards.json#/cards[id=1226;1338;2042]/arts.0,website/lib/simulator/engine.mjs#applyAction arts branch; queueSimpleTriggeredKeyword multiSpecialDamage parser; distinct Back-slot selection; android-current/web/lib/simulator/engine.mjs#applyAction arts branch; queueSimpleTriggeredKeyword multiSpecialDamage parser; distinct Back-slot selection,ALIGNED,,NO_DIRECT_TEST,Static trace: two opposing Back Holomen receive 10 special damage each.
hBP05-048:keyword,hBP05-048,こぼ・かなえる,keyword,EFFECT_TEXT,website/public/cards.json#/cards[id=1226;1338;2042]/keyword,website/lib/simulator/engine.mjs#queueSimpleTriggeredKeyword multiSpecialDamage parser; distinct Back-slot selection; android-current/web/lib/simulator/engine.mjs#queueSimpleTriggeredKeyword multiSpecialDamage parser; distinct Back-slot selection,ALIGNED,,NO_DIRECT_TEST,Static trace: Collab trigger queues two opposing Back targets.
hBP05-049:arts.0,hBP05-049,こぼ・かなえる,arts.0,EFFECT_TEXT,website/public/cards.json#/cards[id=1227;1339;1340]/arts.0,website/lib/simulator/engine.mjs#hbp09Legacy_resolveGenericArtEffects hBP05-049:0 threshold and archiveCheerToStage branch; android-current/web/lib/simulator/engine.mjs#hbp09Legacy_resolveGenericArtEffects hBP05-049:0 threshold and archiveCheerToStage branch,ALIGNED,,FOCUSED_PASS,simulator-kobo-batch135.test.mjs: total opposing Back damage threshold 70/80/90.
hBP05-049:arts.1,hBP05-049,こぼ・かなえる,arts.1,EFFECT_TEXT,website/public/cards.json#/cards[id=1227;1339;1340]/arts.1,website/lib/simulator/engine.mjs#queueGenericArtCostEffects archive-Cheer cost; queueSimpleTriggeredKeyword all-Back specialDamage branch; android-current/web/lib/simulator/engine.mjs#queueGenericArtCostEffects archive-Cheer cost; queueSimpleTriggeredKeyword all-Back specialDamage branch,ALIGNED,,NO_DIRECT_TEST,"Static trace: optional archive two source Cheer, 30 special damage to each opposing Back; no Life loss on KO."
hBP05-050:arts.0,hBP05-050,フワワ・アビスガード,arts.0,EFFECT_TEXT,website/public/cards.json#/cards[id=1228;1341]/arts.0,website/lib/simulator/engine.mjs#hBP05-050 Arts 0 current-turn Mococo/Oshi-skill bonus branch; android-current/web/lib/simulator/engine.mjs#hBP05-050 Arts 0 current-turn Mococo/Oshi-skill bonus branch,ALIGNED,,FOCUSED_PASS,simulator-fuwawa-gates-batch379.test.mjs: +40 and +30 Arts gates.
hBP05-050:extra,hBP05-050,フワワ・アビスガード,extra,EFFECT_TEXT,website/public/cards.json#/cards[id=1228;1341]/extra,website/lib/simulator/engine.mjs#cardIsBuzz/on-knockout Life loss resolution; android-current/web/lib/simulator/engine.mjs#cardIsBuzz/on-knockout Life loss resolution,ALIGNED,,FOCUSED_PASS,simulator-fuwawa-gates-batch379.test.mjs: Buzz DOWN loses two Life.
hBP05-050:keyword,hBP05-050,フワワ・アビスガード,keyword,EFFECT_TEXT,website/public/cards.json#/cards[id=1228;1341]/keyword,website/lib/simulator/engine.mjs#queueGiftOshiSkillEffects hBP05-050 Center Gift branch; #Advent event Cheer target; android-current/web/lib/simulator/engine.mjs#queueGiftOshiSkillEffects hBP05-050 Center Gift branch; #Advent event Cheer target,ALIGNED,,NO_DIRECT_TEST,Static trace: own Center Gift responds to used Moko chan Oshi skill and attaches Cheer Deck top to own #Advent.
hBP05-051:arts.0,hBP05-051,火威青,arts.0,EFFECT_TEXT,website/public/cards.json#/cards[id=1229;1342]/arts.0,website/lib/simulator/engine.mjs#artConditionApplies stageTagAtLeast; queueSimpleTriggeredKeyword generic archiveCheerToTarget; android-current/web/lib/simulator/engine.mjs#artConditionApplies stageTagAtLeast; queueSimpleTriggeredKeyword generic archiveCheerToTarget,ALIGNED,,NO_DIRECT_TEST,Static trace: three own #お酒 Stage Holomen gate; optional one Archive Cheer to own Back #お酒.
hBP05-051:keyword,hBP05-051,火威青,keyword,EFFECT_TEXT,website/public/cards.json#/cards[id=1229;1342]/keyword,website/lib/simulator/engine.mjs#queueSimpleTriggeredKeyword hBP05-051 top-look registration; queueGenericTopLook(required); android-current/web/lib/simulator/engine.mjs#queueSimpleTriggeredKeyword hBP05-051 top-look registration; queueGenericTopLook(required),ALIGNED,,FOCUSED_PASS,simulator-toplook-batch142.test.mjs: required matching pick and no-match bottom-order cases.
hBP05-052:arts.0,hBP05-052,癒月ちょこ,arts.0,BASIC_ACTION,website/public/cards.json#/cards[id=1230;1343]/arts.0,website/lib/simulator/engine.mjs#applyAction printed Arts cost and damage (blank effect; BASIC_ACTION); android-current/web/lib/simulator/engine.mjs#applyAction printed Arts cost and damage (blank effect; BASIC_ACTION),ALIGNED,,NO_DIRECT_TEST,Static trace: Purple cost and 30 printed damage only.
hBP05-052:keyword,hBP05-052,癒月ちょこ,keyword,EFFECT_TEXT,website/public/cards.json#/cards[id=1230;1343]/keyword,website/lib/simulator/engine.mjs#simpleKeywordCondition archive-event gate; queueSimpleTriggeredKeyword generic specialDamage Center route; android-current/web/lib/simulator/engine.mjs#simpleKeywordCondition archive-event gate; queueSimpleTriggeredKeyword generic specialDamage Center route,ALIGNED,,NO_DIRECT_TEST,Static trace: only an own archived Event enables 10 special damage to opposing Center.
hBP05-053:arts.0,hBP05-053,癒月ちょこ,arts.0,BASIC_ACTION,website/public/cards.json#/cards[id=1231;1344]/arts.0,website/lib/simulator/engine.mjs#applyAction printed Arts cost and damage (blank effect; BASIC_ACTION); android-current/web/lib/simulator/engine.mjs#applyAction printed Arts cost and damage (blank effect; BASIC_ACTION),ALIGNED,,NO_DIRECT_TEST,Static trace: Colorless cost and 10 printed damage only.
hBP05-053:keyword,hBP05-053,癒月ちょこ,keyword,EFFECT_TEXT,website/public/cards.json#/cards[id=1231;1344]/keyword,website/lib/simulator/engine.mjs#simpleKeywordCondition second-player first-turn and Oshi-name gates; generic drawMatch; android-current/web/lib/simulator/engine.mjs#simpleKeywordCondition second-player first-turn and Oshi-name gates; generic drawMatch,ALIGNED,,NO_DIRECT_TEST,Static trace: own Choco Oshi plus second-player first turn gates draw 2.
hBP05-054:arts.0,hBP05-054,癒月ちょこ,arts.0,EFFECT_TEXT,website/public/cards.json#/cards[id=1232;1345]/arts.0,website/lib/simulator/engine.mjs#effectiveArtCost / hbp09Legacy_effectiveArtCost hBP05-054 Food-event cost reduction; android-current/web/lib/simulator/engine.mjs#effectiveArtCost / hbp09Legacy_effectiveArtCost hBP05-054 Food-event cost reduction,ALIGNED,,NO_DIRECT_TEST,Static trace: two current-turn #食べ物 Events remove one Colorless requirement; printed damage unchanged.
hBP05-055:arts.0,hBP05-055,癒月ちょこ,arts.0,BASIC_ACTION,website/public/cards.json#/cards[id=1233;1346]/arts.0,website/lib/simulator/engine.mjs#applyAction printed Arts cost and damage (blank effect; BASIC_ACTION); android-current/web/lib/simulator/engine.mjs#applyAction printed Arts cost and damage (blank effect; BASIC_ACTION),ALIGNED,,NO_DIRECT_TEST,Static trace: Purple cost and 30 printed damage only.
hBP05-055:keyword,hBP05-055,癒月ちょこ,keyword,EFFECT_TEXT,website/public/cards.json#/cards[id=1233;1346]/keyword,website/lib/simulator/engine.mjs#finishTurn -> HBP09.endPerformance -> performanceEndEffects / hbp09Legacy_finishTurn; Center Gift condition; eventCheerTarget; android-current/web/lib/simulator/engine.mjs#finishTurn -> HBP09.endPerformance -> performanceEndEffects / hbp09Legacy_finishTurn; Center Gift condition; eventCheerTarget,ALIGNED,,NO_DIRECT_TEST,"Static trace: on opponent Performance end, undamaged Center Choco may attach Cheer Deck top to own Choco."
hBP05-056:arts.0,hBP05-056,癒月ちょこ,arts.0,EFFECT_TEXT,website/public/cards.json#/cards[id=1234;1347;1348]/arts.0,website/lib/simulator/engine.mjs#hbp09Legacy_resolveGenericArtEffects hBP05-056:0 current-turn Food-event bonus cap; android-current/web/lib/simulator/engine.mjs#hbp09Legacy_resolveGenericArtEffects hBP05-056:0 current-turn Food-event bonus cap,ALIGNED,,FOCUSED_PASS,simulator-choco-food-batch301.test.mjs: 0/1/3 Food events resolve 90/110/130.
hBP05-056:arts.1,hBP05-056,癒月ちょこ,arts.1,EFFECT_TEXT,website/public/cards.json#/cards[id=1234;1347;1348]/arts.1,website/lib/simulator/engine.mjs#queueGenericArtCostEffects; artHandArchiveCost; resolveGenericKeywordRemainder archive recovery; android-current/web/lib/simulator/engine.mjs#queueGenericArtCostEffects; artHandArchiveCost; resolveGenericKeywordRemainder archive recovery,ALIGNED,,FOCUSED_PASS,simulator-choco-food-batch301.test.mjs: optional two-card hand payment then required #料理 recovery.
hBP05-057:arts.0,hBP05-057,ネリッサ・レイヴンクロフト,arts.0,BASIC_ACTION,website/public/cards.json#/cards[id=1235;1349]/arts.0,website/lib/simulator/engine.mjs#applyAction printed Arts cost and damage (blank effect; BASIC_ACTION); android-current/web/lib/simulator/engine.mjs#applyAction printed Arts cost and damage (blank effect; BASIC_ACTION),ALIGNED,,NO_DIRECT_TEST,Static trace: Colorless cost and 20 printed damage only.
hBP05-057:keyword,hBP05-057,ネリッサ・レイヴンクロフト,keyword,EFFECT_TEXT,website/public/cards.json#/cards[id=1235;1349]/keyword,website/lib/simulator/engine.mjs#simpleKeywordCondition; queueSimpleTriggeredKeyword generic Arts buff and #歌 target rule; android-current/web/lib/simulator/engine.mjs#simpleKeywordCondition; queueSimpleTriggeredKeyword generic Arts buff and #歌 target rule,ALIGNED,,NO_DIRECT_TEST,Static trace: Collab effect grants own one #歌 Holomen +10 Arts this turn.
hBP05-058:arts.0,hBP05-058,ネリッサ・レイヴンクロフト,arts.0,BASIC_ACTION,website/public/cards.json#/cards[id=1236;1350]/arts.0,website/lib/simulator/engine.mjs#applyAction printed Arts cost and damage (blank effect; BASIC_ACTION); android-current/web/lib/simulator/engine.mjs#applyAction printed Arts cost and damage (blank effect; BASIC_ACTION),ALIGNED,,NO_DIRECT_TEST,Static trace: Colorless cost and 10 printed damage only.
hBP05-058:keyword,hBP05-058,ネリッサ・レイヴンクロフト,keyword,EFFECT_TEXT,website/public/cards.json#/cards[id=1236;1350]/keyword,website/lib/simulator/engine.mjs#simpleKeywordCondition second-player first-turn/Oshi-name gates; queueSimpleTriggeredKeyword top-deck Holo Power; android-current/web/lib/simulator/engine.mjs#simpleKeywordCondition second-player first-turn/Oshi-name gates; queueSimpleTriggeredKeyword top-deck Holo Power,ALIGNED,,NO_DIRECT_TEST,Static trace: only qualifying first-turn Collab moves own Main Deck top to Holo Power.
hBP05-059:arts.0,hBP05-059,ネリッサ・レイヴンクロフト,arts.0,EFFECT_TEXT,website/public/cards.json#/cards[id=1237;1351]/arts.0,website/lib/simulator/engine.mjs#hbp09Legacy_resolveGenericArtEffects hBP05-059:0 Oshi-gated draw; android-current/web/lib/simulator/engine.mjs#hbp09Legacy_resolveGenericArtEffects hBP05-059:0 Oshi-gated draw,ALIGNED,,FOCUSED_PASS,simulator-nerissa-batch134.test.mjs: draw occurs only with Nerissa Oshi.
hBP05-059:arts.1,hBP05-059,ネリッサ・レイヴンクロフト,arts.1,BASIC_ACTION,website/public/cards.json#/cards[id=1237;1351]/arts.1,website/lib/simulator/engine.mjs#applyAction printed Arts cost and damage (blank effect; BASIC_ACTION); android-current/web/lib/simulator/engine.mjs#applyAction printed Arts cost and damage (blank effect; BASIC_ACTION),ALIGNED,,NO_DIRECT_TEST,Static trace: Purple plus one Colorless cost and 50 printed damage only.
hBP05-060:arts.0,hBP05-060,ネリッサ・レイヴンクロフト,arts.0,EFFECT_TEXT,website/public/cards.json#/cards[id=1238;1352;heb01-hBP05-060-R-1;heb01-hBP05-060-SR-2]/arts.0,website/lib/simulator/engine.mjs#queueGenericArtCostEffects; artHandArchiveCost; generic center/collab specialDamage route; android-current/web/lib/simulator/engine.mjs#queueGenericArtCostEffects; artHandArchiveCost; generic center/collab specialDamage route,ALIGNED,,FOCUSED_PASS,"simulator-nerissa-batch134.test.mjs: pay/skip hand archive branches, damage, and mandatory legal target."
hBP05-060:keyword,hBP05-060,ネリッサ・レイヴンクロフト,keyword,EFFECT_TEXT,website/public/cards.json#/cards[id=1238;1352;heb01-hBP05-060-R-1;heb01-hBP05-060-SR-2]/keyword,website/lib/simulator/engine.mjs#queueSimpleTriggeredKeyword hBP05-060 required Staff/Jailbird search; android-current/web/lib/simulator/engine.mjs#queueSimpleTriggeredKeyword hBP05-060 required Staff/Jailbird search,ALIGNED,,FOCUSED_PASS,simulator-nerissa-batch134.test.mjs: required Staff/Jailbird search.
hBP05-061:arts.0,hBP05-061,ネリッサ・レイヴンクロフト,arts.0,EFFECT_TEXT,website/public/cards.json#/cards[id=1239;1353;1354]/arts.0,engine.mjs#queueGenericArtCostEffects hBP05-061:0 -> artHandArchiveCost -> resolveChoice buffSong; matching Android engine path,FIXED,Direct text-engine mismatch repaired in website/lib/simulator/engine.mjs and android-current/web/lib/simulator/engine.mjs; regression simulator-hbp05-061-alignment.test.mjs.,FOCUSED_PASS,simulator-hbp05-061-alignment.test.mjs: archiving two cards now creates two separate +20 #歌 target choices; passed on Website and Android JS mirror. Pre-fix regression was red.
hBP05-061:keyword,hBP05-061,ネリッサ・レイヴンクロフト,keyword,EFFECT_TEXT,website/public/cards.json#/cards[id=1239;1353;1354]/keyword,engine.mjs#queueArtKnockoutEffects hBP05-061 Gift draw; matching Android engine path,ALIGNED,,NO_DIRECT_TEST,Static trace: Nerissa KO Gift draws two cards when the recorded defeated target matches this card; no focused execution test in Batch 64.
hBP05-062:arts.0,hBP05-062,常闇トワ,arts.0,EFFECT_TEXT,website/public/cards.json#/cards[id=1240;1355]/arts.0,engine.mjs#resolveGenericArtEffects hBP05-062:0 counts own Stage 1st #歌 and queues 20x special damage to opponent Center/Collab; matching Android path,ALIGNED,,NO_DIRECT_TEST,Static trace: count is per own Stage Holomen and the single legal opponent target is Center or Collab; no focused execution test in Batch 64.
hBP05-062:keyword,hBP05-062,常闇トワ,keyword,EFFECT_TEXT,website/public/cards.json#/cards[id=1240;1355]/keyword,engine.mjs#queueSimpleTriggeredKeyword hBP05-062 required #歌 non-Buzz 1st search; matching Android path,ALIGNED,,FOCUSED_PASS,"simulator-nonbuzz-batch136.test.mjs: required count, tag, stage, non-Buzz filter and mandatory nonempty selection."
hBP05-063:arts.0,hBP05-063,不知火フレア,arts.0,BASIC_ACTION,website/public/cards.json#/cards[id=1241;1356]/arts.0,engine.mjs#applyAction printed Arts cost/damage (blank effect; BASIC_ACTION); matching Android path,ALIGNED,,NO_DIRECT_TEST,Static trace: blank Arts text uses the printed Colorless cost and damage only.
hBP05-063:keyword,hBP05-063,不知火フレア,keyword,EFFECT_TEXT,website/public/cards.json#/cards[id=1241;1356]/keyword,engine.mjs#queueCollabEffects hBP05-063 Cheer cost -> queueDeckToHand excludeStageNames; matching Android path,ALIGNED,,FOCUSED_PASS,simulator-paid-search-batch138.test.mjs: pay/skip branches and exclusion of names already on own Stage.
hBP05-064:arts.0,hBP05-064,不知火フレア,arts.0,BASIC_ACTION,website/public/cards.json#/cards[id=1242;1357]/arts.0,engine.mjs#applyAction printed Arts cost/damage (blank effect; BASIC_ACTION); matching Android path,ALIGNED,,NO_DIRECT_TEST,Static trace: blank Arts text uses the printed Colorless cost and damage only.
hBP05-064:keyword,hBP05-064,不知火フレア,keyword,EFFECT_TEXT,website/public/cards.json#/cards[id=1242;1357]/keyword,engine.mjs#queueCollabEffects second-player first-turn distinct Debut -> differentNamedDeckToHand; matching Android path,ALIGNED,,FOCUSED_PASS,"simulator-distinct-batch139.test.mjs: zero, one and two distinct-name availability; hidden-deck nonEmptyMin enforces each available required pick."
hBP05-065:arts.0,hBP05-065,不知火フレア,arts.0,BASIC_ACTION,website/public/cards.json#/cards[id=1243;1358]/arts.0,engine.mjs#applyAction printed Arts cost/damage (blank effect; BASIC_ACTION); matching Android path,ALIGNED,,NO_DIRECT_TEST,Static trace: blank Arts text uses printed cost and damage only.
hBP05-065:keyword,hBP05-065,不知火フレア,keyword,EFFECT_TEXT,website/public/cards.json#/cards[id=1243;1358]/keyword,engine.mjs#prepareGiftDamageReaction hBP05-065 Collab Gift; resolveChoice once-per-turn die reduction; matching Android path,ALIGNED,,NO_DIRECT_TEST,"Static trace: own Collab Gift excludes itself as the damage target, offers the optional die once each turn, and subtracts 40 on odd or 20 on even results."
hBP05-066:arts.0,hBP05-066,不知火フレア,arts.0,EFFECT_TEXT,website/public/cards.json#/cards[id=1244;1359]/arts.0,engine.mjs#resolveGenericArtEffects hBP05-066:0 distinct #3期生 names; matching Android path,ALIGNED,,FOCUSED_PASS,simulator-local-066-batch347.test.mjs: two distinct own #3期生 names add +20 to the printed Arts.
hBP05-066:keyword,hBP05-066,不知火フレア,keyword,EFFECT_TEXT,website/public/cards.json#/cards[id=1244;1359]/keyword,engine.mjs#queueGiftArtUseEffects hBP05-066 Center/#3期生 trigger and Collab Gift gate; matching Android path,ALIGNED,,NO_DIRECT_TEST,Static trace: only a Center #3期生 Arts use triggers the Collab Gift; optional hand archive is followed by one draw.
hBP05-067:arts.0,hBP05-067,不知火フレア,arts.0,EFFECT_TEXT,website/public/cards.json#/cards[id=1245;1360;1361]/arts.0,engine.mjs#resolveDiceArtEffects flareLifeRoll hBP05-067:0; matching Android path,ALIGNED,,FOCUSED_PASS,simulator-flare-life-batch348.test.mjs: die comparison applies +60 and draw when die equals Life as both printed inequalities require.
hBP05-067:keyword,hBP05-067,不知火フレア,keyword,EFFECT_TEXT,website/public/cards.json#/cards[id=1245;1360;1361]/keyword,engine.mjs#queueGiftArtUseEffects giftFlareCheerTarget and archiveToHand; matching Android path,ALIGNED,,FOCUSED_PASS,"simulator-flare-life-batch348.test.mjs: transfers two actual Cheer from the attacker to a Back Holomen, then requires a matching-name archived 1st Holomen."
hBP05-068:arts.0,hBP05-068,白上フブキ,arts.0,BASIC_ACTION,website/public/cards.json#/cards[id=1246;1362;1731]/arts.0,engine.mjs#applyAction printed Arts cost/damage (blank effect; BASIC_ACTION); matching Android path,ALIGNED,,NO_DIRECT_TEST,Static trace: blank Arts text uses the printed Colorless cost and damage only.
hBP05-068:keyword,hBP05-068,白上フブキ,keyword,EFFECT_TEXT,website/public/cards.json#/cards[id=1246;1362;1731]/keyword,engine.mjs#queueCollabEffects hBP05-068 Mascot gate and topCardPlacement choice; matching Android path,ALIGNED,,NO_DIRECT_TEST,"Static trace: Collab dispatch checks an attached Mascot, reveals only the main-deck top card, and offers top/bottom placement."
hBP05-069:arts.0,hBP05-069,白上フブキ,arts.0,EFFECT_TEXT,website/public/cards.json#/cards[id=1247;2134;1363]/arts.0,engine.mjs#hbp09Legacy_resolveGenericArtEffects hBP05-069:0 top Cheer direct target; matching Android path,FIXED,Direct text-engine mismatch repaired in website/lib/simulator/engine.mjs and android-current/web/lib/simulator/engine.mjs; regression simulator-hbp05-069-alignment.test.mjs.,FOCUSED_PASS,simulator-hbp05-069-alignment.test.mjs: pre-fix handler wrongly opened a deck-wide Cheer search (red); now the optional target is only the attacker and resolution attaches the exact deck-top Cheer. Verified pay and decline branches on Website and Android JS mirror.
hBP05-069:keyword,hBP05-069,白上フブキ,keyword,EFFECT_TEXT,website/public/cards.json#/cards[id=1247;2134;1363]/keyword,engine.mjs#hbp09Legacy_giftDamageAdjustment hBP05-069 Back immunity; matching Android path,ALIGNED,,FOCUSED_PASS,simulator-immunity-batch137.test.mjs: own versus opponent damage across Back and Collab placement.
hBP05-070:arts.0,hBP05-070,白上フブキ,arts.0,EFFECT_TEXT,website/public/cards.json#/cards[id=1248;1364;1365]/arts.0,engine.mjs#resolveGenericArtEffects hBP05-070:0 archive attachment filter and artArchiveAttachmentsDistribute; matching Android path,ALIGNED,,FOCUSED_PASS,simulator-engine.test.mjs Fubuki Cafe case: selected eligible archived Mascot/Fan attachments distribute through legal table targets.
hBP05-070:arts.1,hBP05-070,白上フブキ,arts.1,EFFECT_TEXT,website/public/cards.json#/cards[id=1248;1364;1365]/arts.1,engine.mjs#resolveGenericArtEffects hBP05-070:1 Oshi identity/yellow and total Tool/Mascot/Fan count; matching Android path,ALIGNED,,NO_DIRECT_TEST,Static trace: +100 only for a Fubuki Oshi or Yellow Oshi and at least four qualifying own Stage attachments.
hBP05-071:arts.0,hBP05-071,戌神ころね,arts.0,EFFECT_TEXT,website/public/cards.json#/cards[id=1249;1366]/arts.0,website/lib/simulator/engine.mjs#resolveGenericArts:hBP05-071:0,ALIGNED,,NO_DIRECT_TEST,
hBP05-071:keyword,hBP05-071,戌神ころね,keyword,EFFECT_TEXT,website/public/cards.json#/cards[id=1249;1366]/keyword,website/lib/simulator/engine.mjs#resolveKeyword:hBP05-071,ALIGNED,,FOCUSED_PASS,website/tests/simulator-nonbuzz-batch136.test.mjs
hBP05-072:arts.0,hBP05-072,角巻わため,arts.0,EFFECT_TEXT,website/public/cards.json#/cards[id=1250;1367]/arts.0,website/lib/simulator/engine.mjs#resolveGenericArts:hBP05-072:0,ALIGNED,,NO_DIRECT_TEST,
hBP05-072:arts.1,hBP05-072,角巻わため,arts.1,EFFECT_TEXT,website/public/cards.json#/cards[id=1250;1367]/arts.1,website/lib/simulator/engine.mjs#resolveGenericArtsText:hBP05-072:1,ALIGNED,,NO_DIRECT_TEST,
hBP05-072:extra,hBP05-072,角巻わため,extra,EFFECT_TEXT,website/public/cards.json#/cards[id=1250;1367]/extra,website/lib/simulator/engine.mjs#knockOutUnit:Buzz-life-loss,ALIGNED,,NO_DIRECT_TEST,
hBP05-073:arts.0,hBP05-073,アユンダ・リス,arts.0,EFFECT_TEXT,website/public/cards.json#/cards[id=1251;1368]/arts.0,website/lib/simulator/engine.mjs#resolveGenericArts:hBP05-073:0,ALIGNED,,NO_DIRECT_TEST,
hBP05-073:keyword,hBP05-073,アユンダ・リス,keyword,EFFECT_TEXT,website/public/cards.json#/cards[id=1251;1368]/keyword,website/lib/simulator/engine.mjs#resolveCollabKeyword:hBP05-073,ALIGNED,,NO_DIRECT_TEST,
hBP05-074:abilityText,hBP05-074,フレンドリーパソコン,abilityText,EFFECT_TEXT,website/public/cards.json#/cards[id=1264;1768;1375;1455;heb01-hBP05-074-C-1]/abilityText,website/lib/simulator/effect-catalog.mjs#EXTENDED_SUPPORT_EFFECTS:hBP05-074; website/lib/simulator/engine.mjs#friendlyComputer,ALIGNED,,NO_DIRECT_TEST,
hBP05-075:abilityText,hBP05-075,牛丼,abilityText,EFFECT_TEXT,website/public/cards.json#/cards[id=1265;1376;1736]/abilityText,website/lib/simulator/effect-catalog.mjs#EXTENDED_SUPPORT_EFFECTS:hBP05-075; website/lib/simulator/engine.mjs#gyudon,ALIGNED,,FOCUSED_PASS,website/tests/effect-audit-hbp09-031.test.mjs
hBP05-076:abilityText,hBP05-076,ちょこのビーフストロガノフ,abilityText,EFFECT_TEXT,website/public/cards.json#/cards[id=1266;1377]/abilityText,website/lib/simulator/effect-catalog.mjs#EXTENDED_SUPPORT_EFFECTS:hBP05-076; website/lib/simulator/engine.mjs#chocoStroganoff,ALIGNED,,FOCUSED_PASS,website/tests/simulator-stroganoff-stage-batch302.test.mjs
hBP05-077:abilityText,hBP05-077,バカタレサーカス,abilityText,EFFECT_TEXT,website/public/cards.json#/cards[id=1267;1378]/abilityText,website/lib/simulator/effect-catalog.mjs#TOP_LOOK_EFFECTS:hBP05-077; website/lib/simulator/engine.mjs#playTopLookSupport,ALIGNED,,NO_DIRECT_TEST,
hBP05-078:abilityText,hBP05-078,晩酌配信,abilityText,EFFECT_TEXT,website/public/cards.json#/cards[id=1268;1379]/abilityText,website/lib/simulator/effect-catalog.mjs#TOP_LOOK_EFFECTS:hBP05-078; website/lib/simulator/engine.mjs#playTopLookSupport,ALIGNED,,NO_DIRECT_TEST,
hBP05-079:abilityText,hBP05-079,み俺恥,abilityText,EFFECT_TEXT,website/public/cards.json#/cards[id=1269;1380;1411;1412]/abilityText,website/lib/simulator/effect-catalog.mjs#EXTENDED_SUPPORT_EFFECTS:hBP05-079; website/lib/simulator/engine.mjs#shyStream,FIXED,website/lib/simulator/engine.mjs#wasKnockedOutDuringPreviousOpponentTurn,FOCUSED_PASS,website/tests/simulator-hbp05-079-alignment.test.mjs
hBP05-080:abilityText,hBP05-080,SorAZセレブレーション,abilityText,EFFECT_TEXT,website/public/cards.json#/cards[id=1270;1381;1382;1400;heb01-hBP05-080-card-1;heb01-hBP05-080-SR-2]/abilityText,website/lib/simulator/engine.mjs#AUTOMATED_EVENT_CARDS:hBP05-080,ALIGNED,,FOCUSED_PASS,website/tests/simulator-soraz-batch141.test.mjs
hBP05-081:abilityText,hBP05-081,白銀ノエルのメイス,abilityText,EFFECT_TEXT,website/public/cards.json#/cards[id=1271;1383]/abilityText,website/lib/simulator/engine.mjs#attachmentBlockApplies/hbp09Legacy_attachmentArtsBonus; Noel stage and 3+ Cheer,ALIGNED,,FOCUSED_PASS,website/tests/simulator-hbp05-081-082-alignment.test.mjs: +20 only for first-or-higher Noel at 3+ Cheer; lower-Cheer boundary.
hBP05-082:abilityText,hBP05-082,アキ・ローゼンタールの斧,abilityText,EFFECT_TEXT,website/public/cards.json#/cards[id=1272;1384]/abilityText,website/lib/simulator/engine.mjs#ATTACHMENT_TEXT_NAME_ALIASES/attachmentBlockApplies/hbp09Legacy_attachmentArtsBonus,FIXED,website/lib/simulator/engine.mjs#ATTACHMENT_TEXT_NAME_ALIASES,FOCUSED_PASS,website/tests/simulator-hbp05-081-082-alignment.test.mjs: red before repair (130 actual vs 170 per trusted text); romanized Aki Rosenthal now matches catalog identity and grants conditional +40.
hBP05-083:abilityText,hBP05-083,ネリッサ・レイヴンクロフトの杖,abilityText,EFFECT_TEXT,website/public/cards.json#/cards[id=1273;1385]/abilityText,"website/lib/simulator/engine.mjs#payHandArchive (source Holomen, Center/Collab, actual hand cards, once per tool copy per turn)",ALIGNED,,FOCUSED_PASS,"website/tests/simulator-nerissa-tool-batch404.test.mjs and simulator-nerissa-tool-scope-batch406.test.mjs: Center/Collab, skip, once-per-turn, and 20 special damage."
hBP05-084:abilityText,hBP05-084,角巻わためのハープ,abilityText,EFFECT_TEXT,website/public/cards.json#/cards[id=1274;1386]/abilityText,website/lib/simulator/engine.mjs#hbp09Legacy_attachmentArtsBonus/queueAttachmentArtEffects,ALIGNED,,FOCUSED_PASS,website/tests/simulator-harp-batch140.test.mjs: stage and Watameito bonus boundaries plus optional Arts-time Cheer archive trigger.
hBP05-085:abilityText,hBP05-085,みこだにぇー,abilityText,EFFECT_TEXT,website/public/cards.json#/cards[id=1275;1387]/abilityText,website/lib/simulator/engine.mjs#hbp09Legacy_attachmentHpBonus/queueKnockoutAttachmentEffects,ALIGNED,,FOCUSED_PASS,website/tests/simulator-hbp05-085-alignment.test.mjs: attached Miko KO on opponent turn forces its owner to archive exactly one hand card.
hBP05-086:abilityText,hBP05-086,Cilus,abilityText,EFFECT_TEXT,website/public/cards.json#/cards[id=1276;1388]/abilityText,website/lib/simulator/engine.mjs#hbp09Legacy_attachmentHpBonus/queueKnockoutAttachmentEffects,ALIGNED,,FOCUSED_PASS,website/tests/simulator-cilus-batch387.test.mjs: attached Kobo in Center draws after opponent Back KO; Kobo in Back does not.
hBP05-087:abilityText,hBP05-087,Jailbird,abilityText,EFFECT_TEXT,website/public/cards.json#/cards[id=1277;1389]/abilityText,website/lib/simulator/engine.mjs#queueKnockoutAttachmentEffects koFanTransfer,FIXED,website/lib/simulator/engine.mjs#queueKnockoutAttachmentEffects hBP05-087 per-physical-copy triggers,FOCUSED_PASS,website/tests/simulator-hbp05-087-alignment.test.mjs: red before repair (1 trigger for 2 physical copies); now both optional one-Cheer transfers resolve to another #歌 Holomen.
hBP06-001:oshiSkill,hBP06-001,ラオーラ・パンテーラ,oshiSkill,EFFECT_TEXT,website/public/cards.json#/cards[id=1478;1594;1602]/oshiSkill,website/lib/simulator/engine.mjs#hbp09Legacy_resolveNormalOshiSkill hBP06-001; Center Raora and same-name Collab search,ALIGNED,,NO_DIRECT_TEST,"Static trace: center/name preconditions, same-name Holomem deck filter, optional selection, and shuffle are present."
hBP06-001:spOshiSkill,hBP06-001,ラオーラ・パンテーラ,spOshiSkill,EFFECT_TEXT,website/public/cards.json#/cards[id=1478;1594;1602]/spOshiSkill,website/lib/simulator/engine.mjs#hbp09Legacy_resolveSpOshiSkill hBP06-001/returnCollabToBack raoraReset,ALIGNED,,FOCUSED_PASS,website/tests/simulator-raora-reset-batch304.test.mjs: active versus rested return at Reset with and without SP.
hBP06-002:oshiSkill,hBP06-002,響咲リオナ,oshiSkill,EFFECT_TEXT,website/public/cards.json#/cards[id=1479;1595]/oshiSkill,website/lib/simulator/engine.mjs#hbp09Legacy_resolveNormalOshiSkill hBP06-002,ALIGNED,,FOCUSED_PASS,website/tests/simulator-flow-knockout-batch307.test.mjs: archives both top cards and records two archived cards; +20 Center/Collab #FLOW GLOW path traced.
hBP06-002:spOshiSkill,hBP06-002,響咲リオナ,spOshiSkill,EFFECT_TEXT,website/public/cards.json#/cards[id=1479;1595]/spOshiSkill,website/lib/simulator/engine.mjs#queueOshiKnockoutEffects flowGlowLife/oshiKnockout,ALIGNED,,FOCUSED_PASS,"website/tests/simulator-flow-knockout-batch307.test.mjs: opponent Center only, deck threshold 5/6, #FLOW GLOW source, SP cost and extra Life."
hBP06-003:oshiSkill,hBP06-003,風真いろは,oshiSkill,EFFECT_TEXT,website/public/cards.json#/cards[id=1480;1596;1603]/oshiSkill,website/lib/simulator/engine.mjs#hbp09Legacy_resolveNormalOshiSkill hBP06-003,ALIGNED,,NO_DIRECT_TEST,Static trace: Buzz or Buzz-Bloomed Iroha targets only; selected Cheer comes from deck top.
hBP06-003:spOshiSkill,hBP06-003,風真いろは,spOshiSkill,EFFECT_TEXT,website/public/cards.json#/cards[id=1480;1596;1603]/spOshiSkill,website/lib/simulator/engine.mjs#hbp09Legacy_resolveSpOshiSkill hBP06-003,ALIGNED,,NO_DIRECT_TEST,Static trace: +10 per own Stage Cheer to each own Iroha; draw 3 is gated by any own Buzz.
hBP06-004:oshiSkill,hBP06-004,百鬼あやめ,oshiSkill,EFFECT_TEXT,website/public/cards.json#/cards[id=1481;1597;1604]/oshiSkill,website/lib/simulator/engine.mjs#hbp09Legacy_resolveNormalOshiSkill/oshiArchiveTopCheer,ALIGNED,,NO_DIRECT_TEST,"Static trace: choose 1–2 top Cheer, archive that many, then draw the same amount; 2 is disabled below two Cheer."
hBP06-004:spOshiSkill,hBP06-004,百鬼あやめ,spOshiSkill,EFFECT_TEXT,website/public/cards.json#/cards[id=1481;1597;1604]/spOshiSkill,website/lib/simulator/engine.mjs#hbp09Legacy_resolveSpOshiSkill hBP06-004,ALIGNED,,NO_DIRECT_TEST,Static trace: special damage is 20 per archived red Cheer and target is restricted to opponent Center/Collab.
hBP06-005:oshiSkill,hBP06-005,ハコス・ベールズ,oshiSkill,EFFECT_TEXT,website/public/cards.json#/cards[id=1482;1598]/oshiSkill,website/lib/simulator/engine.mjs#hbp09Legacy_resolveNormalOshiSkill hBP06-005,ALIGNED,,NO_DIRECT_TEST,Static trace: normal skill requires SP used this match; draws only the shortfall to the rolled hand count.
hBP06-005:spOshiSkill,hBP06-005,ハコス・ベールズ,spOshiSkill,EFFECT_TEXT,website/public/cards.json#/cards[id=1482;1598]/spOshiSkill,website/lib/simulator/engine.mjs#hbp09Legacy_resolveSpOshiSkill hBP06-005,ALIGNED,,NO_DIRECT_TEST,Static trace: rolls once and selects exactly the rolled number of hand cards for Archive.
hBP06-006:oshiSkill,hBP06-006,ムーナ・ホシノヴァ,oshiSkill,EFFECT_TEXT,website/public/cards.json#/cards[id=1483;1599]/oshiSkill,website/lib/simulator/engine.mjs#queueOshiAfterSpecialDamage moonaFanout,ALIGNED,,FOCUSED_PASS,"website/tests/simulator-reaction-audit.test.mjs: only after opponent special damage, one Center/Collab 20 each, requires and pays Holo Power."
hBP06-006:spOshiSkill,hBP06-006,ムーナ・ホシノヴァ,spOshiSkill,EFFECT_TEXT,website/public/cards.json#/cards[id=1483;1599]/spOshiSkill,website/lib/simulator/engine.mjs#hbp09Legacy_resolveSpOshiSkill/oshiCheerDeckDistribute,FIXED,website/lib/simulator/engine.mjs#oshiCheerDeckDistribute removed false Cheer-archive trigger,FOCUSED_PASS,website/tests/simulator-hbp06-006-sp-alignment.test.mjs: red before repair (archive-only SPY-C1000 Gift drew); revealed Cheer now transfers to ID1 without archive-trigger draw.
hBP06-007:oshiSkill,hBP06-007,ロボ子さん,oshiSkill,EFFECT_TEXT,website/public/cards.json#/cards[id=1484;1600]/oshiSkill,website/lib/simulator/engine.mjs#queueOshiKnockoutEffects robocoReturn/oshiKnockout,ALIGNED,,FOCUSED_PASS,"website/tests/simulator-roboco-recovery-batch306.test.mjs: opponent-turn Roboco KO, optional skill acceptance, top-two Archive and mandatory Roboco return."
hBP06-007:spOshiSkill,hBP06-007,ロボ子さん,spOshiSkill,EFFECT_TEXT,website/public/cards.json#/cards[id=1484;1600]/spOshiSkill,website/lib/simulator/engine.mjs#hbp09Legacy_resolveSpOshiSkill/oshiRobocoDiscard/oshiRobosaAttach,ALIGNED,,NO_DIRECT_TEST,"Static trace: draw 2, archive exactly 2, then optionally attach any selected archived ころさー cards to own Roboco."
hBP06-008:oshiSkill,hBP06-008,夏色まつり,oshiSkill,EFFECT_TEXT,website/public/cards.json#/cards[id=1485;1601;1605]/oshiSkill,website/lib/simulator/engine.mjs#hbp09Legacy_resolveNormalOshiSkill/deckToHandShuffle matsuriTopToHoloPower,FIXED,website/lib/simulator/engine.mjs#deckToHandShuffle matsuriTopToHoloPower,FOCUSED_PASS,website/tests/simulator-hbp06-008-equality.test.mjs: red before repair (selectable deck top had already moved to Holo Power and resolution threw); search/shuffle now completes before taking the new deck top.
hBP06-008:spOshiSkill,hBP06-008,夏色まつり,spOshiSkill,EFFECT_TEXT,website/public/cards.json#/cards[id=1485;1601;1605]/spOshiSkill,website/lib/simulator/engine.mjs#hbp09Legacy_resolveSpOshiSkill hBP06-008/limitedAllowance,ALIGNED,,FOCUSED_PASS,website/tests/simulator-matsuri-oshi-batch305.test.mjs: requires own Center Matsuri and grants two LIMITED plays.
hBP06-009:arts.0,hBP06-009,ラオーラ・パンテーラ,arts.0,BASIC_ACTION,website/public/cards.json#/cards[id=1486;1606]/arts.0,engine.mjs#applyAttack base Arts dispatch; catalog cost 無色 and damage 30,ALIGNED,,NO_DIRECT_TEST,Static trace: basic Arts cost and printed damage flow through the shared attack resolver.
hBP06-009:keyword,hBP06-009,ラオーラ・パンテーラ,keyword,EFFECT_TEXT,website/public/cards.json#/cards[id=1486;1606]/keyword,engine.mjs#hbp09Legacy_giftDamageAdjustment/giftZoneApplies; Center-only Gift reduces own Collab damage by 10,ALIGNED,,FOCUSED_PASS,website/tests/simulator-gift-source-batch310.test.mjs: both source-player cases retain the 10 damage reduction on own Collab.
hBP06-010:arts.0,hBP06-010,ラオーラ・パンテーラ,arts.0,BASIC_ACTION,website/public/cards.json#/cards[id=1487;2187]/arts.0,engine.mjs#applyAttack base Arts dispatch; catalog cost 無色 and damage 30,ALIGNED,,NO_DIRECT_TEST,Static trace: basic Arts cost and printed damage flow through the shared attack resolver.
hBP06-010:keyword,hBP06-010,ラオーラ・パンテーラ,keyword,EFFECT_TEXT,website/public/cards.json#/cards[id=1487;2187]/keyword,"engine.mjs#hbp09Legacy_queueCollabEffects hBP06-010; second-player first-turn gate; queueDeckCardsToStage Debut/Spot, one required, shuffle",ALIGNED,,FOCUSED_PASS,website/tests/simulator-deploy-batch146.test.mjs: required Debut and Spot choices deploy and finish without a pending choice.
hBP06-011:arts.0,hBP06-011,ラオーラ・パンテーラ,arts.0,BASIC_ACTION,website/public/cards.json#/cards[id=1488;1607]/arts.0,engine.mjs#applyAttack base Arts dispatch; catalog cost 無色 and damage 30,ALIGNED,,NO_DIRECT_TEST,Static trace: basic Arts cost and printed damage flow through the shared attack resolver.
hBP06-011:keyword,hBP06-011,ラオーラ・パンテーラ,keyword,EFFECT_TEXT,website/public/cards.json#/cards[id=1488;1607]/keyword,engine.mjs#hbp09Legacy_queueCollabEffects hBP06-011; required #Justice Debut/1st deck search and shuffle,ALIGNED,,FOCUSED_PASS,"website/tests/simulator-search-batch144.test.mjs: required #Justice Debut is selected, added to hand, and the choice completes."
hBP06-012:arts.0,hBP06-012,ラオーラ・パンテーラ,arts.0,BASIC_ACTION,website/public/cards.json#/cards[id=1489;1608]/arts.0,engine.mjs#applyAttack base Arts dispatch; catalog cost 白 and damage 30,ALIGNED,,NO_DIRECT_TEST,Static trace: first Arts has no effect text; printed cost and damage use the shared attack resolver.
hBP06-012:arts.1,hBP06-012,ラオーラ・パンテーラ,arts.1,EFFECT_TEXT,website/public/cards.json#/cards[id=1489;1608]/arts.1,engine.mjs#hbp09Legacy_resolveGenericArtEffects to queueSimpleTriggeredKeyword drawMatch; draws 2 from own deck,ALIGNED,,FOCUSED_PASS,website/tests/simulator-hbp06-012-draw-alignment.test.mjs: second Arts moves exactly the first two own-deck cards to hand.
hBP06-013:arts.0,hBP06-013,ラオーラ・パンテーラ,arts.0,EFFECT_TEXT,website/public/cards.json#/cards[id=1490;1609]/arts.0,engine.mjs#hbp09Legacy_resolveGenericArtEffects hBP06-013:0; Center gate; all own Collab #絵 targets get +20 this turn,ALIGNED,,NO_DIRECT_TEST,"Static trace: only Collab #絵 units are modified, with current-turn expiry."
hBP06-013:extra,hBP06-013,ラオーラ・パンテーラ,extra,EFFECT_TEXT,website/public/cards.json#/cards[id=1490;1609]/extra,engine.mjs#finishKnockoutLife printedLifeLoss; Buzz knockout replaces one Life with two,ALIGNED,,FOCUSED_PASS,website/tests/simulator-search-batch144.test.mjs: hBP06-013 Buzz knockout loses 2 Life when enabled and none when loseLife=false.
hBP06-013:keyword,hBP06-013,ラオーラ・パンテーラ,keyword,EFFECT_TEXT,website/public/cards.json#/cards[id=1490;1609]/keyword,engine.mjs#hbp09Legacy_queueCollabEffects hBP06-013; required Chattino deck search and shuffle on Bloom,ALIGNED,,FOCUSED_PASS,website/tests/simulator-search-batch144.test.mjs: required Chattino target is added to hand and the choice completes.
hBP06-014:arts.0,hBP06-014,ラオーラ・パンテーラ,arts.0,EFFECT_TEXT,website/public/cards.json#/cards[id=1491;1610;1611]/arts.0,engine.mjs#hbp09Legacy_resolveGenericArtEffects hBP06-014:0/artBuffTarget; Center gate; own Collab #絵 gets +50 Arts and -1 colorless cost; specialValues adds 50 vs Purple,ALIGNED,,NO_DIRECT_TEST,"Static trace: target filter, turn modifiers, attack-cost modifier and catalog Purple bonus all reach applyAttack."
hBP06-014:keyword,hBP06-014,ラオーラ・パンテーラ,keyword,EFFECT_TEXT,website/public/cards.json#/cards[id=1491;1610;1611]/keyword,"engine.mjs#queueGiftArtUseEffects/giftRaoraPowerPick/giftHandToPower; choose Holo Power, move one hand card back, shuffle",ALIGNED,,NO_DIRECT_TEST,Static trace: Gift queues only when Holo Power exists; selection and mandatory hand-to-power continuation are wired.
hBP06-015:arts.0,hBP06-015,響咲リオナ,arts.0,BASIC_ACTION,website/public/cards.json#/cards[id=1492;1706;1719]/arts.0,engine.mjs#applyAttack base Arts dispatch; catalog cost 無色 and damage 30,ALIGNED,,NO_DIRECT_TEST,Static trace: basic Arts cost and printed damage flow through the shared attack resolver.
hBP06-015:extra,hBP06-015,響咲リオナ,extra,EFFECT_TEXT,website/public/cards.json#/cards[id=1492;1706;1719]/extra,engine.mjs#validateBattleDeck maxCopies; local catalog marks unlimited=true/maxCopies=99; cardIsUnlimitedDebut honors unlimited text,ALIGNED,,NO_DIRECT_TEST,"Static trace: maxCopies 99 exceeds the 50-card Main Deck cap, so this copy allowance is effectively unlimited."
hBP06-016:arts.0,hBP06-016,響咲リオナ,arts.0,BASIC_ACTION,website/public/cards.json#/cards[id=1493;1738]/arts.0,engine.mjs#applyAttack base Arts dispatch; catalog cost 無色 and damage 20,ALIGNED,,NO_DIRECT_TEST,Static trace: basic Arts cost and printed damage flow through the shared attack resolver.
hBP06-016:keyword,hBP06-016,響咲リオナ,keyword,EFFECT_TEXT,website/public/cards.json#/cards[id=1493;1738]/keyword,"engine.mjs#hbp09Legacy_queueCollabEffects hBP06-016; second-player first-turn gate; #FLOW GLOW plus Collab-effect search, shuffle",ALIGNED,,FOCUSED_PASS,website/tests/simulator-flow-search-batch145.test.mjs: eligible turn selects one matching card; first-player and later-turn cases do not search.
hBP06-017:arts.0,hBP06-017,響咲リオナ,arts.0,BASIC_ACTION,website/public/cards.json#/cards[id=1494;1612]/arts.0,engine.mjs#applyAttack base Arts dispatch; catalog cost 無色 and damage 40,ALIGNED,,NO_DIRECT_TEST,Static trace: basic Arts cost and printed damage flow through the shared attack resolver.
hBP06-017:arts.1,hBP06-017,響咲リオナ,arts.1,BASIC_ACTION,website/public/cards.json#/cards[id=1494;1612]/arts.1,engine.mjs#applyAttack base Arts dispatch; catalog cost 白+無色 and damage 60,ALIGNED,,NO_DIRECT_TEST,Static trace: basic Arts costs and printed damage flow through the shared attack resolver.
hBP06-018:arts.0,hBP06-018,響咲リオナ,arts.0,EFFECT_TEXT,website/public/cards.json#/cards[id=1495;1613;2195]/arts.0,engine.mjs#hbp09Legacy_resolveGenericArtEffects hBP06-018/019 art0; archive one top Main Deck card without shuffle,ALIGNED,,FOCUSED_PASS,website/tests/simulator-toparchive-batch143.test.mjs: top card moves to Archive; empty deck is safe; damage and archive counter are retained.
hBP06-018:keyword,hBP06-018,響咲リオナ,keyword,EFFECT_TEXT,website/public/cards.json#/cards[id=1495;1613;2195]/keyword,engine.mjs#hbp09Legacy_queueCollabEffects generic queueSimpleTriggeredKeyword; required own #FLOW GLOW target receives +20 Arts this turn,ALIGNED,,NO_DIRECT_TEST,Static trace: generic Collab-effect dispatcher queues one matching target and applies the current-turn Arts modifier.
hBP06-019:arts.0,hBP06-019,響咲リオナ,arts.0,EFFECT_TEXT,website/public/cards.json#/cards[id=1496;1614]/arts.0,engine.mjs::hbp09Legacy_resolveGenericArtEffects#hBP06-019:0,ALIGNED,,FOCUSED_PASS,simulator-toparchive-batch143.test.mjs
hBP06-019:keyword,hBP06-019,響咲リオナ,keyword,EFFECT_TEXT,website/public/cards.json#/cards[id=1496;1614]/keyword,engine.mjs::simpleKeywordCondition->queueGenericKeywordCostEffects->genericKeywordMainDeckCost->resolveGenericKeywordRemainder,ALIGNED,,FOCUSED_PASS,simulator-hbp06-019-bloom-alignment.test.mjs
hBP06-020:arts.0,hBP06-020,響咲リオナ,arts.0,EFFECT_TEXT,website/public/cards.json#/cards[id=1497;1615;1616]/arts.0,engine.mjs::hbp09Legacy_resolveGenericArtEffects#hBP06-020:0,ALIGNED,,FOCUSED_PASS,simulator-resonance-batch321.test.mjs
hBP06-020:keyword,hBP06-020,響咲リオナ,keyword,EFFECT_TEXT,website/public/cards.json#/cards[id=1497;1615;1616]/keyword,engine.mjs::queueGiftKnockoutEffects#hBP06-020->giftFlowGlowKo,ALIGNED,,FOCUSED_PASS,simulator-hbp06-020-ko-gift-alignment.test.mjs|simulator-deck-archive-counter-audit.test.mjs
hBP06-021:arts.0,hBP06-021,博衣こより,arts.0,EFFECT_TEXT,website/public/cards.json#/cards[id=1498;1617]/arts.0,engine.mjs::resolveArtEffect#hBP06-021:0->artArchiveToBottomCost,ALIGNED,,NO_DIRECT_TEST,
hBP06-021:keyword,hBP06-021,博衣こより,keyword,EFFECT_TEXT,website/public/cards.json#/cards[id=1498;1617]/keyword,engine.mjs::queueSimpleTriggeredKeyword#hBP06-021->koyoriLabBuff,ALIGNED,,FOCUSED_PASS,simulator-koyori-lab-batch318.test.mjs
hBP06-022:arts.0,hBP06-022,風真いろは,arts.0,BASIC_ACTION,website/public/cards.json#/cards[id=1499;1618;1732]/arts.0,engine.mjs::applyAction.attack->cataloguedArtsCostAndDamage,ALIGNED,,NO_DIRECT_TEST,
hBP06-023:arts.0,hBP06-023,風真いろは,arts.0,BASIC_ACTION,website/public/cards.json#/cards[id=1500;2048]/arts.0,engine.mjs::applyAction.attack->cataloguedArtsCostAndDamage,ALIGNED,,NO_DIRECT_TEST,
hBP06-023:keyword,hBP06-023,風真いろは,keyword,EFFECT_TEXT,website/public/cards.json#/cards[id=1500;2048]/keyword,engine.mjs::queueStageCollabEffects->queueSimpleTriggeredKeyword->simpleSearchRule->queueDeckToHand,FIXED,engine.mjs::simpleSearchRule Buzz成員 filter,FOCUSED_PASS,simulator-hbp06-023-buzz-search-alignment.test.mjs|simulator-search-batch166.test.mjs
hBP06-024:arts.0,hBP06-024,風真いろは,arts.0,BASIC_ACTION,website/public/cards.json#/cards[id=1501;2180;1619]/arts.0,engine.mjs::applyAction.attack->cataloguedArtsCostAndDamage,ALIGNED,,NO_DIRECT_TEST,
hBP06-025:arts.0,hBP06-025,風真いろは,arts.0,BASIC_ACTION,website/public/cards.json#/cards[id=1502;1620]/arts.0,engine.mjs::applyAction.attack->cataloguedArtsCostAndDamage,ALIGNED,,NO_DIRECT_TEST,
hBP06-025:keyword,hBP06-025,風真いろは,keyword,EFFECT_TEXT,website/public/cards.json#/cards[id=1502;1620]/keyword,engine.mjs::giftArtsBonus->hbp09Legacy_giftArtsBonus#hBP06-025,ALIGNED,,NO_DIRECT_TEST,
hBP06-026:arts.0,hBP06-026,風真いろは,arts.0,BASIC_ACTION,website/public/cards.json#/cards[id=1503;1621]/arts.0,engine.mjs::applyAction.attack->cataloguedArtsCostAndDamage,ALIGNED,,NO_DIRECT_TEST,
hBP06-026:extra,hBP06-026,風真いろは,extra,EFFECT_TEXT,website/public/cards.json#/cards[id=1503;1621]/extra,engine.mjs::finishKnockoutLife Buzz replacement,ALIGNED,,FOCUSED_PASS,simulator-buzz-life-audit.test.mjs
hBP06-026:keyword,hBP06-026,風真いろは,keyword,EFFECT_TEXT,website/public/cards.json#/cards[id=1503;1621]/keyword,engine.mjs::queueStageGiftCollabEffects#hBP06-026,ALIGNED,,NO_DIRECT_TEST,
hBP06-027:arts.0,hBP06-027,風真いろは,arts.0,EFFECT_TEXT,website/public/cards.json#/cards[id=1504;1622;1623]/arts.0,engine.mjs::resolveArtEffect#hBP06-027:0 and dealArtsDamage,ALIGNED,,FOCUSED_PASS,simulator-iroha-arts-batch331.test.mjs
hBP06-027:keyword,hBP06-027,風真いろは,keyword,EFFECT_TEXT,website/public/cards.json#/cards[id=1504;1622;1623]/keyword,engine.mjs::queueGiftKnockoutEffects#hBP06-027->irohaGiftBloom,ALIGNED,,FOCUSED_PASS,simulator-iroha-gift-batch332.test.mjs
hBP06-028:arts.0,hBP06-028,姫森ルーナ,arts.0,BASIC_ACTION,website/public/cards.json#/cards[id=1505;1624]/arts.0,engine.mjs::applyAction.attack->cataloguedArtsCostAndDamage,ALIGNED,,NO_DIRECT_TEST,
hBP06-029:arts.0,hBP06-029,姫森ルーナ,arts.0,EFFECT_TEXT,website/public/cards.json#/cards[id=1506;1625]/arts.0,engine.mjs::hbp09Legacy_resolveGenericArtEffects#hBP06-029:0,ALIGNED,,FOCUSED_PASS,simulator-luna-batch147.test.mjs: fan-gated top Cheer attachment; use or skip resolves.
hBP06-029:arts.1,hBP06-029,姫森ルーナ,arts.1,BASIC_ACTION,website/public/cards.json#/cards[id=1506;1625]/arts.1,engine.mjs::hbp09Legacy_resolveGenericArtEffects#base Arts damage/cost,ALIGNED,,NO_DIRECT_TEST,Static trace: local text has 80 damage and three colorless cost; generic action uses catalog values.
hBP06-030:arts.0,hBP06-030,姫森ルーナ,arts.0,EFFECT_TEXT,website/public/cards.json#/cards[id=1507;1626]/arts.0,engine.mjs::queueArchiveSupportAttachment->simpleSearchRule->cheerTargetRuleFromText,ALIGNED,,NO_DIRECT_TEST,Static trace: optional archived Lunaite selection targets own Luna; shared attachment resolver validates target.
hBP06-030:keyword,hBP06-030,姫森ルーナ,keyword,EFFECT_TEXT,website/public/cards.json#/cards[id=1507;1626]/keyword,engine.mjs::lunaiteArchiveReplacement/queueLunaiteArchiveReplacements,ALIGNED,,FOCUSED_PASS,"simulator-lunaite-audit.test.mjs: opponent-turn Center replacement, optional Back Luna transfer, and invalid-target exclusions."
hBP06-031:arts.0,hBP06-031,姫森ルーナ,arts.0,EFFECT_TEXT,website/public/cards.json#/cards[id=1508;1627;1628]/arts.0,engine.mjs::hbp09Legacy_resolveGenericArtEffects#hBP06-031:0,ALIGNED,,FOCUSED_PASS,"simulator-luna-batch147.test.mjs: Arts damage at 1, 2, and 3 attached Lunaite."
hBP06-031:keyword,hBP06-031,姫森ルーナ,keyword,EFFECT_TEXT,website/public/cards.json#/cards[id=1508;1627;1628]/keyword,engine.mjs::queueBloomEffects#hBP06-031/lunaiteArchiveCost,ALIGNED,,NO_DIRECT_TEST,"Static trace: Luna Oshi gate, optional archive of up to two stage Lunaite, and one top Cheer attachment per archived Lunaite."
hBP06-032:arts.0,hBP06-032,セシリア・イマーグリーン,arts.0,BASIC_ACTION,website/public/cards.json#/cards[id=1510;1630]/arts.0,engine.mjs::hbp09Legacy_resolveGenericArtEffects#base Arts damage/cost,ALIGNED,,NO_DIRECT_TEST,Static trace: local text has 20 damage and one colorless cost.
hBP06-032:keyword,hBP06-032,セシリア・イマーグリーン,keyword,EFFECT_TEXT,website/public/cards.json#/cards[id=1510;1630]/keyword,engine.mjs::queueSimpleTriggeredKeyword#hBP06-032,ALIGNED,,FOCUSED_PASS,"simulator-justice-batch148.test.mjs: excludes source, targets another #Justice Holomen, and leaves Cheer deck unchanged without a target."
hBP06-033:arts.0,hBP06-033,儒烏風亭らでん,arts.0,EFFECT_TEXT,website/public/cards.json#/cards[id=1509;1629;2046]/arts.0,engine.mjs::queueGenericArtEffects/archive-cheer target parser,ALIGNED,,NO_DIRECT_TEST,Static trace: optional one archived Cheer and own #ReGLOSS target filter.
hBP06-033:keyword,hBP06-033,儒烏風亭らでん,keyword,EFFECT_TEXT,website/public/cards.json#/cards[id=1509;1629;2046]/keyword,engine.mjs::queueBloomEffects#hBP06-033/currentTurnEvents,ALIGNED,,NO_DIRECT_TEST,"Static trace: current-turn #きのこ Event check, named once-per-turn usage, and exact draw of two."
hBP06-034:arts.0,hBP06-034,百鬼あやめ,arts.0,EFFECT_TEXT,website/public/cards.json#/cards[id=1511;1631;2058]/arts.0,engine.mjs::queueArtHandArchiveCost/resolveArtHandArchiveCost#buffCenterAyame,ALIGNED,,NO_DIRECT_TEST,Static trace: optional one hand archive; only Center Ayame receives this-turn Arts +30.
hBP06-035:arts.0,hBP06-035,百鬼あやめ,arts.0,BASIC_ACTION,website/public/cards.json#/cards[id=1512;1739]/arts.0,engine.mjs::hbp09Legacy_resolveGenericArtEffects#base Arts damage/cost,ALIGNED,,NO_DIRECT_TEST,Static trace: local text has 20 damage and one colorless cost.
hBP06-035:keyword,hBP06-035,百鬼あやめ,keyword,EFFECT_TEXT,website/public/cards.json#/cards[id=1512;1739]/keyword,engine.mjs::queueSimpleTriggeredKeyword#hBP06-035/queueDeckAttachmentToStage,FIXED,engine.mjs#hBP06-035 supportItem and supportItemLimited deck filters,FOCUSED_PASS,simulator-ayame-attachment-batch312.test.mjs: regression was red for hBP01-103 and hBP01-104 before the filter fix; both now attach to Ayame.
hBP06-036:arts.0,hBP06-036,百鬼あやめ,arts.0,EFFECT_TEXT,website/public/cards.json#/cards[id=1513;1632]/arts.0,engine.mjs::queueGenericArtEffects/generic top-Cheer archive then draw,ALIGNED,,NO_DIRECT_TEST,Static trace: optional top Cheer archive resolves before drawing one card.
hBP06-036:keyword,hBP06-036,百鬼あやめ,keyword,EFFECT_TEXT,website/public/cards.json#/cards[id=1513;1632]/keyword,engine.mjs::queueSimpleTriggeredKeyword#hBP06-036/queueDeckToHand,ALIGNED,,FOCUSED_PASS,simulator-ayame-search-batch151.test.mjs: exact three named search candidates; adds selected card and shuffles.
hBP06-037:arts.0,hBP06-037,百鬼あやめ,arts.0,EFFECT_TEXT,website/public/cards.json#/cards[id=1514;1633]/arts.0,engine.mjs::queueGenericArtEffects/specialDamage target parser,ALIGNED,,FOCUSED_PASS,simulator-ayame-batch149.test.mjs: paid top Cheer cost requires Center/Collab special damage; decline causes neither.
hBP06-037:keyword,hBP06-037,百鬼あやめ,keyword,EFFECT_TEXT,website/public/cards.json#/cards[id=1514;1633]/keyword,engine.mjs::resolveGenericKeywordRemainder/archiveCheerToCheerBottom,ALIGNED,,NO_DIRECT_TEST,Static trace: optional exact two red archive Cheers; selected order is placed at Cheer-deck bottom.
hBP06-038:arts.0,hBP06-038,百鬼あやめ,arts.0,EFFECT_TEXT,website/public/cards.json#/cards[id=1515;1634]/arts.0,engine.mjs::queueGenericArtEffects/top-Cheer cost/specialDamage,ALIGNED,,FOCUSED_PASS,simulator-ayame-batch150.test.mjs: optional top Cheer archive gates mandatory Center/Collab 20 special damage.
hBP06-038:keyword,hBP06-038,百鬼あやめ,keyword,EFFECT_TEXT,website/public/cards.json#/cards[id=1515;1634]/keyword,engine.mjs::resolveGenericKeywordRemainder#hBP06-038/archive-to-hand,ALIGNED,,FOCUSED_PASS,simulator-ayame-batch150.test.mjs: optional top Cheer payment gates required archive-to-hand Ayame recovery.
hBP06-039:arts.0,hBP06-039,百鬼あやめ,arts.0,EFFECT_TEXT,website/public/cards.json#/cards[id=1516;1635;1636;2141]/arts.0,engine.mjs::artConditionApplies/queueGenericKeywordCostEffects/genericKeywordCheerDeckCost,ALIGNED,,FOCUSED_PASS,"simulator-ayame-position-batch317.test.mjs: second-player Arts gate, 1–3 Cheer archive, +40 each, and decline without bonus."
hBP06-039:keyword,hBP06-039,百鬼あやめ,keyword,EFFECT_TEXT,website/public/cards.json#/cards[id=1516;1635;1636;2141]/keyword,engine.mjs::giftDamageAdjustment#hBP06-039/giftZoneApplies,ALIGNED,,FOCUSED_PASS,effect-audit-repeat-arts-rulings.test.mjs: Q712 Center Gift prevents Arts damage when owner has Collab and attacker has none.
hBP06-040:arts.0,hBP06-040,ハコス・ベールズ,arts.0,EFFECT_TEXT,website/public/cards.json#/cards[id=1517;1637]/arts.0,engine.mjs::resolveDiceArtEffects#hBP06-040/queueFixedSpecialDamage,ALIGNED,,NO_DIRECT_TEST,Static trace: odd result queues 10 special damage to each existing opponent Center and Collab; even result queues none.
hBP06-041:arts.0,hBP06-041,ハコス・ベールズ,arts.0,BASIC_ACTION,website/public/cards.json#/cards[id=1518;2051]/arts.0,engine.mjs::generic Arts damage/cost resolver,ALIGNED,,NO_DIRECT_TEST,Static trace: local text has 30 damage and one colorless cost.
hBP06-041:keyword,hBP06-041,ハコス・ベールズ,keyword,EFFECT_TEXT,website/public/cards.json#/cards[id=1518;2051]/keyword,engine.mjs::queueSimpleTriggeredKeyword#hBP06-041,ALIGNED,,FOCUSED_PASS,simulator-engine.test.mjs and simulator-lui-payment-audit.test.mjs: second-player first-turn draws three before mandatory two-card hand/archive payment.
hBP06-042:arts.0,hBP06-042,ハコス・ベールズ,arts.0,EFFECT_TEXT,website/public/cards.json#/cards[id=1519;1638]/arts.0,engine.mjs::queueArtHandArchiveCost#hBP06-042:0/artHandArchiveCost,ALIGNED,,NO_DIRECT_TEST,Static trace: optional two-card hand archive gives this Arts +20 only when paid.
hBP06-042:keyword,hBP06-042,ハコス・ベールズ,keyword,EFFECT_TEXT,website/public/cards.json#/cards[id=1519;1638]/keyword,engine.mjs::queueBloomEffects#hBP06-042/handToArchive,ALIGNED,,FOCUSED_PASS,"simulator-lui-payment-audit.test.mjs: mandatory archive precedes draw; checks hand, Holo Power substitution, and empty-resource cases."
hBP06-043:arts.0,hBP06-043,ハコス・ベールズ,arts.0,BASIC_ACTION,website/public/cards.json#/cards[id=1520;1639;2044]/arts.0,engine.mjs::generic Arts damage/cost resolver,ALIGNED,,NO_DIRECT_TEST,Static trace: local text has 30 damage and one red cost.
hBP06-043:keyword,hBP06-043,ハコス・ベールズ,keyword,EFFECT_TEXT,website/public/cards.json#/cards[id=1520;1639;2044]/keyword,engine.mjs::generic hand-archive cost/specialDamage target parser,ALIGNED,,FOCUSED_PASS,simulator-paid-front-batch153.test.mjs: optional Promise hand archive gates required Center/Collab special-damage target.
hBP06-044:arts.0,hBP06-044,ハコス・ベールズ,arts.0,EFFECT_TEXT,website/public/cards.json#/cards[id=1521;1640]/arts.0,engine.mjs::resolveDiceArtEffects#hBP06-044:0,ALIGNED,,NO_DIRECT_TEST,"Static trace: matching once-used SP Oshi skill gates one die; the one matching local SP name contains the checked dice marker, and the result scales Arts by 10 per pip."
hBP06-044:arts.1,hBP06-044,ハコス・ベールズ,arts.1,BASIC_ACTION,website/public/cards.json#/cards[id=1521;1640]/arts.1,engine.mjs::generic Arts damage/cost resolver,ALIGNED,,NO_DIRECT_TEST,Static trace: local text has 70 damage and two red cost.
hBP06-045:arts.0,hBP06-045,ハコス・ベールズ,arts.0,EFFECT_TEXT,website/public/cards.json#/cards[id=1522;1641;1642]/arts.0,engine.mjs::queueGenericArtCostEffects#hBP06-045:0/artArchiveToBottomCost,ALIGNED,,NO_DIRECT_TEST,Static trace: optional 1–5 archived Holomen go to main-deck bottom in chosen order; each adds 10 Arts.
hBP06-045:arts.1,hBP06-045,ハコス・ベールズ,arts.1,EFFECT_TEXT,website/public/cards.json#/cards[id=1522;1641;1642]/arts.1,engine.mjs::hbp09Legacy_resolveGenericArtEffects#hBP06-045:1,ALIGNED,,FOCUSED_PASS,"simulator-named-sp-batch320.test.mjs: exact SP skill identity, mandatory target, and no damage when skill is unused/wrong."
hBP06-046:arts.0,hBP06-046,鷹嶺ルイ,arts.0,EFFECT_TEXT,website/public/cards.json#/cards[id=1523;1643]/arts.0,engine.mjs::generic hand-archive cost/specialDamage target parser,ALIGNED,,FOCUSED_PASS,simulator-paid-front-batch153.test.mjs: two-card archive cost gates required Center/Collab special damage.
hBP06-046:keyword,hBP06-046,鷹嶺ルイ,keyword,EFFECT_TEXT,website/public/cards.json#/cards[id=1523;1643]/keyword,engine.mjs::hbp09Legacy_giftArtsBonus#hBP06-046/giftZoneApplies,ALIGNED,,NO_DIRECT_TEST,"Static trace: source must be the Gift Holomen, its SP Oshi skill must have been used, and the Oshi must be Lui with Hawk Eye."
hBP06-047:arts.0,hBP06-047,一条莉々華,arts.0,EFFECT_TEXT,website/public/cards.json#/cards[id=1524;1644]/arts.0,engine.mjs::queueGenericArtEffects#fallbackCenterSpecialDamage/artConditionApplies,ALIGNED,,NO_DIRECT_TEST,"Static trace: Collab-only use restriction; targets opposing Collab when present, otherwise Center."
hBP06-047:keyword,hBP06-047,一条莉々華,keyword,EFFECT_TEXT,website/public/cards.json#/cards[id=1524;1644]/keyword,engine.mjs::simpleKeywordCondition#oshiName/archiveNamedCount/drawMatch,ALIGNED,,NO_DIRECT_TEST,Static trace: Ririka Oshi and two archived Limit Meal name conditions gate exactly two draws.
hBP06-048:arts.0,hBP06-048,ムーナ・ホシノヴァ,arts.0,EFFECT_TEXT,website/public/cards.json#/cards[id=1525;1645]/arts.0,engine.mjs::hbp09Legacy_resolveGenericArtEffects#hBP06-048:0,ALIGNED,,FOCUSED_PASS,simulator-moon-batch152.test.mjs: non-Blue Cheer enables 10 non-life-losing Back special damage; Blue blocks it.
hBP06-049:arts.0,hBP06-049,ムーナ・ホシノヴァ,arts.0,BASIC_ACTION,website/public/cards.json#/cards[id=1526;2053]/arts.0,engine.mjs#attack; catalogued cost and 20 damage,ALIGNED,,NO_DIRECT_TEST,
hBP06-049:keyword,hBP06-049,ムーナ・ホシノヴァ,keyword,EFFECT_TEXT,website/public/cards.json#/cards[id=1526;2053]/keyword,engine.mjs#queueSimpleTriggeredKeyword hBP06-049; second-player first-turn blue Cheer search restricted to Moona then shuffle,ALIGNED,,FOCUSED_PASS,website/tests/simulator-moona-blue-batch311.test.mjs
hBP06-050:arts.0,hBP06-050,ムーナ・ホシノヴァ,arts.0,EFFECT_TEXT,website/public/cards.json#/cards[id=1527;1646]/arts.0,engine.mjs#hBP06-050 art handler; 10 special damage targets opposing Back only,ALIGNED,,FOCUSED_PASS,website/tests/simulator-moon-batch152.test.mjs
hBP06-050:arts.1,hBP06-050,ムーナ・ホシノヴァ,arts.1,BASIC_ACTION,website/public/cards.json#/cards[id=1527;1646]/arts.1,engine.mjs#attack; catalogued cost and 80 damage,ALIGNED,,NO_DIRECT_TEST,
hBP06-051:arts.0,hBP06-051,ムーナ・ホシノヴァ,arts.0,BASIC_ACTION,website/public/cards.json#/cards[id=1528;1647]/arts.0,engine.mjs#attack; catalogued cost and 30 damage,ALIGNED,,NO_DIRECT_TEST,
hBP06-051:arts.1,hBP06-051,ムーナ・ホシノヴァ,arts.1,EFFECT_TEXT,website/public/cards.json#/cards[id=1528;1647]/arts.1,engine.mjs#hbp09Legacy_resolveGenericArtEffects -> queueSimpleTriggeredKeyword -> genericKeywordCheerCost; optional source Cheer archive then draw,ALIGNED,,FOCUSED_PASS,website/tests/simulator-hbp06-049-058-alignment.test.mjs (Moona Oshi gate and exact archive/draw)
hBP06-052:arts.0,hBP06-052,ムーナ・ホシノヴァ,arts.0,EFFECT_TEXT,website/public/cards.json#/cards[id=1529;1648]/arts.0,engine.mjs#artConditionApplies and hbp09Legacy_resolveGenericArtEffects; Moona Oshi plus four source Cheer gate +60,ALIGNED,,FOCUSED_PASS,website/tests/simulator-hbp06-049-058-alignment.test.mjs (four Cheer and Oshi conditions)
hBP06-052:extra,hBP06-052,ムーナ・ホシノヴァ,extra,EFFECT_TEXT,website/public/cards.json#/cards[id=1529;1648]/extra,engine.mjs#knockOutUnit Buzz Extra; replaces normal one-Life loss with two,ALIGNED,,FOCUSED_PASS,website/tests/simulator-moona-newmoon-batch327.test.mjs
hBP06-052:keyword,hBP06-052,ムーナ・ホシノヴァ,keyword,EFFECT_TEXT,website/public/cards.json#/cards[id=1529;1648]/keyword,engine.mjs#queueGiftDamageDealtTriggers hBP06-052 -> moonaNewMoon; optional equal-current-damage special after Arts damage,ALIGNED,,FOCUSED_PASS,website/tests/simulator-moona-newmoon-batch327.test.mjs
hBP06-053:arts.0,hBP06-053,ムーナ・ホシノヴァ,arts.0,EFFECT_TEXT,website/public/cards.json#/cards[id=1530;1649;1650]/arts.0,engine.mjs#hBP06-053 art handler; four source Cheer gates 90 special to opposing Center or Collab,ALIGNED,,FOCUSED_PASS,website/tests/simulator-tidal-batch154.test.mjs
hBP06-053:keyword,hBP06-053,ムーナ・ホシノヴァ,keyword,EFFECT_TEXT,website/public/cards.json#/cards[id=1530;1649;1650]/keyword,engine.mjs#queueCollabEffects hBP06-053 -> specialDamageEqualCurrentDamage; Center or Collab,ALIGNED,,FOCUSED_PASS,website/tests/simulator-engine.test.mjs (Moona Collab test)
hBP06-054:arts.0,hBP06-054,雪花ラミィ,arts.0,EFFECT_TEXT,website/public/cards.json#/cards[id=1533;1653]/arts.0,engine.mjs#hbp09Legacy_resolveGenericArtEffects perNamedAttachment; each attached Snowpeople adds 10 Arts,ALIGNED,,FOCUSED_PASS,website/tests/simulator-hbp06-049-058-alignment.test.mjs (two Snowpeople add 20)
hBP06-054:keyword,hBP06-054,雪花ラミィ,keyword,EFFECT_TEXT,website/public/cards.json#/cards[id=1533;1653]/keyword,engine.mjs#queueBloomEffects hBP06-054; Snowpeople gate 20 special and one/two draw based on count,ALIGNED,,FOCUSED_PASS,website/tests/simulator-engine.test.mjs (Lamy Bloom test)
hBP06-055:arts.0,hBP06-055,沙花叉クロヱ,arts.0,EFFECT_TEXT,website/public/cards.json#/cards[id=1531;1651]/arts.0,engine.mjs#hbp09Legacy_resolveGenericArtEffects top reveal; per-Holomen bonus; archive and Event draw-two,ALIGNED,,FOCUSED_PASS,website/tests/simulator-hbp06-049-058-alignment.test.mjs (four reveals two Holomen one Event)
hBP06-055:keyword,hBP06-055,沙花叉クロヱ,keyword,EFFECT_TEXT,website/public/cards.json#/cards[id=1531;1651]/keyword,engine.mjs#queueCollabEffects hBP06-055; Shion Oshi gate; three opponent archive Cheer then optional own Cheer to Shion,ALIGNED,,FOCUSED_PASS,website/tests/simulator-hbp06-049-058-alignment.test.mjs (both attachment sequences)
hBP06-056:arts.0,hBP06-056,沙花叉クロヱ,arts.0,EFFECT_TEXT,website/public/cards.json#/cards[id=1532;1652]/arts.0,engine.mjs#hbp09Legacy_resolveGenericArtEffects top reveal; per-Holomen bonus; archive regex now accepts 加入檔案區域,FIXED,website/lib/simulator/engine.mjs; website/tests/simulator-chloe-batch155.test.mjs,FOCUSED_PASS,website/tests/simulator-chloe-batch155.test.mjs (red before fix; all six cards archived and counter updated)
hBP06-056:keyword,hBP06-056,沙花叉クロヱ,keyword,EFFECT_TEXT,website/public/cards.json#/cards[id=1532;1652]/keyword,engine.mjs#effectiveArtCost; used 人生リセットボタン SP skill reduces 沙花叉と青春しよ？ colorless cost by one,ALIGNED,,FOCUSED_PASS,website/tests/simulator-chloe-batch155.test.mjs (SP name and used-state matrix)
hBP06-057:arts.0,hBP06-057,森カリオペ,arts.0,EFFECT_TEXT,website/public/cards.json#/cards[id=1534;1654;2059]/arts.0,engine.mjs#hBP06-057 art handler; draw one then require one hand card archived,ALIGNED,,FOCUSED_PASS,website/tests/simulator-hbp06-049-058-alignment.test.mjs (draw precedes hand archive)
hBP06-058:arts.0,hBP06-058,森カリオペ,arts.0,EFFECT_TEXT,website/public/cards.json#/cards[id=1535;2140;1655]/arts.0,engine.mjs#hBP06-058 art handler; source Purple Cheer gates draw; archive top two independently,ALIGNED,,FOCUSED_PASS,website/tests/simulator-calli-chef-audit.test.mjs (Purple and deck-size matrix)
hBP06-058:keyword,hBP06-058,森カリオペ,keyword,EFFECT_TEXT,website/public/cards.json#/cards[id=1535;2140;1655]/keyword,engine.mjs#queueCollabEffects hBP06-058; draw three then mandatory archive two from post-draw hand,ALIGNED,,FOCUSED_PASS,website/tests/simulator-calli-chef-audit.test.mjs (deck-size and hand-cost matrix)
hBP06-059:arts.0,hBP06-059,森カリオペ,arts.0,BASIC_ACTION,website/public/cards.json#/cards[id=1536;1656]/arts.0,engine.mjs#attack; catalogued cost and 80 damage,ALIGNED,,NO_DIRECT_TEST,
hBP06-059:keyword,hBP06-059,森カリオペ,keyword,EFFECT_TEXT,website/public/cards.json#/cards[id=1536;1656]/keyword,engine.mjs#queueSimpleTriggeredKeyword hBP06-059; three #EN gate then Blue/Purple Cheer search and stage attachment,ALIGNED,,FOCUSED_PASS,website/tests/simulator-calli-en-batch322.test.mjs
hBP06-060:arts.0,hBP06-060,森カリオペ,arts.0,EFFECT_TEXT,website/public/cards.json#/cards[id=1537;1657;1658]/arts.0,engine.mjs#hBP06-060 art0 -> calliBullseye; Oshi gate then optional top-two archive and top Cheer attachment,ALIGNED,,FOCUSED_PASS,website/tests/simulator-calli-optional-batch329.test.mjs (optional use and skip)
hBP06-060:arts.1,hBP06-060,森カリオペ,arts.1,EFFECT_TEXT,website/public/cards.json#/cards[id=1537;1657;1658]/arts.1,engine.mjs#hBP06-060 art1; #Myth target gets +20 and optional draw needs Calli Oshi plus eight archived Holomen,ALIGNED,,FOCUSED_PASS,website/tests/simulator-calli-optional-batch329.test.mjs (target and optional draw)
hBP06-061:arts.0,hBP06-061,ロボ子さん,arts.0,EFFECT_TEXT,website/public/cards.json#/cards[id=1538;1659]/arts.0,engine.mjs#hBP06-061 art0; named Robosa attachment enables 20 special damage to opposing Center,ALIGNED,,FOCUSED_PASS,website/tests/simulator-roboco-batch156.test.mjs (0–3 named attachments)
hBP06-062:arts.0,hBP06-062,ロボ子さん,arts.0,BASIC_ACTION,website/public/cards.json#/cards[id=1539;1740]/arts.0,engine.mjs#attack; catalogued cost and 30 damage,ALIGNED,,NO_DIRECT_TEST,
hBP06-062:keyword,hBP06-062,ロボ子さん,keyword,EFFECT_TEXT,website/public/cards.json#/cards[id=1539;1740]/keyword,engine.mjs#queueSimpleTriggeredKeyword hBP06-062; second-player first-turn search for up to two Robosa,ALIGNED,,FOCUSED_PASS,website/tests/simulator-roboco-pair-batch324.test.mjs
hBP06-063:arts.0,hBP06-063,ロボ子さん,arts.0,EFFECT_TEXT,website/public/cards.json#/cards[id=1540;1660]/arts.0,engine.mjs#simpleKeywordCondition Oshi name gate then generic one-card draw,ALIGNED,,FOCUSED_PASS,website/tests/simulator-hbp06-059-068-alignment.test.mjs (Roboco and non-Roboco Oshi)
hBP06-063:keyword,hBP06-063,ロボ子さん,keyword,EFFECT_TEXT,website/public/cards.json#/cards[id=1540;1660]/keyword,engine.mjs#simpleKeywordCondition namedStageAttachment then generic 20 special damage to opposing Center,ALIGNED,,FOCUSED_PASS,website/tests/simulator-hbp06-059-068-alignment.test.mjs (with and without stage Robosa)
hBP06-064:arts.0,hBP06-064,ロボ子さん,arts.0,BASIC_ACTION,website/public/cards.json#/cards[id=1541;1661]/arts.0,engine.mjs#attack; catalogued Purple cost and 40 damage,ALIGNED,,NO_DIRECT_TEST,
hBP06-064:keyword,hBP06-064,ロボ子さん,keyword,EFFECT_TEXT,website/public/cards.json#/cards[id=1541;1661]/keyword,engine.mjs#queueCollabEffects hBP06-064; Roboco Oshi gate; archive one or two hand cards then return equal named Robosa count,ALIGNED,,FOCUSED_PASS,website/tests/simulator-roboco-payment-batch323.test.mjs
hBP06-065:arts.0,hBP06-065,ロボ子さん,arts.0,EFFECT_TEXT,website/public/cards.json#/cards[id=1542;1662]/arts.0,engine.mjs#effectiveArtCost; preceding opposing-turn knockout removes one colorless requirement,ALIGNED,,FOCUSED_PASS,website/tests/simulator-hbp06-059-068-alignment.test.mjs (reduction and no-knockout cost failure)
hBP06-065:extra,hBP06-065,ロボ子さん,extra,EFFECT_TEXT,website/public/cards.json#/cards[id=1542;1662]/extra,engine.mjs#knockOutUnit Buzz Extra; two Life loss replaces normal one,ALIGNED,,FOCUSED_PASS,website/tests/simulator-roboco-gift-batch328.test.mjs
hBP06-065:keyword,hBP06-065,ロボ子さん,keyword,EFFECT_TEXT,website/public/cards.json#/cards[id=1542;1662]/keyword,engine.mjs#queueGiftArtUseEffects hBP06-065; only when this card is Bloomed from a 1st and uses Arts; 50 special to opposing Center/Collab,ALIGNED,,FOCUSED_PASS,website/tests/simulator-roboco-gift-batch328.test.mjs
hBP06-066:arts.0,hBP06-066,ロボ子さん,arts.0,EFFECT_TEXT,website/public/cards.json#/cards[id=1543;1663;1664]/arts.0,engine.mjs#hBP06-066 art0; at least three Robosa attachments enables 70 special to opposing Center/Collab,ALIGNED,,FOCUSED_PASS,website/tests/simulator-roboco-batch156.test.mjs (0–3 named attachments)
hBP06-066:keyword,hBP06-066,ロボ子さん,keyword,EFFECT_TEXT,website/public/cards.json#/cards[id=1543;1663;1664]/keyword,engine.mjs#queueGiftArtUseEffects hBP06-066; Center Gift triggers only for own #0 Collab source and archives deck top then shuffles,FIXED,website/lib/simulator/engine.mjs#queueGiftArtUseEffects; website/tests/simulator-hbp06-059-068-alignment.test.mjs,FOCUSED_PASS,website/tests/simulator-hbp06-059-068-alignment.test.mjs (red before fix; top-card archive and Center/source gates)
hBP06-067:arts.0,hBP06-067,戌神ころね,arts.0,BASIC_ACTION,website/public/cards.json#/cards[id=1544;1665;1741]/arts.0,engine.mjs#attack; catalogued cost and 20 damage,ALIGNED,,NO_DIRECT_TEST,
hBP06-067:keyword,hBP06-067,戌神ころね,keyword,EFFECT_TEXT,website/public/cards.json#/cards[id=1544;1665;1741]/keyword,engine.mjs#queueGenericKeywordCostEffects -> genericKeywordHandArchiveCost; archives a hand #Gamers Holomen then draws one,ALIGNED,,FOCUSED_PASS,website/tests/simulator-hbp06-059-068-alignment.test.mjs (tag filter and draw)
hBP06-068:arts.0,hBP06-068,戌神ころね,arts.0,EFFECT_TEXT,website/public/cards.json#/cards[id=1545;1666]/arts.0,engine.mjs#hBP06-068 art0; any attached Support enables draw one then mandatory hand archive,ALIGNED,,FOCUSED_PASS,website/tests/simulator-hbp06-059-068-alignment.test.mjs (support gate and archive)
hBP06-068:keyword,hBP06-068,戌神ころね,keyword,EFFECT_TEXT,website/public/cards.json#/cards[id=1545;1666]/keyword,engine.mjs#queueBloomEffects hBP06-068; one named Finger search and once-per-turn usage key,ALIGNED,,FOCUSED_PASS,website/tests/simulator-korone-batch157.test.mjs
hBP06-069:arts.0,hBP06-069,戌神ころね,arts.0,EFFECT_TEXT,website/public/cards.json#/cards[id=1546;1667]/arts.0,engine.mjs#hBP06-069 art bonus reads this turn infiniteStamina modifier created by hBP03-006 normal skill,ALIGNED,,FOCUSED_PASS,Reused direct coverage: simulator-korone-stamina-batch325.test.mjs verifies +50 only on the named skill recipient (3 cases).
hBP06-069:keyword,hBP06-069,戌神ころね,keyword,EFFECT_TEXT,website/public/cards.json#/cards[id=1546;1667]/keyword,"engine.mjs#queueCollabEffects -> hbp09Legacy_queueCollabEffects -> queueSimpleTriggeredKeyword; simpleKeywordCondition checks a Yubi attachment anywhere on own stage, then the generic draw path draws 1",ALIGNED,,NO_DIRECT_TEST,"Static trace only: trigger, stage-wide named-attachment condition, and one-card draw align; no effect-specific test."
hBP06-070:arts.0,hBP06-070,戌神ころね,arts.0,EFFECT_TEXT,website/public/cards.json#/cards[id=1547;1668;1669]/arts.0,engine.mjs#resolveDiceArtEffects hBP06-070:0; own Korone Oshi normal-skill turn gate adds +40; printed base/special value comes from catalog attack path,ALIGNED,,NO_DIRECT_TEST,Static trace only: hBP03-006 normal skill activation and +40 gate align; no direct hBP06-070 Arts test.
hBP06-070:keyword,hBP06-070,戌神ころね,keyword,EFFECT_TEXT,website/public/cards.json#/cards[id=1547;1668;1669]/keyword,"engine.mjs#canUseGiftSkill and activateGiftSkill; giftYubiCost returns selected own-stage Yubi to deck bottom, adds source-only colorless Arts cost -2 through this turn, and marks once-per-turn use",ALIGNED,,NO_DIRECT_TEST,"Static trace only: Center and Yubi gates, bottom-deck movement, source scope, amount, duration, and use limit align."
hBP06-071:arts.0,hBP06-071,ラプラス・ダークネス,arts.0,EFFECT_TEXT,website/public/cards.json#/cards[id=1548;1670]/arts.0,"engine.mjs#resolveDiceArtEffects hBP06-071:0 rolls three times and adds 20 per odd result; printed damage, cost, and yellow special value use catalog attack path",ALIGNED,,NO_DIRECT_TEST,"Static trace only: fixed three rolls, odd-result count, +20 each, and printed Arts data align."
hBP06-071:arts.1,hBP06-071,ラプラス・ダークネス,arts.1,EFFECT_TEXT,website/public/cards.json#/cards[id=1548;1670]/arts.1,engine.mjs#resolveDiceArtEffects hBP06-071:1 rolls five times; each odd draws one and contributes 30 special damage to each existing opposing Center/Collab,ALIGNED,,NO_DIRECT_TEST,"Static trace only: roll count, per-odd draw and special-damage amounts, and both target zones align."
hBP06-072:arts.0,hBP06-072,夏色まつり,arts.0,BASIC_ACTION,website/public/cards.json#/cards[id=1549;1671]/arts.0,engine.mjs#attack catalog-driven basic Arts damage 20 and colorless payment,ALIGNED,,NO_DIRECT_TEST,Static trace only: printed basic Arts amount and cost follow the generic attack path.
hBP06-072:keyword,hBP06-072,夏色まつり,keyword,EFFECT_TEXT,website/public/cards.json#/cards[id=1549;1671]/keyword,engine.mjs#hbp09Legacy_giftDamageAdjustment; own hBP06-072 target takes 30 less only from opposing 1st Arts damage,ALIGNED,,NO_DIRECT_TEST,"Static trace only: target identity, Arts-only kind, opposing source, 1st-stage source, and -30 adjustment align."
hBP06-073:arts.0,hBP06-073,夏色まつり,arts.0,BASIC_ACTION,website/public/cards.json#/cards[id=1550;2056]/arts.0,engine.mjs#attack catalog-driven basic Arts damage 10 and colorless payment,ALIGNED,,NO_DIRECT_TEST,Static trace only: printed basic Arts amount and cost follow the generic attack path.
hBP06-073:keyword,hBP06-073,夏色まつり,keyword,EFFECT_TEXT,website/public/cards.json#/cards[id=1550;2056]/keyword,engine.mjs#queueSimpleTriggeredKeyword hBP06-073 gate; queueDeckToHand limited-support filter and optional one-card search/shuffle,ALIGNED,,FOCUSED_PASS,"Reused direct coverage: simulator-limited-batch158.test.mjs verifies Matsuri Oshi gate, eligible LIMITED Support, and ineligible first-turn/Oshi cases."
hBP06-074:arts.0,hBP06-074,夏色まつり,arts.0,BASIC_ACTION,website/public/cards.json#/cards[id=1551;1672]/arts.0,engine.mjs#attack catalog-driven basic Arts damage 30 and yellow payment,ALIGNED,,NO_DIRECT_TEST,Static trace only: printed basic Arts amount and color payment follow the generic attack path.
hBP06-074:keyword,hBP06-074,夏色まつり,keyword,EFFECT_TEXT,website/public/cards.json#/cards[id=1551;1672]/keyword,"engine.mjs#hbp09Legacy_queueCollabEffects hBP06-074; snapshots current-turn Support count, caps at three, and adds 10 each to own Center for the turn",ALIGNED,,NO_DIRECT_TEST,"Static trace only: Collab dispatch, current-turn support count, cap, recipient, amount, and duration align."
hBP06-075:arts.0,hBP06-075,夏色まつり,arts.0,BASIC_ACTION,website/public/cards.json#/cards[id=1552;1673]/arts.0,engine.mjs#attack catalog-driven basic Arts damage 50 and yellow/colorless payment,ALIGNED,,NO_DIRECT_TEST,Static trace only: printed basic Arts amount and cost follow the generic attack path.
hBP06-075:arts.1,hBP06-075,夏色まつり,arts.1,EFFECT_TEXT,website/public/cards.json#/cards[id=1552;1673]/arts.1,"engine.mjs#resolveDiceArtEffects hBP06-075:1 counts own-stage Mascot/Fan attachments, caps at four rolls, and adds 10 for each result of four or more",ALIGNED,,NO_DIRECT_TEST,"Static trace only: attachment types, stage scope, four-roll cap, success threshold, and +10 each align."
hBP06-076:arts.0,hBP06-076,夏色まつり,arts.0,EFFECT_TEXT,website/public/cards.json#/cards[id=1553;1674]/arts.0,engine.mjs#artConditionApplies checks opposing 2nd target and supportEventLimited; resolveGenericArtEffects applies +70 only when both gates hold,FIXED,website/lib/simulator/engine.mjs#artConditionApplies; website/tests/simulator-hbp06-069-078-alignment.test.mjs,FOCUSED_PASS,"Regression was red before repair: a LIMITED Item incorrectly raised damage from 50 to 120. After the exact event-type gate, the valid event/2nd case is 120; LIMITED Item, ordinary Event, and 1st target remain 50. 4/4 pass."
hBP06-076:extra,hBP06-076,夏色まつり,extra,EFFECT_TEXT,website/public/cards.json#/cards[id=1553;1674]/extra,engine.mjs#cardIsBuzz -> finishKnockoutLife applies the Buzz printed two-Life loss on knockout,ALIGNED,,FOCUSED_PASS,Reused direct coverage: simulator-bloom-search-batch160.test.mjs checks two-Life Buzz loss and the no-life-loss branch.
hBP06-076:keyword,hBP06-076,夏色まつり,keyword,EFFECT_TEXT,website/public/cards.json#/cards[id=1553;1674]/keyword,"engine.mjs#queueBloomEffects -> queueSimpleTriggeredKeyword; named Ebi-furaion/Matsuris search, one card to hand, then shuffle",ALIGNED,,FOCUSED_PASS,Reused direct coverage: simulator-bloom-search-batch160.test.mjs checks each named search result and exact selected card.
hBP06-077:arts.0,hBP06-077,夏色まつり,arts.0,EFFECT_TEXT,website/public/cards.json#/cards[id=1554;1675;1676]/arts.0,engine.mjs#resolveGenericArtEffects hBP06-077:0 counts current-turn LIMITED supports and adds 30 each to printed 140,ALIGNED,,FOCUSED_PASS,Reused direct coverage: simulator-matsuri-batch159.test.mjs checks 0-3 supports and excludes previous-turn use (5 cases).
hBP06-077:keyword,hBP06-077,夏色まつり,keyword,EFFECT_TEXT,website/public/cards.json#/cards[id=1554;1675;1676]/keyword,"engine.mjs#queueBloomEffects -> queueSimpleTriggeredKeyword; simpleKeywordCondition checks own Life <= opponent Life, then generic top-Cheer target search restricts to own Natsuiro Matsuri",ALIGNED,,NO_DIRECT_TEST,"Static trace only: life gate, top Cheer source, Matsuri target, optional target choice, and Bloom dispatch align."
hBP06-078:arts.0,hBP06-078,大空スバル,arts.0,BASIC_ACTION,website/public/cards.json#/cards[id=1555;1677]/arts.0,engine.mjs#attack catalog-driven basic Arts damage and colorless payment,ALIGNED,,NO_DIRECT_TEST,Static trace only: printed basic Arts amount and cost follow the generic attack path.
hBP06-078:keyword,hBP06-078,大空スバル,keyword,EFFECT_TEXT,website/public/cards.json#/cards[id=1555;1677]/keyword,engine.mjs#queueGenericKeywordCostEffects archives one source Cheer; resolveGenericKeywordRemainder searches a Debut matching Oshi name and shuffles,ALIGNED,,FOCUSED_PASS,Reused direct coverage: simulator-oshi-search-batch162.test.mjs verifies paid search criteria and the optional decline branch.
hBP06-079:arts.0,hBP06-079,大空スバル,arts.0,BASIC_ACTION,website/public/cards.json#/cards[id=1556;1678]/arts.0,engine.mjs#hbp09Legacy_resolveGenericArtEffects; catalog 30 damage and 無色 cost,ALIGNED,,NO_DIRECT_TEST,
hBP06-079:keyword,hBP06-079,大空スバル,keyword,EFFECT_TEXT,website/public/cards.json#/cards[id=1556;1678]/keyword,engine.mjs#queueCollabEffects -> hbp09Legacy_queueCollabEffects -> queueSimpleTriggeredKeyword -> generic archive Cheer attachment to this Holomen,ALIGNED,,NO_DIRECT_TEST,
hBP06-080:arts.0,hBP06-080,大空スバル,arts.0,EFFECT_TEXT,website/public/cards.json#/cards[id=1557;1679]/arts.0,engine.mjs#hbp09Legacy_resolveGenericArtEffects perNamedAttachment; 60 base plus 20 per attached スバ友,ALIGNED,,NO_DIRECT_TEST,
hBP06-080:keyword,hBP06-080,大空スバル,keyword,EFFECT_TEXT,website/public/cards.json#/cards[id=1557;1679]/keyword,engine.mjs#resolveGenericKeywordRemainder:hBP06-080 -> queueDeckToHand name filter and shuffle,ALIGNED,,FOCUSED_PASS,website/tests/simulator-bloom-search-batch160.test.mjs
hBP06-081:arts.0,hBP06-081,大空スバル,arts.0,EFFECT_TEXT,website/public/cards.json#/cards[id=1558;1680;1681]/arts.0,"engine.mjs#hbp09Legacy_resolveGenericArtEffects:hBP06-081; Life <=3, one optional top-Cheer attachment per source Cheer, Yellow target filter",ALIGNED,,FOCUSED_PASS,website/tests/simulator-subaru-batch330.test.mjs
hBP06-081:keyword,hBP06-081,大空スバル,keyword,EFFECT_TEXT,website/public/cards.json#/cards[id=1558;1680;1681]/keyword,engine.mjs#hbp09Legacy_queueBloomEffects; paid Cheer archive then mandatory Subaru deck search and shuffle,ALIGNED,,FOCUSED_PASS,website/tests/simulator-subaru-batch330.test.mjs
hBP06-082:arts.0,hBP06-082,アーニャ・メルフィッサ,arts.0,EFFECT_TEXT,website/public/cards.json#/cards[id=1559;1682]/arts.0,"engine.mjs#hbp09Legacy_resolveGenericArtEffects:hBP06-082; current-turn named Oshi skill gate, optional archive retrieval 1-3",ALIGNED,,FOCUSED_PASS,website/tests/simulator-anya-batch319.test.mjs
hBP06-082:keyword,hBP06-082,アーニャ・メルフィッサ,keyword,EFFECT_TEXT,website/public/cards.json#/cards[id=1559;1682]/keyword,"engine.mjs#hbp09Legacy_giftDamageAdjustment:hBP06-082; Anya Oshi, Center/Collab and 古代武器 gates",ALIGNED,,FOCUSED_PASS,website/tests/simulator-anya-batch319.test.mjs
hBP06-083:arts.0,hBP06-083,ラムダック,arts.0,EFFECT_TEXT,website/public/cards.json#/cards[id=1560;1683]/arts.0,"engine.mjs#hbp09Legacy_effectiveArtCost:hBP06-083; Collab-only Yellow reduction, Center 2nd Watame uses -3",ALIGNED,,NO_DIRECT_TEST,
hBP06-083:extra,hBP06-083,ラムダック,extra,EFFECT_TEXT,website/public/cards.json#/cards[id=1560;1683]/extra,engine.mjs#cardAliases and talentMatches; LambdaDuck treated-as Watame and Subaru,ALIGNED,,FOCUSED_PASS,website/tests/simulator-engine.test.mjs
hBP06-083:keyword,hBP06-083,ラムダック,keyword,EFFECT_TEXT,website/public/cards.json#/cards[id=1560;1683]/keyword,engine.mjs#queueCollabEffects -> generic hand-to-bottom cost -> resolveGenericKeywordRemainder:hBP06-083 archive retrieval,ALIGNED,,FOCUSED_PASS,website/tests/simulator-return-batch161.test.mjs
hBP06-084:arts.0,hBP06-084,AIこより,arts.0,BASIC_ACTION,website/public/cards.json#/cards[id=1561;1684]/arts.0,engine.mjs#hbp09Legacy_resolveGenericArtEffects; catalog base 30 damage and 無色 cost,ALIGNED,,NO_DIRECT_TEST,
hBP06-084:extra,hBP06-084,AIこより,extra,EFFECT_TEXT,website/public/cards.json#/cards[id=1561;1684]/extra,engine.mjs#generic Bloom eligibility reads Extra and rejects unBloomable Spot,ALIGNED,,FOCUSED_PASS,website/tests/simulator-ai-spot-batch316.test.mjs
hBP06-084:keyword,hBP06-084,AIこより,keyword,EFFECT_TEXT,website/public/cards.json#/cards[id=1561;1684]/keyword,engine.mjs#batonPass:hBP06-084 -> own Koyori Arts +20 modifier for this turn,ALIGNED,,NO_DIRECT_TEST,
hBP06-085:abilityText,hBP06-085,フェイバリットパソコン,abilityText,EFFECT_TEXT,website/public/cards.json#/cards[id=1562;1685]/abilityText,effect-catalog.mjs#EXTENDED_SUPPORT_EFFECTS -> playExtendedSupport#favoriteComputer -> resolveChoice#favoriteComputerDebut/Buzz/Finish; only complete same-name trios offered,FIXED,engine.mjs#playExtendedSupport.favoriteComputer companion eligibility,FOCUSED_PASS,website/tests/simulator-hbp06-079-089-alignment.test.mjs
hBP06-086:abilityText,hBP06-086,愛情いっぱい召し上がれ♪,abilityText,EFFECT_TEXT,website/public/cards.json#/cards[id=1563;1686]/abilityText,effect-catalog.mjs#EXTENDED_SUPPORT_EFFECTS -> playExtendedSupport#madeWithLove -> draw 1 then heal one damaged own Holomen 100; shared LIMITED gate,ALIGNED,,FOCUSED_PASS,website/tests/effect-audit-hbp09-q732.test.mjs
hBP06-087:abilityText,hBP06-087,しめじダンス,abilityText,EFFECT_TEXT,website/public/cards.json#/cards[id=1564;1687]/abilityText,"effect-catalog.mjs#EXTENDED_SUPPORT_EFFECTS -> playExtendedSupport#realMushroomDance; require Raden Oshi, archive Cheer top, retrieve Raden",ALIGNED,,FOCUSED_PASS,website/tests/simulator-raden-return-batch163.test.mjs
hBP06-088:abilityText,hBP06-088,ドッキリうさぎ,abilityText,EFFECT_TEXT,website/public/cards.json#/cards[id=1565;1688]/abilityText,effect-catalog.mjs#EXTENDED_SUPPORT_EFFECTS -> playExtendedSupport#surpriseRabbit -> previous-turn KO/life gate and restMoveBack next-reset lock,FIXED,website/lib/simulator/engine.mjs#wasKnockedOutDuringPreviousOpponentTurn,FOCUSED_PASS,website/tests/simulator-hbp05-079-alignment.test.mjs
hBP06-089:abilityText,hBP06-089,ドローイングストリーム,abilityText,EFFECT_TEXT,website/public/cards.json#/cards[id=1566;1689]/abilityText,engine.mjs#AUTOMATED_EVENT_CARDS -> playAutomatedEvent -> drawingStreamCheer -> queueDrawingStreamArchive; Cheer reveal/attachment precedes #絵 recovery,ALIGNED,,FOCUSED_PASS,website/tests/simulator-drawing-stream-batch313.test.mjs; website/tests/simulator-engine.test.mjs
hBP06-090:abilityText,hBP06-090,ブルームステージ,abilityText,EFFECT_TEXT,website/public/cards.json#/cards[id=1567;2133;1690;1746]/abilityText,"effect-catalog.mjs#AUTOMATED_EVENT_CARDS -> engine.mjs#playAutomatedEvent hBP06-090; draw 2, Life<=4 optional extra Bloom; bloomTargets limits eligible this-turn Debut-to-1st unit and enforces one use",ALIGNED,,FOCUSED_PASS,Direct extra-Bloom path in simulator-engine.test.mjs; Spot exclusion in simulator-ai-spot-batch316.test.mjs; related eligibility regressions in effect-audit-hbp09-109-makeup.test.mjs.
hBP06-091:abilityText,hBP06-091,ホロライブ1期生,abilityText,EFFECT_TEXT,website/public/cards.json#/cards[id=1568;1691]/abilityText,"effect-catalog.mjs#TOP_LOOK_EFFECTS -> engine.mjs#playTopLookSupport; look 4, #1期生 Holomen filter, <=6 hand excluding event, unmatched cards ordered to deck bottom",ALIGNED,,FOCUSED_PASS,Shared top-look execution path tested in simulator-engine.test.mjs using hBP02-080; hBP06-091-specific parameters and registration statically traced.
hBP06-092:abilityText,hBP06-092,マヨネーズちゅっちゅっ,abilityText,EFFECT_TEXT,website/public/cards.json#/cards[id=1569;1692]/abilityText,effect-catalog.mjs#EXTENDED_SUPPORT_EFFECTS -> engine.mjs#playExtendedSupport.chuchuMayonnaise -> addModifier +30 Arts for one own Koyori through current turn,ALIGNED,,NO_DIRECT_TEST,"Production dispatch, name target filter, +30 amount, and turn expiry statically traced."
hBP06-093:abilityText,hBP06-093,山田ルイ54世,abilityText,EFFECT_TEXT,website/public/cards.json#/cards[id=1570;1747]/abilityText,"effect-catalog.mjs#AUTOMATED_EVENT_CARDS -> engine.mjs#playAutomatedEvent hBP06-093; all-stage #秘密結社holoX gate, search up to 2 tagged Holomen, shuffle, optional top Cheer if own total is lower",ALIGNED,,FOCUSED_PASS,Direct search counts 1/2/3 in simulator-holox-search-batch164.test.mjs; optional Cheer/state cases in simulator-legality-recording-124.test.mjs and simulator-engine.test.mjs.
hBP06-094:abilityText,hBP06-094,ワークアウト,abilityText,EFFECT_TEXT,website/public/cards.json#/cards[id=1571;1693]/abilityText,"effect-catalog.mjs#EXTENDED_SUPPORT_EFFECTS -> engine.mjs#playExtendedSupport.fitnessTraining -> fitnessModifier; own Collab or opponent no Collab gate, one own target, +20 or Buzz/2nd +50 until turn end",ALIGNED,,NO_DIRECT_TEST,"Production route, Collab gate, target scope, Buzz/2nd amount branch, and turn expiry statically traced."
hBP06-095:abilityText,hBP06-095,IDENTIFY -AREA 15-,abilityText,EFFECT_TEXT,website/public/cards.json#/cards[id=1572;2199]/abilityText,"effect-catalog.mjs#EXTENDED_SUPPORT_EFFECTS -> engine.mjs#playExtendedSupport.area15Identity; all-stage #ID1 gate, search 2, empty Cheer Deck installs current-turn tagged extra-life-on-Center-KO modifier",ALIGNED,,FOCUSED_PASS,Direct empty/nonempty Cheer Deck knockout outcomes in simulator-area15-batch314.test.mjs.
hBP06-096:abilityText,hBP06-096,2人あわせてラムダック！,abilityText,EFFECT_TEXT,website/public/cards.json#/cards[id=1573;1748]/abilityText,"effect-catalog.mjs#EXTENDED_SUPPORT_EFFECTS -> engine.mjs#playExtendedSupport.lambduck -> lambduckFirst/Second; selects one Watame and Subaru, applies each +20 this turn, attaches Archive Cheer to each",ALIGNED,,FOCUSED_PASS,Direct two mandatory Archive Cheer attachments and target mapping in simulator-lambduck-batch165.test.mjs.
hBP06-097:abilityText,hBP06-097,カワイイスタジャン,abilityText,EFFECT_TEXT,website/public/cards.json#/cards[id=1574;1694]/abilityText,engine.mjs#attachmentBlockApplies -> attachmentHpBonus (+30 only Buzz); jacketProtectsHp blocks opponent ability HP changes only during active opponent Main Phase,ALIGNED,,FOCUSED_PASS,"Buzz/non-Buzz, phase, source-owner, ability damage/heal protection exercised in simulator-jacket-batch333.test.mjs."
hBP06-098:abilityText,hBP06-098,鬼神刀「阿修羅」,abilityText,EFFECT_TEXT,website/public/cards.json#/cards[id=1575;1695]/abilityText,"engine.mjs#queueAttachmentCollabEffects -> Ayame, Life=1, opponent Collab empty and Back occupied -> forcedCollab; generic attachment Arts parser supplies +10",ALIGNED,,NO_DIRECT_TEST,"Collab trigger gates, forced movement route and distinct non-Collab semantics plus unconditional +10 Arts statically traced."
hBP06-099:abilityText,hBP06-099,ゆび,abilityText,EFFECT_TEXT,website/public/cards.json#/cards[id=1576;1696]/abilityText,engine.mjs#hbp09Legacy_attachmentArtsBonus (+10); hbp09Legacy_queueAttachmentEntryEffects retrieves one Korone only when the Tool enters from hand,ALIGNED,,NO_DIRECT_TEST,"Tool Arts bonus, Korone name filter, source=hand trigger and optional Archive retrieval statically traced."
hBP06-100:abilityText,hBP06-100,Chattino,abilityText,EFFECT_TEXT,website/public/cards.json#/cards[id=1577;1697]/abilityText,engine.mjs#hbp09Legacy_attachmentTargets -> attachmentBlockApplies -> hbp09Legacy_attachmentHpBonus; universal +10 and Laora 1st+ extra +20 only with Laora Oshi,ALIGNED,,FOCUSED_PASS,simulator-chattino-batch315.test.mjs checks the gated extra-HP knockout threshold and its Oshi-name exclusion.
hBP06-101:abilityText,hBP06-101,ムーナびと,abilityText,EFFECT_TEXT,website/public/cards.json#/cards[id=1578;1698]/abilityText,"engine.mjs#queueGiftDamageDealtTriggers -> moonaFanCheer; Moona special damage to opponent, once per attached Moona per turn, optional Archive blue Cheer to own Back; generic mascot HP+20",ALIGNED,,FOCUSED_PASS,"simulator-moona-fan-batch326.test.mjs checks trigger, optional decline, archive selection and Back-only recipient; generic HP+20 source-traced."
hBP06-102:abilityText,hBP06-102,えびふらいおん,abilityText,EFFECT_TEXT,website/public/cards.json#/cards[id=1579;1699]/abilityText,engine.mjs#queueKnockoutAttachmentEffects; opponent-turn KO of attached Matsuri offers up to one attached Yellow Cheer to another Matsuri; downPending excludes the defeated host,ALIGNED,,NO_DIRECT_TEST,"Trigger gates, Yellow filter, quantity, other-Matsuri target and KO ordering statically traced; shared KO transfer path covered by simulator-fan-knockout-audit.test.mjs."
hBP06-103:abilityText,hBP06-103,まつりす,abilityText,EFFECT_TEXT,website/public/cards.json#/cards[id=1580;1700]/abilityText,engine.mjs#interactiveDice; only Oshi or #1期生 source offers each attached Matsurisu to archive and change one selected die to 4; attachmentTargets restricts recipient to Matsuri,ALIGNED,,FOCUSED_PASS,simulator-dice-reactions-batch428.test.mjs covers Oshi die replacement and a multi-die #1期生 roll.
hBP06-104:abilityText,hBP06-104,スバ友,abilityText,EFFECT_TEXT,website/public/cards.json#/cards[id=1581;1701]/abilityText,engine.mjs#queueKnockoutAttachmentEffects -> effectQueue.eventCheerTarget; opponent-turn KO of attached Subaru optionally attaches Cheer Deck top to another own Subaru; mascot may stack per target,ALIGNED,,NO_DIRECT_TEST,"Trigger gates, target name, post-KO option recomputation, optionality and Cheer Deck-top consumption statically traced."
hBP07-001:oshiSkill,hBP07-001,角巻わため,oshiSkill,EFFECT_TEXT,website/public/cards.json#/cards[id=1787;1908;2143]/oshiSkill,oshi-skill-catalog.mjs#hBP07-001 cost 6; engine.mjs#hbp09Legacy_resolveNormalOshiSkill applies +100 Arts to every own Watame for this turn,ALIGNED,,NO_DIRECT_TEST,Static dispatch and state-change trace.
hBP07-001:stageSkill,hBP07-001,角巻わため,stageSkill,EFFECT_TEXT,website/public/cards.json#/cards[id=1787;1908;2143]/stageSkill,oshi-skill-catalog.mjs#hBP07-001; engine.mjs#resolveGenericArtEffects adds deck top to Holo Power when own Watame uses Arts,ALIGNED,,FOCUSED_PASS,website/tests/oshi-skill-regression.test.mjs (Watame Arts trigger; top card to Holo Power)
hBP07-002:oshiSkill,hBP07-002,ベスティア・ゼータ,oshiSkill,EFFECT_TEXT,website/public/cards.json#/cards[id=1788;1909;1910]/oshiSkill,oshi-skill-catalog.mjs#hBP07-002 cost 3; engine.mjs#hbp09Legacy_resolveNormalOshiSkill -> oshiZetaBuff; choice resolution applies +50 or +80 to #ID3 Buzz,ALIGNED,,NO_DIRECT_TEST,"Static dispatch, target, Buzz/tag condition, amount, and turn-duration trace."
hBP07-002:spOshiSkill,hBP07-002,ベスティア・ゼータ,spOshiSkill,EFFECT_TEXT,website/public/cards.json#/cards[id=1788;1909;1910]/spOshiSkill,oshi-skill-catalog.mjs#ACTIVE_SP_OSHI; engine.mjs#hbp09Legacy_resolveSpOshiSkill -> oshiZetaAttachTarget/oshiZetaSupports; archive Mascot/Fan filter and >=3 Arts +100,ALIGNED,,NO_DIRECT_TEST,"Static dispatch, target/filter, any-count selection, movement, and threshold trace."
hBP07-003:oshiSkill,hBP07-003,大神ミオ,oshiSkill,EFFECT_TEXT,website/public/cards.json#/cards[id=1789;1911;1912]/oshiSkill,oshi-skill-catalog.mjs#hBP07-003 cost 1; engine.mjs#hbp09Legacy_resolveNormalOshiSkill reveals top 2 and oshiTopKeepOne keeps one and restores the other to deck top,ALIGNED,,NO_DIRECT_TEST,"Static dispatch, reveal count, hand destination, and top-deck remainder trace."
hBP07-003:spOshiSkill,hBP07-003,大神ミオ,spOshiSkill,EFFECT_TEXT,website/public/cards.json#/cards[id=1789;1911;1912]/spOshiSkill,"oshi-skill-catalog.mjs#ACTIVE_SP_OSHI; engine.mjs#hbp09Legacy_resolveSpOshiSkill reveals 6; oshiMioTopSix keeps 3, heals own damaged Holomen 50, then restores remaining cards in chosen order",ALIGNED,,NO_DIRECT_TEST,"Static dispatch, quantity, heal, and ordered remainder trace."
hBP07-004:oshiSkill,hBP07-004,赤井はあと,oshiSkill,EFFECT_TEXT,website/public/cards.json#/cards[id=1790;1913]/oshiSkill,oshi-skill-catalog.mjs#hBP07-004 normal skill; engine.mjs#hbp09Legacy_resolveNormalOshiSkill -> oshiHaatoBottom returns Back Debut Haato to deck then grants one Haato +50 Arts,ALIGNED,,NO_DIRECT_TEST,"Static dispatch, Back/Debut/name filter, operation order, target, and turn duration trace."
hBP07-004:stageSkill,hBP07-004,赤井はあと,stageSkill,EFFECT_TEXT,website/public/cards.json#/cards[id=1790;1913]/stageSkill,oshi-skill-catalog.mjs#hBP07-004 once-per-turn; engine.mjs#queueStageReturnGiftEffects draws 2 on own turn when own ability returns Haato to deck,ALIGNED,,FOCUSED_PASS,website/tests/oshi-skill-regression.test.mjs (Haato own-ability return and once-per-turn draw 2)
hBP07-005:oshiSkill,hBP07-005,オーロ・クロニー,oshiSkill,EFFECT_TEXT,website/public/cards.json#/cards[id=1791;1914]/oshiSkill,oshi-skill-catalog.mjs#hBP07-005 normal skill; engine.mjs#hbp09Legacy_resolveNormalOshiSkill draws up to 2 from deck bottom then requires one hand card to Archive,ALIGNED,,NO_DIRECT_TEST,"Static dispatch, deck-bottom order, hand choice, and Archive destination trace."
hBP07-005:spOshiSkill,hBP07-005,オーロ・クロニー,spOshiSkill,EFFECT_TEXT,website/public/cards.json#/cards[id=1791;1914]/spOshiSkill,oshi-skill-catalog.mjs#hBP07-005 SP cost 4; engine.mjs#hbp09Legacy_resolveSpOshiSkill gates on Center 2nd Kronii and queues extraTurnPending; startFollowingTurn consumes it after current turn,ALIGNED,,NO_DIRECT_TEST,"Static dispatch, Center/stage/name condition, once-per-game use, and next-turn continuation trace."
hBP07-006:oshiSkill,hBP07-006,AZKi,oshiSkill,EFFECT_TEXT,website/public/cards.json#/cards[id=1792;1915;1916]/oshiSkill,oshi-skill-catalog.mjs#hBP07-006 cost 1; engine.mjs#hbp09Legacy_resolveNormalOshiSkill checks previous opponent-turn KO and requires a deck Event/LIMITED Event search,FIXED,website/lib/simulator/engine.mjs#wasKnockedOutDuringPreviousOpponentTurn,FOCUSED_PASS,website/tests/simulator-azki-event-batch374.test.mjs; website/tests/simulator-hbp05-079-alignment.test.mjs (prior-turn KO and required Event search)
hBP07-006:stageSkill,hBP07-006,AZKi,stageSkill,EFFECT_TEXT,website/public/cards.json#/cards[id=1792;1915;1916]/stageSkill,oshi-skill-catalog.mjs#hBP07-006; engine.mjs#attack adds 20 Arts damage per Holo Power only for own Center AZKi,ALIGNED,,FOCUSED_PASS,website/tests/oshi-skill-regression.test.mjs (Center AZKi Arts scales with Holo Power)
hBP07-007:oshiSkill,hBP07-007,桃鈴ねね,oshiSkill,EFFECT_TEXT,website/public/cards.json#/cards[id=1793;1917;1918]/oshiSkill,oshi-skill-catalog.mjs#hBP07-007 Oshi cost; engine.mjs#hbp09Legacy_resolveNormalOshiSkill -> nepolaboCheer selects archived Cheer for each own #5期生 2nd,ALIGNED,,FOCUSED_PASS,website/tests/simulator-nepolabo-batch375.test.mjs (required sequential Cheer attachment)
hBP07-007:spOshiSkill,hBP07-007,桃鈴ねね,spOshiSkill,EFFECT_TEXT,website/public/cards.json#/cards[id=1793;1917;1918]/spOshiSkill,"oshi-skill-catalog.mjs#hBP07-007 SP cost 1; engine.mjs#hbp09Legacy_resolveSpOshiSkill -> queueDeckCardsToStage searches Nene Debut, places 1-4, and shuffles",FIXED,website/lib/simulator/engine.mjs#hBP07-007 optional:false; website/tests/simulator-hbp07-nene-sp-alignment.test.mjs,FOCUSED_PASS,"website/tests/simulator-hbp07-nene-sp-alignment.test.mjs (red before fix: optional; now enforces 1-4, rejects skip, places cards and shuffles)"
hBP07-008:arts.0,hBP07-008,角巻わため,arts.0,BASIC_ACTION,website/public/cards.json#/cards[id=1794;2188]/arts.0,website/lib/simulator/engine.mjs#resolveAttack; effectiveArtsCost (basic Arts),ALIGNED,,NO_DIRECT_TEST,"Static trace of base Arts, White Cheer cost reduction, and single Arts execution."
hBP07-008:keyword,hBP07-008,角巻わため,keyword,EFFECT_TEXT,website/public/cards.json#/cards[id=1794;2188]/keyword,website/lib/simulator/engine.mjs#hbp09Legacy_queueCollabEffects(hBP07-008); resolveChoice(oshiRepeatArts); attack-use gate,ALIGNED,,FOCUSED_PASS,website/tests/simulator-calliope-repeat-arts-timing.test.mjs exercises shared repeat-Arts resolution; hBP07-008 trigger/first-turn gate statically traced.
hBP07-009:arts.0,hBP07-009,角巻わため,arts.0,EFFECT_TEXT,website/public/cards.json#/cards[id=1795;1919;2047]/arts.0,website/lib/simulator/engine.mjs#giftZoneApplies; generic Arts +20; resolveAttack (Center-only),ALIGNED,,NO_DIRECT_TEST,Static trace of Center-only applicability and +20 Arts modifier.
hBP07-010:arts.0,hBP07-010,角巻わため,arts.0,BASIC_ACTION,website/public/cards.json#/cards[id=1796;1920]/arts.0,website/lib/simulator/engine.mjs#resolveAttack (basic Arts),ALIGNED,,NO_DIRECT_TEST,Static trace of basic Arts cost and damage.
hBP07-010:keyword,hBP07-010,角巻わため,keyword,EFFECT_TEXT,website/public/cards.json#/cards[id=1796;1920]/keyword,website/lib/simulator/engine.mjs#queueSimpleTriggeredKeyword; resolveChoice(giftPowerToHand); shuffleMainDeck,ALIGNED,,NO_DIRECT_TEST,"Static trace of top-deck Holo Power placement, mandatory one-card selection when available, hand movement, and shuffle."
hBP07-011:arts.0,hBP07-011,角巻わため,arts.0,EFFECT_TEXT,website/public/cards.json#/cards[id=1797;1921]/arts.0,website/lib/simulator/engine.mjs#effectiveArtsCost(hBP07-011),ALIGNED,,NO_DIRECT_TEST,Static trace confirms one Colorless reduction only with at least two attached effective White Cheer.
hBP07-011:keyword,hBP07-011,角巻わため,keyword,EFFECT_TEXT,website/public/cards.json#/cards[id=1797;1921]/keyword,website/lib/simulator/engine.mjs#queueBloomEffects(hBP07-011); required Watame 1st search; shuffleMainDeck,ALIGNED,,FOCUSED_PASS,website/tests/simulator-search-batch166.test.mjs (required Watame 1st search filter and resolution).
hBP07-012:arts.0,hBP07-012,角巻わため,arts.0,EFFECT_TEXT,website/public/cards.json#/cards[id=1798;1922]/arts.0,website/lib/simulator/engine.mjs#resolveGenericArtEffects (draw 1); resolveAttack,ALIGNED,,NO_DIRECT_TEST,Static trace of own-deck draw on Arts resolution.
hBP07-012:keyword,hBP07-012,角巻わため,keyword,EFFECT_TEXT,website/public/cards.json#/cards[id=1798;1922]/keyword,website/lib/simulator/engine.mjs#queueBloomEffects(hBP07-012); resolveChoice(specialDamageThenOpponentDraw),ALIGNED,,FOCUSED_PASS,website/tests/simulator-engine.test.mjs (opposing Center/Collab target; 30 special damage resolves before opponent draw).
hBP07-013:arts.0,hBP07-013,角巻わため,arts.0,EFFECT_TEXT,website/public/cards.json#/cards[id=1799;1923]/arts.0,website/lib/simulator/engine.mjs#generic attached-name Arts modifier (わためいと count),ALIGNED,,NO_DIRECT_TEST,Static trace of +50 per attached わためいと.
hBP07-013:keyword,hBP07-013,角巻わため,keyword,EFFECT_TEXT,website/public/cards.json#/cards[id=1799;1923]/keyword,website/lib/simulator/engine.mjs#queueCollabEffects(hBP07-013); own-Watame +20; Center Cheer >=6 draw 2,ALIGNED,,FOCUSED_PASS,website/tests/simulator-engine.test.mjs (Watame Collab buff and conditional draw kept separate).
hBP07-014:arts.0,hBP07-014,角巻わため,arts.0,EFFECT_TEXT,website/public/cards.json#/cards[id=1800;1924;1925]/arts.0,website/lib/simulator/engine.mjs#resolveAttack knockout-excess branch(hBP07-014); opposing 2nd special damage,ALIGNED,,NO_DIRECT_TEST,Static trace of Center-only KO excess and excess-sized special damage to opposing 2nd.
hBP07-014:keyword,hBP07-014,角巻わため,keyword,EFFECT_TEXT,website/public/cards.json#/cards[id=1800;1924;1925]/keyword,website/lib/simulator/engine.mjs#holomemHpBonus (stacked Holomen count * 10),ALIGNED,,NO_DIRECT_TEST,Static trace of +10 HP for each overlapping Holomen card.
hBP07-015:arts.0,hBP07-015,ベスティア・ゼータ,arts.0,BASIC_ACTION,website/public/cards.json#/cards[id=1801]/arts.0,website/lib/simulator/engine.mjs#resolveAttack (basic Arts),ALIGNED,,NO_DIRECT_TEST,Static trace of basic Arts cost and damage.
hBP07-015:keyword,hBP07-015,ベスティア・ゼータ,keyword,EFFECT_TEXT,website/public/cards.json#/cards[id=1801]/keyword,website/lib/simulator/engine.mjs#hbp09Legacy_queueCollabEffects(hBP07-015); second-player first-turn #ID3 Buzz search; shuffleMainDeck,ALIGNED,,FOCUSED_PASS,website/tests/simulator-search-batch166.test.mjs (second-player first-turn gate and required #ID3 Buzz search).
hBP07-016:arts.0,hBP07-016,ベスティア・ゼータ,arts.0,BASIC_ACTION,website/public/cards.json#/cards[id=1802;1926]/arts.0,website/lib/simulator/engine.mjs#resolveAttack (basic Arts),ALIGNED,,NO_DIRECT_TEST,Static trace of basic Arts cost and damage.
hBP07-016:keyword,hBP07-016,ベスティア・ゼータ,keyword,EFFECT_TEXT,website/public/cards.json#/cards[id=1802;1926]/keyword,website/lib/simulator/engine.mjs#holomemHpBonus (has Mascot gate; +30 HP),ALIGNED,,NO_DIRECT_TEST,Static trace of Mascot condition and printed +30 HP.
hBP07-017:arts.0,hBP07-017,ベスティア・ゼータ,arts.0,BASIC_ACTION,website/public/cards.json#/cards[id=1803;1927]/arts.0,website/lib/simulator/engine.mjs#resolveAttack (basic Arts),ALIGNED,,NO_DIRECT_TEST,Static trace of basic Arts cost and damage.
hBP07-017:keyword,hBP07-017,ベスティア・ゼータ,keyword,EFFECT_TEXT,website/public/cards.json#/cards[id=1803;1927]/keyword,website/lib/simulator/engine.mjs#queueStageGiftCollabEffects(hBP07-017); Buzz #ID3 Collab gate; selected own Holomen +30 Arts this turn,ALIGNED,,NO_DIRECT_TEST,"Static trace of Center Gift trigger, Buzz/#ID3 filter, own-stage target and turn duration."
hBP07-018:arts.0,hBP07-018,ベスティア・ゼータ,arts.0,EFFECT_TEXT,website/public/cards.json#/cards[id=1804;1928]/arts.0,website/lib/simulator/engine.mjs#artConditionApplies (current-turn Event gate); hbp09Legacy_resolveGenericArtEffects fixed +30 Arts parser,ALIGNED,,NO_DIRECT_TEST,Static trace of current-turn Event condition and conditional +30 Arts parsing.
hBP07-018:keyword,hBP07-018,ベスティア・ゼータ,keyword,EFFECT_TEXT,website/public/cards.json#/cards[id=1804;1928]/keyword,"website/lib/simulator/engine.mjs#hbp09Legacy_queueCollabEffects(hBP07-018); reveal top, Support to hand, otherwise restore top",ALIGNED,,NO_DIRECT_TEST,"Static trace of top-card reveal, Support classification, hand movement, and non-Support top restoration."
hBP07-019:arts.0,hBP07-019,ベスティア・ゼータ,arts.0,EFFECT_TEXT,website/public/cards.json#/cards[id=1805;1929]/arts.0,website/lib/simulator/engine.mjs#artConditionApplies (own Mascot/Fan); queueSimpleTriggeredKeyword drawMatch,ALIGNED,,NO_DIRECT_TEST,Static trace of the source attachment gate and one-card draw on Arts resolution.
hBP07-019:extra,hBP07-019,ベスティア・ゼータ,extra,EFFECT_TEXT,website/public/cards.json#/cards[id=1805;1929]/extra,website/lib/simulator/engine.mjs#knockout lifeCount uses cardIsBuzz; finishKnockoutLife,ALIGNED,,FOCUSED_PASS,website/tests/simulator-zeta-batch356.test.mjs (hBP07-019 Buzz knockout loses two Life).
hBP07-019:keyword,hBP07-019,ベスティア・ゼータ,keyword,EFFECT_TEXT,website/public/cards.json#/cards[id=1805;1929]/keyword,website/lib/simulator/engine.mjs#hbp09Legacy_queueBloomEffects(hBP07-019); queueDeckAttachmentToStage (BAZO/Zecretary -> own Zeta); shuffle,ALIGNED,,FOCUSED_PASS,website/tests/simulator-zeta-batch356.test.mjs (required eligible Support attachment to own Zeta).
hBP07-020:arts.0,hBP07-020,ベスティア・ゼータ,arts.0,BASIC_ACTION,website/public/cards.json#/cards[id=1806;1930]/arts.0,website/lib/simulator/engine.mjs#resolveAttack specialTargets/specialValues (matching target color +50),ALIGNED,,NO_DIRECT_TEST,Static trace of the Red-target +50 Arts bonus through the shared attack resolver.
hBP07-020:keyword,hBP07-020,ベスティア・ゼータ,keyword,EFFECT_TEXT,website/public/cards.json#/cards[id=1806;1930]/keyword,website/lib/simulator/engine.mjs#hbp09Legacy_queueCollabEffects(hBP07-020); rollDie; resolveChoice(setRemainingHp),ALIGNED,,NO_DIRECT_TEST,"Static trace of one die, odd-result gate, opposing Center 2nd filter, and remaining HP set to 100."
hBP07-021:arts.0,hBP07-021,ベスティア・ゼータ,arts.0,EFFECT_TEXT,website/public/cards.json#/cards[id=1807;1931;1932]/arts.0,"website/lib/simulator/engine.mjs#hbp09Legacy_resolveGenericArtEffects(hBP07-021:0) (stage-wide #ID3 Buzz check, +40)",ALIGNED,,FOCUSED_PASS,website/tests/simulator-zeta-batch357.test.mjs (ID3 Buzz present/absent damage branches).
hBP07-021:keyword,hBP07-021,ベスティア・ゼータ,keyword,EFFECT_TEXT,website/public/cards.json#/cards[id=1807;1931;1932]/keyword,website/lib/simulator/engine.mjs#hbp09Legacy_queueBloomEffects(hBP07-021); genericArchiveSupportPick; attachmentTargets,ALIGNED,,FOCUSED_PASS,website/tests/simulator-zeta-batch357.test.mjs (mandatory BAZO/Zecretary Archive attachment).
hBP07-022:arts.0,hBP07-022,白銀ノエル,arts.0,EFFECT_TEXT,website/public/cards.json#/cards[id=1808;1933]/arts.0,website/lib/simulator/engine.mjs#hbp09Legacy_resolveGenericArtEffects(hBP07-022:0); resolveChoice(noelMuscleCost),ALIGNED,,FOCUSED_PASS,"website/tests/simulator-noel-cost-batch358.test.mjs (required #3期生 target; -1 colorless, or -2 for 2nd Noel)."
hBP07-022:keyword,hBP07-022,白銀ノエル,keyword,EFFECT_TEXT,website/public/cards.json#/cards[id=1808;1933]/keyword,website/lib/simulator/engine.mjs#queueGiftKnockoutEffects; giftZoneApplies; opposing-turn Center #3期生 check; return defeated stack to hand,ALIGNED,,NO_DIRECT_TEST,"Static trace of Collab-only Gift, opponent-turn timing, Center/tag filter, and all defeated stack cards returning to hand."
hBP07-023:arts.0,hBP07-023,大神ミオ,arts.0,BASIC_ACTION,website/public/cards.json#/cards[id=1809;2189]/arts.0,website/lib/simulator/engine.mjs#resolveAttack (basic Arts),ALIGNED,,NO_DIRECT_TEST,Static trace of printed basic Arts cost and damage.
hBP07-023:keyword,hBP07-023,大神ミオ,keyword,EFFECT_TEXT,website/public/cards.json#/cards[id=1809;2189]/keyword,website/lib/simulator/engine.mjs#simpleKeywordCondition (second-player first-turn gate); queueGenericTopLook; resolveChoice(genericTopLook/topOrder),ALIGNED,,FOCUSED_PASS,website/tests/simulator-hbp07-mio-top-three-collab-alignment.test.mjs (timing gate and required one-of-three choice; shared remainder ordering in simulator-engine.test.mjs).
hBP07-024:arts.0,hBP07-024,大神ミオ,arts.0,EFFECT_TEXT,website/public/cards.json#/cards[id=1810;1934]/arts.0,website/lib/simulator/engine.mjs#hbp09Legacy_resolveGenericArtEffects(hBP07-024:0); resolveChoice(hBP07MiofaArchiveTop),FIXED,website/lib/simulator/engine.mjs#hBP07-024:0 optional top-Archive choice and selected-card-only Support bonus; website/tests/simulator-hbp07-miofa-archive-art-alignment.test.mjs,FOCUSED_PASS,website/tests/simulator-hbp07-miofa-archive-art-alignment.test.mjs (red before fix: no optional choice; skip keeps top card; only archived Support gives +30).
hBP07-024:keyword,hBP07-024,大神ミオ,keyword,EFFECT_TEXT,website/public/cards.json#/cards[id=1810;1934]/keyword,website/lib/simulator/engine.mjs#queueAttachmentEntryEffects -> hBP07-024 Miofa Gift; usedNamedThisTurn per Holomen,ALIGNED,,NO_DIRECT_TEST,Static trace of Miofa attachment trigger and once-per-turn source-instance gate.
hBP07-025:arts.0,hBP07-025,大神ミオ,arts.0,EFFECT_TEXT,website/public/cards.json#/cards[id=1811;1935]/arts.0,website/lib/simulator/engine.mjs#hbp09Legacy_resolveGenericArtEffects(hBP07-025:0); enqueueArchiveCheerToTarget; resolveChoice,ALIGNED,,FOCUSED_PASS,website/tests/simulator-gamers-batch167.test.mjs (mandatory Archive Cheer selection and #ゲーマーズ target).
hBP07-025:keyword,hBP07-025,大神ミオ,keyword,EFFECT_TEXT,website/public/cards.json#/cards[id=1811;1935]/keyword,website/lib/simulator/engine.mjs#queueSimpleTriggeredKeyword buffMatch; simpleTargetRule (#ゲーマーズ + hasAttachment); addModifier,ALIGNED,,NO_DIRECT_TEST,Static trace of single legal Gamer target with any Support attachment and +20 Arts this turn.
hBP07-026:arts.0,hBP07-026,大神ミオ,arts.0,BASIC_ACTION,website/public/cards.json#/cards[id=1812;1936]/arts.0,engine.mjs#attack; printed color cost and 40 damage; no effect clause,ALIGNED,,NO_DIRECT_TEST,
hBP07-026:keyword,hBP07-026,大神ミオ,keyword,EFFECT_TEXT,website/public/cards.json#/cards[id=1812;1936]/keyword,engine.mjs#hbp09Legacy_queueBloomEffects hBP07-026 -> named deck search for Hato-Tauros or Miofa; add one and shuffle,ALIGNED,,FOCUSED_PASS,website/tests/simulator-mio-batch168.test.mjs (both named search targets)
hBP07-027:arts.0,hBP07-027,大神ミオ,arts.0,EFFECT_TEXT,website/public/cards.json#/cards[id=1813;1937]/arts.0,engine.mjs#queueArtKnockoutEffects hBP07-027:0; Center/Collab Arts knockout draws one,ALIGNED,,FOCUSED_PASS,website/tests/simulator-queen-front-batch413.test.mjs (Center and Collab knockout gates)
hBP07-027:keyword,hBP07-027,大神ミオ,keyword,EFFECT_TEXT,website/public/cards.json#/cards[id=1813;1937]/keyword,"engine.mjs#hbp09Legacy_queueBloomEffects hBP07-027; mandatory other-own-Back target, excluding Bloom source; +30 Arts through turn",FIXED,website/lib/simulator/engine.mjs; website/tests/simulator-hbp07-mio-back-target-bloom-alignment.test.mjs,FOCUSED_PASS,website/tests/simulator-hbp07-mio-back-target-bloom-alignment.test.mjs (targeted other Back and no-target case)
hBP07-028:arts.0,hBP07-028,大神ミオ,arts.0,EFFECT_TEXT,website/public/cards.json#/cards[id=1814;1938;2142]/arts.0,engine.mjs#queueGenericArtCostEffects -> hBP07MioTopArchiveArt; optional top-card Archive; +50 only for Support,FIXED,website/lib/simulator/engine.mjs; website/tests/simulator-hbp07-mio-top-archive-arts-alignment.test.mjs,FOCUSED_PASS,website/tests/simulator-hbp07-mio-top-archive-arts-alignment.test.mjs (optional skip and Support/non-Support result)
hBP07-028:keyword,hBP07-028,大神ミオ,keyword,EFFECT_TEXT,website/public/cards.json#/cards[id=1814;1938;2142]/keyword,"engine.mjs#queueGenericTopLook; Collab sees exactly two cards, adds one, returns remainder to top",ALIGNED,,FOCUSED_PASS,website/tests/simulator-hbp07-shared-effect-alignment.test.mjs (selected card and top remainder)
hBP07-029:arts.0,hBP07-029,大神ミオ,arts.0,EFFECT_TEXT,website/public/cards.json#/cards[id=1815;1939;1940]/arts.0,"engine.mjs#queueGenericArtCostEffects -> hBP07MioTopArchiveArt; optional top Archive, Support +50, Holomem branch attaches top Cheer to one own Holomen",FIXED,website/lib/simulator/engine.mjs; website/tests/simulator-hbp07-mio-top-archive-arts-alignment.test.mjs,FOCUSED_PASS,"website/tests/simulator-hbp07-mio-top-archive-arts-alignment.test.mjs (optional skip, conditional +50, Holomem Cheer branch)"
hBP07-029:keyword,hBP07-029,大神ミオ,keyword,EFFECT_TEXT,website/public/cards.json#/cards[id=1815;1939;1940]/keyword,engine.mjs#queueGiftDamagedTriggers hBP07-029; opposing-turn damage with Support and once-per-turn gate heals 50 after damage,ALIGNED,,FOCUSED_PASS,"website/tests/simulator-resolution-order-audit.test.mjs (turn, Support, lethal ordering, separate copies)"
hBP07-030:arts.0,hBP07-030,風真いろは,arts.0,EFFECT_TEXT,website/public/cards.json#/cards[id=1816;1941]/arts.0,"engine.mjs#queueGenericArtCostEffects -> genericKeywordCheerCost; optional two source Cheer archive, then draw two",ALIGNED,,FOCUSED_PASS,website/tests/simulator-hbp07-shared-effect-alignment.test.mjs (skip and exact two-Cheer payment/draw)
hBP07-030:keyword,hBP07-030,風真いろは,keyword,EFFECT_TEXT,website/public/cards.json#/cards[id=1816;1941]/keyword,engine.mjs#hbp09Legacy_queueBloomEffects hBP07-030; Buzz-only Bloom heals one damaged own Holomen by 100,ALIGNED,,FOCUSED_PASS,website/tests/simulator-iroha-heal-batch169.test.mjs (Buzz and non-Buzz Bloom)
hBP07-031:arts.0,hBP07-031,アイラニ・イオフィフティーン,arts.0,EFFECT_TEXT,website/public/cards.json#/cards[id=1817;1942]/arts.0,engine.mjs#attack; printed green/colorless cost and 50 damage; no effect clause,ALIGNED,,NO_DIRECT_TEST,
hBP07-031:extra,hBP07-031,アイラニ・イオフィフティーン,extra,EFFECT_TEXT,website/public/cards.json#/cards[id=1817;1942]/extra,engine.mjs#knockOutUnit Buzz Extra; DOWN costs two Life,ALIGNED,,FOCUSED_PASS,website/tests/simulator-buzz-batch366.test.mjs
hBP07-031:keyword,hBP07-031,アイラニ・イオフィフティーン,keyword,EFFECT_TEXT,website/public/cards.json#/cards[id=1817;1942]/keyword,engine.mjs#queueGenericKeywordCostEffects -> genericKeywordPowerCost; optional latest two Holo Power to Archive then draw two,ALIGNED,,FOCUSED_PASS,website/tests/simulator-hbp07-shared-effect-alignment.test.mjs (payment order and draw count)
hBP07-032:arts.0,hBP07-032,輪堂千速,arts.0,BASIC_ACTION,website/public/cards.json#/cards[id=1818;2049]/arts.0,engine.mjs#attack; printed one-colorless cost and 10 damage; no effect clause,ALIGNED,,NO_DIRECT_TEST,
hBP07-032:keyword,hBP07-032,輪堂千速,keyword,EFFECT_TEXT,website/public/cards.json#/cards[id=1818;2049]/keyword,"engine.mjs#queueCollabEffects hBP07-032; second-player first-turn grouped 1st Chihaya and Fugutaro search, then shuffle",ALIGNED,,FOCUSED_PASS,website/tests/simulator-grouped-search-batch226.test.mjs (both grouped targets and turn gate)
hBP07-033:arts.0,hBP07-033,輪堂千速,arts.0,BASIC_ACTION,website/public/cards.json#/cards[id=1819;1943]/arts.0,engine.mjs#attack; printed green/colorless cost and 50 damage; no effect clause,ALIGNED,,NO_DIRECT_TEST,
hBP07-033:keyword,hBP07-033,輪堂千速,keyword,EFFECT_TEXT,website/public/cards.json#/cards[id=1819;1943]/keyword,engine.mjs#hbp09Legacy_queueBloomEffects hBP07-033; selects a FLOW GLOW Holomen Bloomed this turn for +30 Arts,ALIGNED,,FOCUSED_PASS,website/tests/simulator-engine.test.mjs (Chihaya same-turn Bloom target)
hBP07-034:arts.0,hBP07-034,輪堂千速,arts.0,EFFECT_TEXT,website/public/cards.json#/cards[id=1820;1944]/arts.0,engine.mjs#hbp09Legacy_resolveGenericArtEffects + attachmentArtsBonus; card +10 stacks with Fugutaro support +10,ALIGNED,,FOCUSED_PASS,website/tests/simulator-hbp07-shared-effect-alignment.test.mjs (with and without Fugutaro)
hBP07-034:keyword,hBP07-034,輪堂千速,keyword,EFFECT_TEXT,website/public/cards.json#/cards[id=1820;1944]/keyword,engine.mjs#queueGenericKeywordCostEffects -> genericKeywordCheerCost -> hBP07-034 remainder; optional stage Cheer cost then FLOW GLOW Debut/1st/Spot search and shuffle,ALIGNED,,FOCUSED_PASS,website/tests/simulator-flow-paid-batch170.test.mjs (optional payment and restricted search)
hBP07-035:arts.0,hBP07-035,輪堂千速,arts.0,EFFECT_TEXT,website/public/cards.json#/cards[id=1821;1945;1946]/arts.0,engine.mjs#hbp09Legacy_resolveGenericArtEffects hBP07-035:0; pending:surgingCheerBottom,ALIGNED,,FOCUSED_PASS,simulator-surging-batch359.test.mjs (2 passed)
hBP07-035:keyword,hBP07-035,輪堂千速,keyword,EFFECT_TEXT,website/public/cards.json#/cards[id=1821;1945;1946]/keyword,engine.mjs#queueCollabEffects hBP07-035; queueBloomEffects.flowGlowBloomCheer; deck-top Cheer attachment resolver,ALIGNED,,NO_DIRECT_TEST,Static source trace; no direct test
hBP07-036:arts.0,hBP07-036,赤井はあと,arts.0,BASIC_ACTION,website/public/cards.json#/cards[id=1822;2050]/arts.0,engine.mjs#attack arts[0] base cost/damage dispatcher; no printed effect text,ALIGNED,,NO_DIRECT_TEST,Static source trace; no direct test
hBP07-036:keyword,hBP07-036,赤井はあと,keyword,EFFECT_TEXT,website/public/cards.json#/cards[id=1822;2050]/keyword,engine.mjs#queueCollabEffects hBP07-036; queueDeckCardsToStage filter Debut Akai Haato count 2,ALIGNED,,FOCUSED_PASS,simulator-haato-deploy-batch171.test.mjs (2 passed)
hBP07-037:arts.0,hBP07-037,赤井はあと,arts.0,BASIC_ACTION,website/public/cards.json#/cards[id=1823;1947]/arts.0,engine.mjs#attack arts[0] base cost/damage dispatcher; no printed effect text,ALIGNED,,NO_DIRECT_TEST,Static source trace; no direct test
hBP07-037:keyword,hBP07-037,赤井はあと,keyword,EFFECT_TEXT,website/public/cards.json#/cards[id=1823;1947]/keyword,engine.mjs#queueCollabEffects fallback queueSimpleTriggeredKeyword; own-Center Haato condition and draw operation,ALIGNED,,NO_DIRECT_TEST,Static source trace; no direct test
hBP07-038:arts.0,hBP07-038,赤井はあと,arts.0,EFFECT_TEXT,website/public/cards.json#/cards[id=1824;1948]/arts.0,engine.mjs#hbp09Legacy_resolveGenericArtEffects per-stage #EN Arts modifier; end-of-turn modifier expiry,ALIGNED,,NO_DIRECT_TEST,Static source trace; no direct test
hBP07-038:keyword,hBP07-038,赤井はあと,keyword,EFFECT_TEXT,website/public/cards.json#/cards[id=1824;1948]/keyword,engine.mjs#queueBloomEffects hBP07-038; drainEffectQueue haatoRoll; rollHaatoDie bloom odd/even resolver,ALIGNED,,FOCUSED_PASS,simulator-haato-reroll-audit.test.mjs (Bloom outcomes/rerolls passed)
hBP07-039:arts.0,hBP07-039,赤井はあと,arts.0,EFFECT_TEXT,website/public/cards.json#/cards[id=1825;1949]/arts.0,engine.mjs#hbp09Legacy_resolveGenericArtEffects queueSimpleTriggeredKeyword special-damage target parser; data specialTargets,ALIGNED,,NO_DIRECT_TEST,Static source trace; no direct test
hBP07-039:keyword,hBP07-039,赤井はあと,keyword,EFFECT_TEXT,website/public/cards.json#/cards[id=1825;1949]/keyword,engine.mjs#queueStageReturnGiftEffects hBP07-039; archive Cheer selection target fixed to Gift source,ALIGNED,,NO_DIRECT_TEST,Static source trace; no direct test
hBP07-040:arts.0,hBP07-040,赤井はあと,arts.0,BASIC_ACTION,website/public/cards.json#/cards[id=1826;1950]/arts.0,engine.mjs#attack arts[0] base cost/damage dispatcher; no printed effect text,ALIGNED,,NO_DIRECT_TEST,Static source trace; no direct test
hBP07-040:keyword,hBP07-040,赤井はあと,keyword,EFFECT_TEXT,website/public/cards.json#/cards[id=1826;1950]/keyword,engine.mjs#queueCollabEffects hBP07-040; pending:returnBackDebutThenSearch; queueDeckToHand non-Buzz 1st/2nd and shuffle,ALIGNED,,FOCUSED_PASS,simulator-haato-return-batch172.test.mjs (1 passed)
hBP07-041:arts.0,hBP07-041,赤井はあと,arts.0,EFFECT_TEXT,website/public/cards.json#/cards[id=1827;1951]/arts.0,engine.mjs#hbp09Legacy_resolveGenericArtEffects all-stage red-Cheer condition +20; attack specialTargets bonus,ALIGNED,,FOCUSED_PASS,simulator-allred-batch173.test.mjs (2 passed)
hBP07-041:keyword,hBP07-041,赤井はあと,keyword,EFFECT_TEXT,website/public/cards.json#/cards[id=1827;1951]/keyword,engine.mjs#queueCollabEffects fallback queueSimpleTriggeredKeyword; opponent-Collab fixed 50 special damage,ALIGNED,,NO_DIRECT_TEST,Static source trace; no direct test
hBP07-042:arts.0,hBP07-042,赤井はあと,arts.0,EFFECT_TEXT,website/public/cards.json#/cards[id=1828;1952;1953]/arts.0,engine.mjs#hbp09Legacy_resolveGenericArtEffects multi-target special damage; attack specialTargets bonus,ALIGNED,,NO_DIRECT_TEST,Static source trace; no direct test
hBP07-042:arts.1,hBP07-042,赤井はあと,arts.1,EFFECT_TEXT,website/public/cards.json#/cards[id=1828;1952;1953]/arts.1,engine.mjs#hbp09Legacy_resolveGenericArtEffects key hBP07-042:1 checks currentTurnEvents.stageReturned; attack cost/damage resolver,ALIGNED,,FOCUSED_PASS,simulator-journey-return-batch373.test.mjs (2 passed)
hBP07-043:arts.0,hBP07-043,さくらみこ,arts.0,EFFECT_TEXT,website/public/cards.json#/cards[id=1829;1954;2063;2064]/arts.0,engine.mjs#hbp09Legacy_resolveGenericArtEffects named-attachment +70 parser and hBP07-043:0 draw-by-35P-count,FIXED,engine.mjs#hBP07-043:0; simulator-hbp07-shared-effect-alignment.test.mjs,FOCUSED_PASS,New regression failed before repair and passed after; shared-effect suite (5 passed)
hBP07-043:keyword,hBP07-043,さくらみこ,keyword,EFFECT_TEXT,website/public/cards.json#/cards[id=1829;1954;2063;2064]/keyword,engine.mjs#queueCollabEffects hBP07-043; mikoDieOverride option resolver; rollDie source-name override,ALIGNED,,NO_DIRECT_TEST,Static source trace; no direct test
hBP07-044:arts.0,hBP07-044,尾丸ポルカ,arts.0,EFFECT_TEXT,website/public/cards.json#/cards[id=1830;1955]/arts.0,engine.mjs#hbp09Legacy_resolveGenericArtEffects archive-top-2 + optional Staff recovery (7821+),ALIGNED,,FOCUSED_PASS,simulator-staff-first-batch360.test.mjs
hBP07-044:keyword,hBP07-044,尾丸ポルカ,keyword,EFFECT_TEXT,website/public/cards.json#/cards[id=1830;1955]/keyword,engine.mjs#giftKnockoutLifeReduction Polka/Oshi/Buzz/Fan/opponent-turn gates (9056),ALIGNED,,FOCUSED_PASS,simulator-buzz-life-audit.test.mjs
hBP07-045:arts.0,hBP07-045,ハコス・ベールズ,arts.0,EFFECT_TEXT,website/public/cards.json#/cards[id=1831;1956]/arts.0,engine.mjs#artsBonus per-hand +20 (8780),ALIGNED,,FOCUSED_PASS,simulator-hbp07-044-051-text-alignment.test.mjs
hBP07-045:extra,hBP07-045,ハコス・ベールズ,extra,EFFECT_TEXT,website/public/cards.json#/cards[id=1831;1956]/extra,engine.mjs#shared Buzz DOWN life-loss replacement (knockOutUnit),ALIGNED,,FOCUSED_PASS,simulator-buzz-life-audit.test.mjs
hBP07-045:keyword,hBP07-045,ハコス・ベールズ,keyword,EFFECT_TEXT,website/public/cards.json#/cards[id=1831;1956]/keyword,engine.mjs#hbp09Legacy_queueGiftOshiSkillEffects -> drainEffectQueue hbp07BaeSpGiftPower,FIXED,The trigger previously removed the live top search candidate before the SP Oshi choice resolved; it now queues the Gift after the current choice chain.,FOCUSED_PASS,simulator-hbp07-045-sp-gift-order.test.mjs: reproduced stale-deck failure before fix; search now resolves before top card enters Holo Power
hBP07-046:arts.0,hBP07-046,エリザベス・ローズ・ブラッドフレイム,arts.0,BASIC_ACTION,website/public/cards.json#/cards[id=1832;2052]/arts.0,engine.mjs#attack printed Arts cost/damage (9637-9668),ALIGNED,,FOCUSED_PASS,simulator-hbp07-044-051-text-alignment.test.mjs
hBP07-046:keyword,hBP07-046,エリザベス・ローズ・ブラッドフレイム,keyword,EFFECT_TEXT,website/public/cards.json#/cards[id=1832;2052]/keyword,engine.mjs#hbp09Legacy_queueCollabEffects grouped 1st Elizabeth + Thorn search; second-player first-turn gate (2799-2806),ALIGNED,,FOCUSED_PASS,simulator-grouped-search-batch226.test.mjs
hBP07-047:arts.0,hBP07-047,エリザベス・ローズ・ブラッドフレイム,arts.0,BASIC_ACTION,website/public/cards.json#/cards[id=1833;1957]/arts.0,engine.mjs#attack printed Arts cost/damage (9637-9668),ALIGNED,,FOCUSED_PASS,simulator-hbp07-044-051-text-alignment.test.mjs
hBP07-047:keyword,hBP07-047,エリザベス・ローズ・ブラッドフレイム,keyword,EFFECT_TEXT,website/public/cards.json#/cards[id=1833;1957]/keyword,"engine.mjs#simpleKeywordCondition Oshi-name gate + top-deck Holo Power handler (1169-1170, 2118-2125)",ALIGNED,,FOCUSED_PASS,simulator-hbp07-044-051-text-alignment.test.mjs
hBP07-048:arts.0,hBP07-048,エリザベス・ローズ・ブラッドフレイム,arts.0,EFFECT_TEXT,website/public/cards.json#/cards[id=1834;1958]/arts.0,engine.mjs#hbp09Legacy_resolveGenericArtEffects filtered mandatory archive-to-hand #EN recovery (8050-8053),ALIGNED,,FOCUSED_PASS,simulator-en-recovery-batch174.test.mjs
hBP07-048:extra,hBP07-048,エリザベス・ローズ・ブラッドフレイム,extra,EFFECT_TEXT,website/public/cards.json#/cards[id=1834;1958]/extra,engine.mjs#shared Buzz DOWN life-loss replacement (knockOutUnit),ALIGNED,,FOCUSED_PASS,simulator-buzz-life-audit.test.mjs
hBP07-048:keyword,hBP07-048,エリザベス・ローズ・ブラッドフレイム,keyword,EFFECT_TEXT,website/public/cards.json#/cards[id=1834;1958]/keyword,"SimulatorClient.copiedArtsFor + engine.mjs attack validation/cost/resolve copied art (776-779, 9627-9639)",ALIGNED,,FOCUSED_PASS,simulator-hbp07-044-051-text-alignment.test.mjs
hBP07-049:arts.0,hBP07-049,エリザベス・ローズ・ブラッドフレイム,arts.0,EFFECT_TEXT,website/public/cards.json#/cards[id=1835;1959;1960]/arts.0,"engine.mjs#artConditionApplies secondary replacement exception + artsBonus thresholds (7428, 8798)",FIXED,The generic Art condition gate treated the <=2 replacement clause as an additional requirement and suppressed the printed +30 at 3-4 life; secondary replacement clauses no longer gate the base condition.,FOCUSED_PASS,simulator-hbp07-044-051-text-alignment.test.mjs: pre-fix mismatch reproduced; 5/4/3/2/1 life verifies 130/160/160/190/190
hBP07-049:keyword,hBP07-049,エリザベス・ローズ・ブラッドフレイム,keyword,EFFECT_TEXT,website/public/cards.json#/cards[id=1835;1959;1960]/keyword,engine.mjs#queueGiftKnockoutEffects target selection and artCost -2 modifier (9139),ALIGNED,,FOCUSED_PASS,simulator-hbp07-044-051-text-alignment.test.mjs
hBP07-050:arts.0,hBP07-050,オーロ・クロニー,arts.0,BASIC_ACTION,website/public/cards.json#/cards[id=1836;2190]/arts.0,"engine.mjs#attack printed Arts cost/damage, exercised through #EN copied-Arts route (9637-9668)",ALIGNED,,FOCUSED_PASS,simulator-hbp07-044-051-text-alignment.test.mjs
hBP07-050:keyword,hBP07-050,オーロ・クロニー,keyword,EFFECT_TEXT,website/public/cards.json#/cards[id=1836;2190]/keyword,"engine.mjs#hbp09Legacy_queueCollabEffects second-player first-turn eligibility + hand Bloom (2934-2938, 4547-4548)",ALIGNED,,FOCUSED_PASS,simulator-hbp07-044-051-text-alignment.test.mjs
hBP07-051:arts.0,hBP07-051,オーロ・クロニー,arts.0,BASIC_ACTION,website/public/cards.json#/cards[id=1837;1961]/arts.0,engine.mjs#attack printed Arts cost/damage (9637-9668),ALIGNED,,FOCUSED_PASS,simulator-hbp07-044-051-text-alignment.test.mjs
hBP07-051:keyword,hBP07-051,オーロ・クロニー,keyword,EFFECT_TEXT,website/public/cards.json#/cards[id=1837;1961]/keyword,"engine.mjs#queueGenericStageCheerMove source cheer, one-card limit, #Promise filter and source exclusion (1656-1685)",ALIGNED,,FOCUSED_PASS,simulator-hbp07-044-051-text-alignment.test.mjs
hBP07-052:arts.0,hBP07-052,オーロ・クロニー,arts.0,EFFECT_TEXT,website/public/cards.json#/cards[id=1838;1962]/arts.0,engine.mjs#resolveGenericArtEffects hBP07-052 Promise non-Kronii bonus,ALIGNED,,FOCUSED_PASS,simulator-conditions-batch175.test.mjs
hBP07-052:keyword,hBP07-052,オーロ・クロニー,keyword,EFFECT_TEXT,website/public/cards.json#/cards[id=1838;1962]/keyword,engine.mjs#hbp09Legacy_queueCollabEffects to queueArchiveSupportAttachment,FIXED,engine.mjs#cheerTargetRuleFromText adds case-insensitive Holomem source targeting,FOCUSED_PASS,simulator-hbp07-052-059-text-alignment.test.mjs
hBP07-053:arts.0,hBP07-053,オーロ・クロニー,arts.0,EFFECT_TEXT,website/public/cards.json#/cards[id=1839;1963]/arts.0,engine.mjs#resolveGenericArtEffects hBP07-053 Promise Cheer target,ALIGNED,,FOCUSED_PASS,simulator-promise-batch177.test.mjs
hBP07-053:keyword,hBP07-053,オーロ・クロニー,keyword,EFFECT_TEXT,website/public/cards.json#/cards[id=1839;1963]/keyword,engine.mjs#queueBloomEffects to queueSimpleTriggeredKeyword Arts buff,ALIGNED,,FOCUSED_PASS,simulator-hbp07-052-059-text-alignment.test.mjs
hBP07-054:arts.0,hBP07-054,オーロ・クロニー,arts.0,EFFECT_TEXT,website/public/cards.json#/cards[id=1840;1964]/arts.0,engine.mjs#resolveGenericArtEffects hBP07-054 Buzz Promise Cheer target,ALIGNED,,FOCUSED_PASS,simulator-promise-batch177.test.mjs
hBP07-054:extra,hBP07-054,オーロ・クロニー,extra,EFFECT_TEXT,website/public/cards.json#/cards[id=1840;1964]/extra,engine.mjs#knockOutUnit Buzz Extra life loss,ALIGNED,,FOCUSED_PASS,simulator-promise-batch177.test.mjs
hBP07-055:arts.0,hBP07-055,オーロ・クロニー,arts.0,BASIC_ACTION,website/public/cards.json#/cards[id=1841;1965;2196]/arts.0,engine.mjs#attack dealArtsDamage specialTargets and specialValues,ALIGNED,,FOCUSED_PASS,simulator-hbp07-052-059-text-alignment.test.mjs
hBP07-055:keyword,hBP07-055,オーロ・クロニー,keyword,EFFECT_TEXT,website/public/cards.json#/cards[id=1841;1965;2196]/keyword,engine.mjs#queueBloomEffects to queueSimpleTriggeredKeyword Arts buff,ALIGNED,,FOCUSED_PASS,simulator-hbp07-052-059-text-alignment.test.mjs
hBP07-056:arts.0,hBP07-056,オーロ・クロニー,arts.0,EFFECT_TEXT,website/public/cards.json#/cards[id=1842;1966;1967]/arts.0,engine.mjs#resolveGenericArtEffects hBP07-056 Cheer transfer and Oshi bonus,ALIGNED,,FOCUSED_PASS,simulator-kronii-transfer-batch361.test.mjs
hBP07-056:keyword,hBP07-056,オーロ・クロニー,keyword,EFFECT_TEXT,website/public/cards.json#/cards[id=1842;1966;1967]/keyword,engine.mjs#advancePhase to queuePerformanceStartGiftEffects giftKroniiBloomCard,ALIGNED,,FOCUSED_PASS,simulator-hbp07-052-059-text-alignment.test.mjs
hBP07-057:arts.0,hBP07-057,猫又おかゆ,arts.0,EFFECT_TEXT,website/public/cards.json#/cards[id=1843;1968]/arts.0,engine.mjs#resolveGenericArtEffects hBP07-057 Oshi and back damage threshold,ALIGNED,,FOCUSED_PASS,simulator-damage-threshold-batch178.test.mjs
hBP07-057:keyword,hBP07-057,猫又おかゆ,keyword,EFFECT_TEXT,website/public/cards.json#/cards[id=1843;1968]/keyword,engine.mjs#queueCollabEffects to queueSimpleTriggeredKeyword specialDamage,ALIGNED,,FOCUSED_PASS,simulator-hbp07-052-059-text-alignment.test.mjs
hBP07-058:arts.0,hBP07-058,こぼ・かなえる,arts.0,EFFECT_TEXT,website/public/cards.json#/cards[id=1844;1969]/arts.0,engine.mjs#resolveGenericArtEffects hBP07-058 back count and damage draw gate,ALIGNED,,FOCUSED_PASS,simulator-kobo-hp-batch365.test.mjs
hBP07-058:keyword,hBP07-058,こぼ・かなえる,keyword,EFFECT_TEXT,website/public/cards.json#/cards[id=1844;1969]/keyword,engine.mjs#queueBloomEffects hBP07-058 color-filter Cheer search and attachment,ALIGNED,,FOCUSED_PASS,simulator-kobo-color-batch364.test.mjs
hBP07-059:arts.0,hBP07-059,シオリ・ノヴェラ,arts.0,EFFECT_TEXT,website/public/cards.json#/cards[id=1845;2191]/arts.0,engine.mjs#resolveGenericArtEffects to queueSimpleTriggeredKeyword special damage target,FIXED,engine.mjs#queueSimpleTriggeredKeyword accepts ASCII 1名 Holomen target text,FOCUSED_PASS,simulator-hbp07-052-059-text-alignment.test.mjs
hBP07-059:keyword,hBP07-059,シオリ・ノヴェラ,keyword,EFFECT_TEXT,website/public/cards.json#/cards[id=1845;2191]/keyword,engine.mjs#hBP07-059 first-turn archive Support recovery gate,ALIGNED,,FOCUSED_PASS,simulator-required-batch176.test.mjs
hBP07-060:arts.0,hBP07-060,シオリ・ノヴェラ,arts.0,BASIC_ACTION,website/public/cards.json#/cards[id=1846;1970]/arts.0,engine.mjs#attackCandidateAvailable/basic Arts resolution,ALIGNED,,FOCUSED_PASS,simulator-hbp07-060-066-text-alignment.test.mjs#basic Arts
hBP07-060:arts.1,hBP07-060,シオリ・ノヴェラ,arts.1,EFFECT_TEXT,website/public/cards.json#/cards[id=1846;1970]/arts.1,engine.mjs#attackCandidateAvailable archive-Support gate; Arts resolution,ALIGNED,,FOCUSED_PASS,simulator-hbp07-060-066-text-alignment.test.mjs#four-Support gate
hBP07-061:arts.0,hBP07-061,シオリ・ノヴェラ,arts.0,EFFECT_TEXT,website/public/cards.json#/cards[id=1847;1971]/arts.0,engine.mjs#resolveGenericArtEffects special damage,ALIGNED,,FOCUSED_PASS,simulator-shiori-batch179.test.mjs
hBP07-061:keyword,hBP07-061,シオリ・ノヴェラ,keyword,EFFECT_TEXT,website/public/cards.json#/cards[id=1847;1971]/keyword,engine.mjs#queueSimpleTriggeredKeyword Shiori Oshi top-look,ALIGNED,,FOCUSED_PASS,simulator-shiori-batch179.test.mjs
hBP07-062:arts.0,hBP07-062,シオリ・ノヴェラ,arts.0,EFFECT_TEXT,website/public/cards.json#/cards[id=1848;1972;1973]/arts.0,engine.mjs#resolveGenericArtEffects archive Cheer; Shiori Arts threshold,ALIGNED,,FOCUSED_PASS,simulator-shiori-cheer-batch363.test.mjs
hBP07-062:keyword,hBP07-062,シオリ・ノヴェラ,keyword,EFFECT_TEXT,website/public/cards.json#/cards[id=1848;1972;1973]/keyword,engine.mjs#queueGenericKeywordCostEffects; enqueueHolomemHandArchive; addModifier,ALIGNED,,FOCUSED_PASS,simulator-hbp07-060-066-text-alignment.test.mjs#062 cost
hBP07-063:arts.0,hBP07-063,AZKi,arts.0,BASIC_ACTION,website/public/cards.json#/cards[id=1849;2192]/arts.0,engine.mjs#basic Arts resolution,ALIGNED,,FOCUSED_PASS,simulator-hbp07-060-066-text-alignment.test.mjs#basic Arts
hBP07-063:keyword,hBP07-063,AZKi,keyword,EFFECT_TEXT,website/public/cards.json#/cards[id=1849;2192]/keyword,engine.mjs#hbp09Legacy_queueCollabEffects AZKi opponent Cheer bottom,ALIGNED,,FOCUSED_PASS,simulator-hbp07-060-066-text-alignment.test.mjs#063 Cheer bottom
hBP07-064:arts.0,hBP07-064,AZKi,arts.0,EFFECT_TEXT,website/public/cards.json#/cards[id=1850;1974]/arts.0,engine.mjs#resolveGenericArtEffects Pioneer search and AZKi attachment,ALIGNED,,FOCUSED_PASS,simulator-pioneer-batch180.test.mjs
hBP07-065:arts.0,hBP07-065,AZKi,arts.0,EFFECT_TEXT,website/public/cards.json#/cards[id=1851;1975]/arts.0,engine.mjs#resolveGenericArtEffects draw then hand-to-Archive choice,ALIGNED,,FOCUSED_PASS,simulator-hbp07-060-066-text-alignment.test.mjs#065 draw/archive
hBP07-065:arts.1,hBP07-065,AZKi,arts.1,BASIC_ACTION,website/public/cards.json#/cards[id=1851;1975]/arts.1,engine.mjs#basic Arts resolution,ALIGNED,,FOCUSED_PASS,simulator-hbp07-060-066-text-alignment.test.mjs#basic Arts
hBP07-066:arts.0,hBP07-066,AZKi,arts.0,BASIC_ACTION,website/public/cards.json#/cards[id=1852;2135;1976]/arts.0,engine.mjs#basic Arts resolution,ALIGNED,,FOCUSED_PASS,simulator-hbp07-060-066-text-alignment.test.mjs#basic Arts
hBP07-066:keyword,hBP07-066,AZKi,keyword,EFFECT_TEXT,website/public/cards.json#/cards[id=1852;2135;1976]/keyword,engine.mjs#hbp09Legacy_queueCollabEffects healThenArtsChoice,ALIGNED,,FOCUSED_PASS,simulator-hbp07-060-066-text-alignment.test.mjs#066 heal then Arts
hBP07-067:arts.0,hBP07-067,AZKi,arts.0,EFFECT_TEXT,website/public/cards.json#/cards[id=1853;1977;2457]/arts.0,engine.mjs#queueGenericArtCostEffects; queueSimpleTriggeredKeyword special damage,ALIGNED,,FOCUSED_PASS,simulator-hbp07-067-074-text-alignment.test.mjs#067 Arts cost
hBP07-067:keyword,hBP07-067,AZKi,keyword,EFFECT_TEXT,website/public/cards.json#/cards[id=1853;1977;2457]/keyword,engine.mjs#queueGenericTopLook AZKi top-four search,ALIGNED,,FOCUSED_PASS,simulator-hbp07-067-074-text-alignment.test.mjs#067 Bloom
hBP07-068:arts.0,hBP07-068,AZKi,arts.0,BASIC_ACTION,website/public/cards.json#/cards[id=1854;1978;2060]/arts.0,engine.mjs#attack art.specialTargets/specialValues,ALIGNED,,FOCUSED_PASS,simulator-hbp07-067-074-text-alignment.test.mjs#068 Arts
hBP07-068:keyword,hBP07-068,AZKi,keyword,EFFECT_TEXT,website/public/cards.json#/cards[id=1854;1978;2060]/keyword,engine.mjs#hbp09Legacy_queueCollabEffects distinct #0期生 count,ALIGNED,,FOCUSED_PASS,simulator-hbp07-067-074-text-alignment.test.mjs#068 Collab
hBP07-069:arts.0,hBP07-069,AZKi,arts.0,EFFECT_TEXT,website/public/cards.json#/cards[id=1855;1979;1980]/arts.0,engine.mjs#hbp09Legacy_resolveGenericArtEffects draw; attack art.specialTargets,ALIGNED,,FOCUSED_PASS,simulator-hbp07-067-074-text-alignment.test.mjs#069 Arts 0
hBP07-069:arts.1,hBP07-069,AZKi,arts.1,EFFECT_TEXT,website/public/cards.json#/cards[id=1855;1979;1980]/arts.1,engine.mjs#artConditionApplies Oshi-name gate; queueGenericKeywordCostEffects; queueExtraLifeLoss,FIXED,engine.mjs#artConditionApplies Holo成員 Oshi name parsing,FOCUSED_PASS,simulator-hbp07-067-074-text-alignment.test.mjs#069 Arts 1
hBP07-070:arts.0,hBP07-070,癒月ちょこ,arts.0,EFFECT_TEXT,website/public/cards.json#/cards[id=1856;1981]/arts.0,engine.mjs#hbp09Legacy_resolveGenericArtEffects current-turn food Events and artCost,ALIGNED,,FOCUSED_PASS,simulator-hbp07-067-074-text-alignment.test.mjs#070 Arts
hBP07-070:keyword,hBP07-070,癒月ちょこ,keyword,EFFECT_TEXT,website/public/cards.json#/cards[id=1856;1981]/keyword,engine.mjs#queueSimpleTriggeredKeyword generic cooking top-three search,ALIGNED,,FOCUSED_PASS,simulator-hbp07-067-074-text-alignment.test.mjs#070 Bloom
hBP07-071:arts.0,hBP07-071,ラプラス・ダークネス,arts.0,BASIC_ACTION,website/public/cards.json#/cards[id=1857;1982;2061]/arts.0,engine.mjs#basic Arts resolution,ALIGNED,,FOCUSED_PASS,simulator-hbp07-067-074-text-alignment.test.mjs#071 Arts
hBP07-071:keyword,hBP07-071,ラプラス・ダークネス,keyword,EFFECT_TEXT,website/public/cards.json#/cards[id=1857;1982;2061]/keyword,engine.mjs#queueGenericTopLook purple Debut top-five search,ALIGNED,,FOCUSED_PASS,simulator-topfive-batch183.test.mjs
hBP07-072:arts.0,hBP07-072,ラプラス・ダークネス,arts.0,BASIC_ACTION,website/public/cards.json#/cards[id=1858;1983]/arts.0,engine.mjs#basic Arts resolution,ALIGNED,,FOCUSED_PASS,simulator-hbp07-067-074-text-alignment.test.mjs#072 Arts
hBP07-072:keyword,hBP07-072,ラプラス・ダークネス,keyword,EFFECT_TEXT,website/public/cards.json#/cards[id=1858;1983]/keyword,engine.mjs#queueBloomEffects target choice; resolveChoice three dice and Arts modifier,FIXED,engine.mjs#queueBloomEffects hBP07-072 order target before dice,FOCUSED_PASS,simulator-hbp07-067-074-text-alignment.test.mjs#072 Bloom
hBP07-073:arts.0,hBP07-073,ラプラス・ダークネス,arts.0,EFFECT_TEXT,website/public/cards.json#/cards[id=1859;1984]/arts.0,engine.mjs#resolveGenericArtEffects queueDeckToHand shuffle,ALIGNED,,FOCUSED_PASS,simulator-laplus-batch182.test.mjs
hBP07-073:keyword,hBP07-073,ラプラス・ダークネス,keyword,EFFECT_TEXT,website/public/cards.json#/cards[id=1859;1984]/keyword,engine.mjs#hbp09Legacy_queueCollabEffects Colorless Arts cost -2,ALIGNED,,FOCUSED_PASS,simulator-hbp07-067-074-text-alignment.test.mjs#073 Collab
hBP07-074:arts.0,hBP07-074,ラプラス・ダークネス,arts.0,EFFECT_TEXT,website/public/cards.json#/cards[id=1860;1985;1986]/arts.0,engine.mjs#artConditionApplies centerColor; attack art.specialTargets,ALIGNED,,FOCUSED_PASS,simulator-hbp07-067-074-text-alignment.test.mjs#074 Arts
hBP07-074:keyword,hBP07-074,ラプラス・ダークネス,keyword,EFFECT_TEXT,website/public/cards.json#/cards[id=1860;1985;1986]/keyword,engine.mjs#queueSimpleTriggeredKeyword generic arbitrary Holomen top-look,ALIGNED,,FOCUSED_PASS,simulator-hbp07-067-074-text-alignment.test.mjs#074 Bloom
hBP07-075:arts.0,hBP07-075,古石ビジュー,arts.0,EFFECT_TEXT,website/public/cards.json#/cards[id=1861;1987]/arts.0,engine.mjs#artConditionApplies cheer threshold; resolveGenericArtEffects both-Archive Cheer count,FIXED,engine.mjs#artConditionApplies recognizes 加油 and counts both Archives,FOCUSED_PASS,simulator-hbp07-075-082-text-alignment.test.mjs#hBP07-075 Archives
hBP07-075:keyword,hBP07-075,古石ビジュー,keyword,EFFECT_TEXT,website/public/cards.json#/cards[id=1861;1987]/keyword,engine.mjs#performArts matches target color with own Archive Cheer to ignore reductions,ALIGNED,,FOCUSED_PASS,simulator-hbp07-075-082-text-alignment.test.mjs#matching Arts reduction
hBP07-076:arts.0,hBP07-076,ネリッサ・レイヴンクロフト,arts.0,EFFECT_TEXT,website/public/cards.json#/cards[id=1862;1988]/arts.0,engine.mjs#queueGenericArtCostEffects artHoloPowerCost; resolveChoice adds +30,ALIGNED,,FOCUSED_PASS,simulator-hbp07-075-082-text-alignment.test.mjs#hBP07-076 Arts
hBP07-076:extra,hBP07-076,ネリッサ・レイヴンクロフト,extra,EFFECT_TEXT,website/public/cards.json#/cards[id=1862;1988]/extra,engine.mjs#knockOutUnit cardIsBuzz lifeCount,ALIGNED,,FOCUSED_PASS,simulator-nerissa-power-batch362.test.mjs#Buzz loses exactly two life
hBP07-076:keyword,hBP07-076,ネリッサ・レイヴンクロフト,keyword,EFFECT_TEXT,website/public/cards.json#/cards[id=1862;1988]/keyword,engine.mjs#queueSimpleTriggeredKeyword requires Nerissa Oshi draws then selects hand card to Power,ALIGNED,,FOCUSED_PASS,simulator-nerissa-power-batch362.test.mjs#Nerissa Collab
hBP07-077:arts.0,hBP07-077,桃鈴ねね,arts.0,BASIC_ACTION,website/public/cards.json#/cards[id=1863;2193]/arts.0,engine.mjs#performArts uses printed cost and damage,ALIGNED,,FOCUSED_PASS,simulator-engine.test.mjs#basic printed Arts
hBP07-077:keyword,hBP07-077,桃鈴ねね,keyword,EFFECT_TEXT,website/public/cards.json#/cards[id=1863;2193]/keyword,engine.mjs#queueSimpleTriggeredKeyword second-player first-turn #5期生 2nd deck search,ALIGNED,,FOCUSED_PASS,simulator-genfive-batch184.test.mjs
hBP07-078:arts.0,hBP07-078,桃鈴ねね,arts.0,BASIC_ACTION,website/public/cards.json#/cards[id=1864;1989]/arts.0,engine.mjs#performArts uses printed cost and damage,ALIGNED,,FOCUSED_PASS,simulator-engine.test.mjs#basic printed Arts
hBP07-078:keyword,hBP07-078,桃鈴ねね,keyword,EFFECT_TEXT,website/public/cards.json#/cards[id=1864;1989]/keyword,engine.mjs#queueGenericTopLook top-five Mascot selection and bottom order,ALIGNED,,FOCUSED_PASS,simulator-topfive-batch183.test.mjs
hBP07-079:arts.0,hBP07-079,桃鈴ねね,arts.0,EFFECT_TEXT,website/public/cards.json#/cards[id=1865;1990]/arts.0,engine.mjs#resolveGenericArtEffects searches Yamena and attaches to own Holomen,ALIGNED,,FOCUSED_PASS,simulator-mascot-batch185.test.mjs
hBP07-079:keyword,hBP07-079,桃鈴ねね,keyword,EFFECT_TEXT,website/public/cards.json#/cards[id=1865;1990]/keyword,engine.mjs#queueSimpleTriggeredKeyword Archives Cheer then targets Bloom source,ALIGNED,,FOCUSED_PASS,simulator-hbp07-075-082-text-alignment.test.mjs#hBP07-079 Bloom
hBP07-080:arts.0,hBP07-080,桃鈴ねね,arts.0,BASIC_ACTION,website/public/cards.json#/cards[id=1866;1991]/arts.0,engine.mjs#performArts uses printed cost and damage,ALIGNED,,FOCUSED_PASS,simulator-engine.test.mjs#basic printed Arts
hBP07-080:keyword,hBP07-080,桃鈴ねね,keyword,EFFECT_TEXT,website/public/cards.json#/cards[id=1866;1991]/keyword,engine.mjs#manualGiftSkillAvailable and activateGiftSkill gate Oshi source archive and once per turn,ALIGNED,,FOCUSED_PASS,simulator-hbp07-075-082-text-alignment.test.mjs#hBP07-080 Gift
hBP07-081:arts.0,hBP07-081,桃鈴ねね,arts.0,EFFECT_TEXT,website/public/cards.json#/cards[id=1867;1992]/arts.0,engine.mjs#performArts splits damage to opposing Center and Collab with Girafa; hBP07-103 adds +20,ALIGNED,,FOCUSED_PASS,simulator-hbp07-075-082-text-alignment.test.mjs#hBP07-081 Arts; simulator-subaru-batch-audit.test.mjs
hBP07-081:keyword,hBP07-081,桃鈴ねね,keyword,EFFECT_TEXT,website/public/cards.json#/cards[id=1867;1992]/keyword,engine.mjs#queueSimpleTriggeredKeyword checks 4 Power after Collab and empty opposing Collab,ALIGNED,,FOCUSED_PASS,simulator-nene-collab-batch367.test.mjs
hBP07-082:arts.0,hBP07-082,桃鈴ねね,arts.0,BASIC_ACTION,website/public/cards.json#/cards[id=1868;1993]/arts.0,engine.mjs#performArts applies printed blue-target bonus,ALIGNED,,FOCUSED_PASS,simulator-hbp07-075-082-text-alignment.test.mjs#hBP07-082 Arts
hBP07-082:keyword,hBP07-082,桃鈴ねね,keyword,EFFECT_TEXT,website/public/cards.json#/cards[id=1868;1993]/keyword,engine.mjs#queueSimpleTriggeredKeyword searches and shuffles one #5期生 2nd,ALIGNED,,FOCUSED_PASS,simulator-nepolabo-batch187.test.mjs
hBP07-083:arts.0,hBP07-083,桃鈴ねね,arts.0,EFFECT_TEXT,website/public/cards.json#/cards[id=1869;1994;1995]/arts.0,engine.mjs#hBP07-083:0 and standard target-color bonus,ALIGNED,,FOCUSED_PASS,simulator-hbp07-083-090-text-alignment.test.mjs; simulator-engine.test.mjs
hBP07-083:keyword,hBP07-083,桃鈴ねね,keyword,EFFECT_TEXT,website/public/cards.json#/cards[id=1869;1994;1995]/keyword,engine.mjs#queueSimpleTriggeredKeyword:hBP07-083 center Bloom branch,ALIGNED,,FOCUSED_PASS,simulator-hbp07-083-090-text-alignment.test.mjs; simulator-nene-energy-batch368.test.mjs
hBP07-084:arts.0,hBP07-084,夏色まつり,arts.0,EFFECT_TEXT,website/public/cards.json#/cards[id=1870;1996]/arts.0,engine.mjs#generic required Archive Cheer attachment,ALIGNED,,FOCUSED_PASS,simulator-cheer-batch186.test.mjs
hBP07-084:keyword,hBP07-084,夏色まつり,keyword,EFFECT_TEXT,website/public/cards.json#/cards[id=1870;1996]/keyword,engine.mjs#down recovery Gift queue before archive,ALIGNED,,FOCUSED_PASS,simulator-down-recovery-batch426.test.mjs
hBP07-085:arts.0,hBP07-085,不知火フレア,arts.0,EFFECT_TEXT,website/public/cards.json#/cards[id=1871;1997]/arts.0,engine.mjs#resolveGenericArtEffects hBP07-085:0,ALIGNED,,FOCUSED_PASS,simulator-flare-parfait-batch369.test.mjs
hBP07-085:keyword,hBP07-085,不知火フレア,keyword,EFFECT_TEXT,website/public/cards.json#/cards[id=1871;1997]/keyword,engine.mjs#queueCollabEffects generic top-three,ALIGNED,,FOCUSED_PASS,simulator-flare-move-batch371.test.mjs
hBP07-086:arts.0,hBP07-086,ジジ・ムリン,arts.0,EFFECT_TEXT,website/public/cards.json#/cards[id=1872;1998]/arts.0,engine.mjs#generic target condition and special-target bonus,ALIGNED,,FOCUSED_PASS,simulator-hbp07-083-090-text-alignment.test.mjs
hBP07-086:keyword,hBP07-086,ジジ・ムリン,keyword,EFFECT_TEXT,website/public/cards.json#/cards[id=1872;1998]/keyword,engine.mjs#queueCollabEffects:hBP07-086 and resolveChoice:attackDamagedBack,ALIGNED,,FOCUSED_PASS,simulator-hbp07-083-090-text-alignment.test.mjs
hBP07-087:arts.0,hBP07-087,虎金妃笑虎,arts.0,BASIC_ACTION,website/public/cards.json#/cards[id=1873;2057]/arts.0,engine.mjs#standard Arts action (20 damage; one Colorless Cheer),ALIGNED,,FOCUSED_PASS,simulator-engine.test.mjs
hBP07-087:keyword,hBP07-087,虎金妃笑虎,keyword,EFFECT_TEXT,website/public/cards.json#/cards[id=1873;2057]/keyword,engine.mjs#generic keyword Cheer-deck cost before target buff,ALIGNED,,FOCUSED_PASS,simulator-engine.test.mjs
hBP07-088:arts.0,hBP07-088,虎金妃笑虎,arts.0,EFFECT_TEXT,website/public/cards.json#/cards[id=1874;1999]/arts.0,engine.mjs#resolveGenericArtEffects:hBP07-088:0,ALIGNED,,FOCUSED_PASS,simulator-cheer-batch186.test.mjs
hBP07-088:keyword,hBP07-088,虎金妃笑虎,keyword,EFFECT_TEXT,website/public/cards.json#/cards[id=1874;1999]/keyword,engine.mjs#giftDamageAdjustment:hBP07-088 special damage protection,ALIGNED,,FOCUSED_PASS,simulator-hbp07-083-090-text-alignment.test.mjs
hBP07-089:arts.0,hBP07-089,虎金妃笑虎,arts.0,BASIC_ACTION,website/public/cards.json#/cards[id=1875;2000]/arts.0,engine.mjs#standard Arts action (50 damage; one Yellow Cheer),ALIGNED,,FOCUSED_PASS,simulator-engine.test.mjs
hBP07-089:keyword,hBP07-089,虎金妃笑虎,keyword,EFFECT_TEXT,website/public/cards.json#/cards[id=1875;2000]/keyword,engine.mjs#queueBloomEffects:hBP07-089 previous-opponent-turn once-per-turn gate,ALIGNED,,FOCUSED_PASS,simulator-engine.test.mjs
hBP07-090:arts.0,hBP07-090,虎金妃笑虎,arts.0,EFFECT_TEXT,website/public/cards.json#/cards[id=1876;2001;2002]/arts.0,engine.mjs#resolveGenericArtEffects per attached Cheer and attack target color,FIXED,engine.mjs#perCheer regex recognizes Holo成員 wording,FOCUSED_PASS,simulator-hbp07-083-090-text-alignment.test.mjs
hBP07-090:keyword,hBP07-090,虎金妃笑虎,keyword,EFFECT_TEXT,website/public/cards.json#/cards[id=1876;2001;2002]/keyword,engine.mjs#queueCollabEffects:hBP07-090 optional archive Cheer selection,ALIGNED,,FOCUSED_PASS,simulator-two-cheer-batch188.test.mjs
hBP07-091:abilityText,hBP07-091,ライブスタッフ,abilityText,EFFECT_TEXT,website/public/cards.json#/cards[id=1877;2003]/abilityText,engine.mjs#fieldStaff sequence: pay stage Cheer; attach archived Fan; recover Holomem,ALIGNED,,FOCUSED_PASS,simulator-staff-batch189.test.mjs
hBP07-092:abilityText,hBP07-092,アーカイブパソコン,abilityText,EFFECT_TEXT,website/public/cards.json#/cards[id=1878;2004]/abilityText,engine.mjs#archiveHolomemToDeckDraw selection and resolution,ALIGNED,,FOCUSED_PASS,simulator-hbp07-091-098-text-alignment.test.mjs
hBP07-093:abilityText,hBP07-093,うまみー！,abilityText,EFFECT_TEXT,website/public/cards.json#/cards[id=1879;2005]/abilityText,engine.mjs#umamy:Collab Zeta Arts buff,ALIGNED,,FOCUSED_PASS,simulator-hbp07-091-098-text-alignment.test.mjs
hBP07-094:abilityText,hBP07-094,ギリわるロボ,abilityText,EFFECT_TEXT,website/public/cards.json#/cards[id=1880;2200]/abilityText,engine.mjs#badRobot life-threshold hand reset,ALIGNED,,FOCUSED_PASS,simulator-hbp07-091-098-text-alignment.test.mjs
hBP07-095:abilityText,hBP07-095,クロスインパクト,abilityText,EFFECT_TEXT,website/public/cards.json#/cards[id=1881;2006]/abilityText,engine.mjs#crossImpact both-Center-2nd gate and die branches,ALIGNED,,FOCUSED_PASS,simulator-hbp07-091-098-text-alignment.test.mjs
hBP07-096:abilityText,hBP07-096,ちゃま旅,abilityText,EFFECT_TEXT,website/public/cards.json#/cards[id=1882;2007]/abilityText,engine.mjs#haachamaTrip stackBottomOrder and player artCost modifier,ALIGNED,,FOCUSED_PASS,simulator-hbp07-091-098-text-alignment.test.mjs
hBP07-097:abilityText,hBP07-097,時の支配者 -Promise-,abilityText,EFFECT_TEXT,website/public/cards.json#/cards[id=1883;2201]/abilityText,engine.mjs#promiseTimeRuler Promise search and lower-Life buff,ALIGNED,,FOCUSED_PASS,simulator-hbp07-091-098-text-alignment.test.mjs
hBP07-098:abilityText,hBP07-098,ビッグゴッドミオーンの占い,abilityText,EFFECT_TEXT,website/public/cards.json#/cards[id=1884;2008]/abilityText,engine.mjs#mioFortune Mio-Oshi gate,ALIGNED,,FOCUSED_PASS,simulator-hbp07-091-098-text-alignment.test.mjs
hBP07-099:abilityText,hBP07-099,ブヒー！,abilityText,EFFECT_TEXT,website/public/cards.json#/cards[id=1885;2009]/abilityText,website/lib/simulator/effect-catalog.mjs#EXTENDED_SUPPORT_EFFECTS:hBP07-099; website/lib/simulator/engine.mjs#puhihi,FIXED,website/lib/simulator/engine.mjs#wasKnockedOutDuringPreviousOpponentTurn,FOCUSED_PASS,website/tests/simulator-hbp05-079-alignment.test.mjs
hBP07-100:abilityText,hBP07-100,フロンティアスピリット,abilityText,EFFECT_TEXT,website/public/cards.json#/cards[id=1886;2062]/abilityText,engine.mjs#frontierSpirit+commitNamedSupport+frontierReturn/frontierCheerPick,ALIGNED,,FOCUSED_PASS,simulator-hbp07-100-108-text-alignment.test.mjs;simulator-frontier-batch190.test.mjs
hBP07-101:abilityText,hBP07-101,ASMRマイク,abilityText,EFFECT_TEXT,website/public/cards.json#/cards[id=1887;2010]/abilityText,engine.mjs#effectiveArtCost Buzz-only Colorless reduction,ALIGNED,,FOCUSED_PASS,simulator-hbp07-100-108-text-alignment.test.mjs
hBP07-102:abilityText,hBP07-102,角巻わためのハンマー,abilityText,EFFECT_TEXT,website/public/cards.json#/cards[id=1888;2011]/abilityText,engine.mjs#attachmentBlocks/attachmentArtsBonus+queueAttachmentArtEffects,ALIGNED,,FOCUSED_PASS,simulator-hbp07-100-108-text-alignment.test.mjs
hBP07-103:abilityText,hBP07-103,ギラファノコギリクワガタ,abilityText,EFFECT_TEXT,website/public/cards.json#/cards[id=1889;2012]/abilityText,engine.mjs#attachmentArtsBonus+ignoreArtsReduction,ALIGNED,,FOCUSED_PASS,simulator-hbp07-100-108-text-alignment.test.mjs;simulator-audit-regression.test.mjs
hBP07-104:abilityText,hBP07-104,Thorn,abilityText,EFFECT_TEXT,website/public/cards.json#/cards[id=1890;2013]/abilityText,engine.mjs#attachmentBlockApplies HP condition+attachmentArtsBonus,ALIGNED,,FOCUSED_PASS,simulator-hbp07-100-108-text-alignment.test.mjs
hBP07-105:abilityText,hBP07-105,BAZO,abilityText,EFFECT_TEXT,website/public/cards.json#/cards[id=1891;2014]/abilityText,engine.mjs#attachmentArtsBonus+queueAttachmentArtEffects,ALIGNED,,FOCUSED_PASS,simulator-mascot-recovery-batch191.test.mjs
hBP07-106:abilityText,hBP07-106,ハトタウロス,abilityText,EFFECT_TEXT,website/public/cards.json#/cards[id=1892;2015]/abilityText,engine.mjs#attachmentHpBonus+queueAttachmentCollabEffects/hatoTaurus,ALIGNED,,FOCUSED_PASS,simulator-mascot-recovery-batch191.test.mjs;simulator-hbp07-100-108-text-alignment.test.mjs
hBP07-107:abilityText,hBP07-107,Boros,abilityText,EFFECT_TEXT,website/public/cards.json#/cards[id=1893;2016]/abilityText,engine.mjs#attachmentHpBonus+attachmentArtsBonus,ALIGNED,,FOCUSED_PASS,simulator-boros-batch192.test.mjs;simulator-hbp07-100-108-text-alignment.test.mjs
hBP07-108:abilityText,hBP07-108,Zecretary,abilityText,EFFECT_TEXT,website/public/cards.json#/cards[id=1894;2017]/abilityText,engine.mjs#attachmentTargets+attachmentVirtualCheerColors+queueAttachmentDamagedTriggers,ALIGNED,,FOCUSED_PASS,simulator-reaction-audit.test.mjs;simulator-hbp07-100-108-text-alignment.test.mjs
hBP07-109:abilityText,hBP07-109,Kronies,abilityText,EFFECT_TEXT,website/public/cards.json#/cards[id=1895;2018]/abilityText,engine.mjs#attachmentTargets+attachmentArtsBonus,ALIGNED,,FOCUSED_PASS,simulator-hbp07-109-110-text-alignment.test.mjs
hBP07-110:abilityText,hBP07-110,ねっ子,abilityText,EFFECT_TEXT,website/public/cards.json#/cards[id=1896;2019]/abilityText,engine.mjs#attachmentTargets+queueAttachmentBloomEffects+queueBloomEffects,ALIGNED,,FOCUSED_PASS,simulator-hbp07-109-110-text-alignment.test.mjs
hBP08-001:oshiSkill,hBP08-001,IRyS,oshiSkill,EFFECT_TEXT,website/public/cards.json#/cards[id=2204;2331]/oshiSkill,engine.mjs#hbp09Legacy_resolveNormalOshiSkill hBP08-001; engine.mjs#oshiIrysBuff,ALIGNED,,FOCUSED_PASS,simulator-hbp08-001-006-oshi-alignment.test.mjs
hBP08-001:spOshiSkill,hBP08-001,IRyS,spOshiSkill,EFFECT_TEXT,website/public/cards.json#/cards[id=2204;2331]/spOshiSkill,engine.mjs#hbp09Legacy_resolveSpOshiSkill hBP08-001; drawCards and IRyS Cheer aggregation,ALIGNED,,FOCUSED_PASS,simulator-hbp08-001-006-oshi-alignment.test.mjs
hBP08-002:oshiSkill,hBP08-002,セシリア・イマーグリーン,oshiSkill,EFFECT_TEXT,website/public/cards.json#/cards[id=2205;2332]/oshiSkill,engine.mjs#hbp09Legacy_resolveNormalOshiSkill hBP08-002; eventCheerTarget deferred recipient readiness,FIXED,engine.mjs#ceciliaUnrestBatch,FOCUSED_PASS,simulator-hbp08-001-006-oshi-alignment.test.mjs
hBP08-002:stageSkill,hBP08-002,セシリア・イマーグリーン,stageSkill,EFFECT_TEXT,website/public/cards.json#/cards[id=2205;2332]/stageSkill,engine.mjs#beginTurn hBP08-002 Cecilia reset lock,ALIGNED,,FOCUSED_PASS,oshi-skill-regression.test.mjs
hBP08-003:oshiSkill,hBP08-003,FUWAMOCO,oshiSkill,EFFECT_TEXT,website/public/cards.json#/cards[id=2206;2326;2333]/oshiSkill,engine.mjs#hbp09Legacy_resolveNormalOshiSkill hBP08-003; red/blue Cheer and Archive handlers,ALIGNED,,FOCUSED_PASS,simulator-mococo-oshi-batch236.test.mjs
hBP08-003:stageSkill,hBP08-003,FUWAMOCO,stageSkill,EFFECT_TEXT,website/public/cards.json#/cards[id=2206;2326;2333]/stageSkill,engine.mjs#hbp09Legacy_effectiveCheerColors hBP08-003,ALIGNED,,FOCUSED_PASS,oshi-skill-regression.test.mjs; simulator-blue-oshi-batch217.test.mjs
hBP08-004:oshiSkill,hBP08-004,水宮枢,oshiSkill,EFFECT_TEXT,website/public/cards.json#/cards[id=2207;2327;2334]/oshiSkill,engine.mjs#hbp09Legacy_resolveNormalOshiSkill hBP08-004; effectiveBatonCost turn duration,ALIGNED,,FOCUSED_PASS,simulator-hbp08-001-006-oshi-alignment.test.mjs
hBP08-004:spOshiSkill,hBP08-004,水宮枢,spOshiSkill,EFFECT_TEXT,website/public/cards.json#/cards[id=2207;2327;2334]/spOshiSkill,engine.mjs#hbp09Legacy_resolveSpOshiSkill hBP08-004; specialDamage,ALIGNED,,FOCUSED_PASS,simulator-hbp08-001-006-oshi-alignment.test.mjs
hBP08-005:oshiSkill,hBP08-005,鷹嶺ルイ,oshiSkill,EFFECT_TEXT,website/public/cards.json#/cards[id=2208;2328;2335;2456]/oshiSkill,engine.mjs#hbp09Legacy_resolveNormalOshiSkill hBP08-005; exact two-card discard and eligible front special damage,ALIGNED,,FOCUSED_PASS,simulator-lui-oshi-batch237.test.mjs
hBP08-005:stageSkill,hBP08-005,鷹嶺ルイ,stageSkill,EFFECT_TEXT,website/public/cards.json#/cards[id=2208;2328;2335;2456]/stageSkill,engine.mjs#finishTurn hBP08-005 Center Lui and Collab draw-to-four,ALIGNED,,FOCUSED_PASS,oshi-skill-regression.test.mjs
hBP08-006:oshiSkill,hBP08-006,一伊那尓栖,oshiSkill,EFFECT_TEXT,website/public/cards.json#/cards[id=2209;2329;2336]/oshiSkill,engine.mjs#hbp09Legacy_resolveNormalOshiSkill hBP08-006; oshiInaPower and oshiAllColors,ALIGNED,,FOCUSED_PASS,simulator-hbp08-001-006-oshi-alignment.test.mjs
hBP08-006:stageSkill,hBP08-006,一伊那尓栖,stageSkill,EFFECT_TEXT,website/public/cards.json#/cards[id=2209;2329;2336]/stageSkill,engine.mjs#effectiveArtCost hBP08-006 opponent color condition,ALIGNED,,FOCUSED_PASS,oshi-skill-regression.test.mjs
hBP08-007:oshiSkill,hBP08-007,音乃瀬奏,oshiSkill,EFFECT_TEXT,website/public/cards.json#/cards[id=2210;2330;2337]/oshiSkill,engine.mjs#hbp09Legacy_finishTurn + choose/oshiKanadeSwap; oshi-skill-catalog.mjs#hBP08-007,FIXED,Require Arts/valid ReGLOSS target/two Power; pay on use,FOCUSED_PASS,website/tests/simulator-hbp08-007-oshi-alignment.test.mjs
hBP08-007:spOshiSkill,hBP08-007,音乃瀬奏,spOshiSkill,EFFECT_TEXT,website/public/cards.json#/cards[id=2210;2330;2337]/spOshiSkill,engine.mjs#hbp09Legacy_resolveSpOshiSkill + finishTurn/endKanadeArchive,FIXED,Queue all three stage-Cheer archive selections before end-step completion,FOCUSED_PASS,website/tests/simulator-hbp08-007-oshi-alignment.test.mjs
hBP08-008:arts.0,hBP08-008,IRyS,arts.0,BASIC_ACTION,website/public/cards.json#/cards[id=2211]/arts.0,engine.mjs#attack (shared Arts cost/damage path),ALIGNED,,FOCUSED_PASS,website/tests/simulator-hbp08-008-alignment.test.mjs
hBP08-008:keyword,hBP08-008,IRyS,keyword,EFFECT_TEXT,website/public/cards.json#/cards[id=2211]/keyword,engine.mjs#hbp09Legacy_queueCollabEffects(hBP08-008) + choose/addModifier,ALIGNED,,FOCUSED_PASS,simulator-hbp08-008-alignment.test.mjs; simulator-engine.test.mjs
hBP08-009:arts.0,hBP08-009,IRyS,arts.0,BASIC_ACTION,website/public/cards.json#/cards[id=2212]/arts.0,engine.mjs#attack (shared Arts cost/damage path),ALIGNED,,FOCUSED_PASS,simulator-hbp08-009-013-alignment.test.mjs
hBP08-009:keyword,hBP08-009,IRyS,keyword,EFFECT_TEXT,website/public/cards.json#/cards[id=2212]/keyword,engine.mjs#hbp09Legacy_queueCollabEffects(hBP08-009) + powerSupportToHandThenDeckTop,ALIGNED,,FOCUSED_PASS,simulator-required-effects-batch228.test.mjs (0809 cases)
hBP08-010:arts.0,hBP08-010,IRyS,arts.0,BASIC_ACTION,website/public/cards.json#/cards[id=2213]/arts.0,engine.mjs#attack (shared Arts cost/damage path),ALIGNED,,FOCUSED_PASS,simulator-hbp08-009-013-alignment.test.mjs
hBP08-010:keyword,hBP08-010,IRyS,keyword,EFFECT_TEXT,website/public/cards.json#/cards[id=2213]/keyword,engine.mjs#hbp09Legacy_queueBloomEffects(hBP08-010) + queueDeckToHand named filter,ALIGNED,,FOCUSED_PASS,simulator-irys-batch194.test.mjs
hBP08-011:arts.0,hBP08-011,IRyS,arts.0,BASIC_ACTION,website/public/cards.json#/cards[id=2214]/arts.0,engine.mjs#attack + hbp09Legacy_resolveGenericArtEffects condition/draw path,ALIGNED,,FOCUSED_PASS,simulator-hbp08-009-013-alignment.test.mjs
hBP08-011:keyword,hBP08-011,IRyS,keyword,EFFECT_TEXT,website/public/cards.json#/cards[id=2214]/keyword,engine.mjs#hbp09Legacy_queueCollabEffects + queueSimpleTriggeredKeyword/simpleKeywordCondition,ALIGNED,,FOCUSED_PASS,simulator-hbp08-009-013-alignment.test.mjs
hBP08-012:arts.0,hBP08-012,IRyS,arts.0,BASIC_ACTION,website/public/cards.json#/cards[id=2215]/arts.0,engine.mjs#attack + resolveGenericArtEffects special-damage path,ALIGNED,,FOCUSED_PASS,simulator-hbp08-009-013-alignment.test.mjs
hBP08-012:keyword,hBP08-012,IRyS,keyword,EFFECT_TEXT,website/public/cards.json#/cards[id=2215]/keyword,engine.mjs#hbp09Legacy_queueBloomEffects(hBP08-012) + choose/cheerBottomToIrys,ALIGNED,,FOCUSED_PASS,simulator-hbp08-009-013-alignment.test.mjs
hBP08-013:arts.0,hBP08-013,IRyS,arts.0,BASIC_ACTION,website/public/cards.json#/cards[id=2216]/arts.0,engine.mjs#attack specialTargets/specialValues modifier,ALIGNED,,FOCUSED_PASS,simulator-hbp08-009-013-alignment.test.mjs
hBP08-013:keyword,hBP08-013,IRyS,keyword,EFFECT_TEXT,website/public/cards.json#/cards[id=2216]/keyword,engine.mjs#hBP08-013 knockout Gift branch,ALIGNED,,FOCUSED_PASS,simulator-hbp08-009-013-alignment.test.mjs
hBP08-014:arts.0,hBP08-014,IRyS,arts.0,EFFECT_TEXT,website/public/cards.json#/cards[id=2217;2338;2351]/arts.0,engine.mjs#hbp09Legacy_resolveGenericArtEffects purple Cheer scaling plus generic red-target bonus,ALIGNED,,NO_DIRECT_TEST,Source wiring and parameters were reviewed; no dedicated focused or reused execution test was mapped to this slot in the narrowed audit.
hBP08-014:keyword,hBP08-014,IRyS,keyword,EFFECT_TEXT,website/public/cards.json#/cards[id=2217;2338;2351]/keyword,engine.mjs#hbp09Legacy_queueBloomEffects fixed special-damage branch,ALIGNED,,NO_DIRECT_TEST,Source wiring and parameters were reviewed; no dedicated focused or reused execution test was mapped to this slot in the narrowed audit.
hBP08-015:arts.0,hBP08-015,ときのそら,arts.0,BASIC_ACTION,website/public/cards.json#/cards[id=2218;2391]/arts.0,engine.mjs#attack 20 damage and one Colorless cost,ALIGNED,,NO_DIRECT_TEST,Source wiring and parameters were reviewed; no dedicated focused or reused execution test was mapped to this slot in the narrowed audit.
hBP08-015:keyword,hBP08-015,ときのそら,keyword,EFFECT_TEXT,website/public/cards.json#/cards[id=2218;2391]/keyword,engine.mjs#hbp09Legacy_giftDamageAdjustment incoming opponent Arts only,FIXED,engine.mjs#hbp09Legacy_giftDamageAdjustment source-owner check,FOCUSED_PASS,simulator-hbp08-014-020-alignment.test.mjs opponent same-owner and special damage
hBP08-016:arts.0,hBP08-016,ときのそら,arts.0,EFFECT_TEXT,website/public/cards.json#/cards[id=2219;2392]/arts.0,engine.mjs#hbp09Legacy_resolveGenericArtEffects three-Sora draw condition,ALIGNED,,NO_DIRECT_TEST,Source wiring and parameters were reviewed; no dedicated focused or reused execution test was mapped to this slot in the narrowed audit.
hBP08-016:arts.1,hBP08-016,ときのそら,arts.1,BASIC_ACTION,website/public/cards.json#/cards[id=2219;2392]/arts.1,engine.mjs#attack 90 damage and White plus two Colorless cost,ALIGNED,,NO_DIRECT_TEST,Source wiring and parameters were reviewed; no dedicated focused or reused execution test was mapped to this slot in the narrowed audit.
hBP08-017:arts.0,hBP08-017,ときのそら,arts.0,EFFECT_TEXT,website/public/cards.json#/cards[id=2220;2352]/arts.0,engine.mjs#hbp09Legacy_resolveGenericArtEffects 2nd #0期生 condition,ALIGNED,,NO_DIRECT_TEST,Source wiring and parameters were reviewed; no dedicated focused or reused execution test was mapped to this slot in the narrowed audit.
hBP08-017:keyword,hBP08-017,ときのそら,keyword,EFFECT_TEXT,website/public/cards.json#/cards[id=2220;2352]/keyword,engine.mjs#queueSimpleTriggeredKeyword required Ankimo Collab search,ALIGNED,,NO_DIRECT_TEST,Source wiring and parameters were reviewed; no dedicated focused or reused execution test was mapped to this slot in the narrowed audit.
hBP08-018:arts.0,hBP08-018,ときのそら,arts.0,EFFECT_TEXT,website/public/cards.json#/cards[id=2221;2339;2353]/arts.0,engine.mjs#hbp09Legacy_resolveGenericArtEffects Oshi-gated other-Sora back-2nd target and red bonus,ALIGNED,,NO_DIRECT_TEST,Source wiring and parameters were reviewed; no dedicated focused or reused execution test was mapped to this slot in the narrowed audit.
hBP08-018:keyword,hBP08-018,ときのそら,keyword,EFFECT_TEXT,website/public/cards.json#/cards[id=2221;2339;2353]/keyword,engine.mjs#queueSimpleTriggeredKeyword Center-Collab-only two-card Bloom draw,ALIGNED,,NO_DIRECT_TEST,Source wiring and parameters were reviewed; no dedicated focused or reused execution test was mapped to this slot in the narrowed audit.
hBP08-019:arts.0,hBP08-019,ラオーラ・パンテーラ,arts.0,EFFECT_TEXT,website/public/cards.json#/cards[id=2222;2393]/arts.0,engine.mjs#hbp09Legacy_resolveGenericArtEffects required Chattino search and attachment,ALIGNED,,NO_DIRECT_TEST,Source wiring and parameters were reviewed; no dedicated focused or reused execution test was mapped to this slot in the narrowed audit.
hBP08-019:keyword,hBP08-019,ラオーラ・パンテーラ,keyword,EFFECT_TEXT,website/public/cards.json#/cards[id=2222;2393]/keyword,engine.mjs#hbp09Legacy_giftArtsBonus hbp09Legacy_holomemHpBonus hbp09Legacy_effectiveArtCost,ALIGNED,,NO_DIRECT_TEST,Source wiring and parameters were reviewed; no dedicated focused or reused execution test was mapped to this slot in the narrowed audit.
hBP08-020:arts.0,hBP08-020,響咲リオナ,arts.0,EFFECT_TEXT,website/public/cards.json#/cards[id=2223;2354]/arts.0,engine.mjs#hbp09Legacy_resolveGenericArtEffects current-turn deck-archive threshold,ALIGNED,,NO_DIRECT_TEST,Source wiring and parameters were reviewed; no dedicated focused or reused execution test was mapped to this slot in the narrowed audit.
hBP08-020:keyword,hBP08-020,響咲リオナ,keyword,EFFECT_TEXT,website/public/cards.json#/cards[id=2223;2354]/keyword,engine.mjs#queueSimpleTriggeredKeyword archiveDeckTopDraw resolver,ALIGNED,,NO_DIRECT_TEST,Source wiring and parameters were reviewed; no dedicated focused or reused execution test was mapped to this slot in the narrowed audit.
hBP08-021:arts.0,hBP08-021,セシリア・イマーグリーン,arts.0,BASIC_ACTION,website/public/cards.json#/cards[id=2224]/arts.0,engine.mjs#attack 30 damage and one Colorless cost,ALIGNED,,NO_DIRECT_TEST,Source wiring and parameters were reviewed; no dedicated focused or reused execution test was mapped to this slot in the narrowed audit.
hBP08-021:keyword,hBP08-021,セシリア・イマーグリーン,keyword,EFFECT_TEXT,website/public/cards.json#/cards[id=2224]/keyword,engine.mjs#queueSimpleTriggeredKeyword own second-player first-turn two-Otomo search,ALIGNED,,NO_DIRECT_TEST,Source wiring and parameters were reviewed; no dedicated focused or reused execution test was mapped to this slot in the narrowed audit.
hBP08-022:arts.0,hBP08-022,セシリア・イマーグリーン,arts.0,BASIC_ACTION,website/public/cards.json#/cards[id=2225;2394]/arts.0,engine.mjs#attack 20 damage and one Colorless cost,ALIGNED,,NO_DIRECT_TEST,Source wiring and parameters were reviewed; no dedicated focused or reused execution test was mapped to this slot in the narrowed audit.
hBP08-022:keyword,hBP08-022,セシリア・イマーグリーン,keyword,EFFECT_TEXT,website/public/cards.json#/cards[id=2225;2394]/keyword,engine.mjs#batonPass rests the outgoing Cecilia after Baton Touch,ALIGNED,,NO_DIRECT_TEST,Source wiring and parameters were reviewed; no dedicated focused or reused execution test was mapped to this slot in the narrowed audit.
hBP08-023:arts.0,hBP08-023,セシリア・イマーグリーン,arts.0,BASIC_ACTION,website/public/cards.json#/cards[id=2226;2395]/arts.0,engine.mjs#attack 40 damage and one Green cost,ALIGNED,,NO_DIRECT_TEST,Source wiring and parameters were reviewed; no dedicated focused or reused execution test was mapped to this slot in the narrowed audit.
hBP08-023:keyword,hBP08-023,セシリア・イマーグリーン,keyword,EFFECT_TEXT,website/public/cards.json#/cards[id=2226;2395]/keyword,engine.mjs#hbp09Legacy_queueBloomEffects optional rest then conditional Justice healing,ALIGNED,,NO_DIRECT_TEST,Source wiring and parameters were reviewed; no dedicated focused or reused execution test was mapped to this slot in the narrowed audit.
hBP08-024:arts.0,hBP08-024,セシリア・イマーグリーン,arts.0,EFFECT_TEXT,website/public/cards.json#/cards[id=2227;2396]/arts.0,engine.mjs#hbp09Legacy_resolveGenericArtEffects rests source before 60 damage,ALIGNED,,NO_DIRECT_TEST,Source wiring and parameters were reviewed; no dedicated focused or reused execution test was mapped to this slot in the narrowed audit.
hBP08-024:keyword,hBP08-024,セシリア・イマーグリーン,keyword,EFFECT_TEXT,website/public/cards.json#/cards[id=2227;2396]/keyword,engine.mjs#hbp09Legacy_giftDamageAdjustment opponent special damage immunity on rested Cecilia,FIXED,engine.mjs#hbp09Legacy_giftDamageAdjustment added source-owner condition,FOCUSED_PASS,simulator-hbp08-021-027-alignment.test.mjs
hBP08-025:arts.0,hBP08-025,セシリア・イマーグリーン,arts.0,BASIC_ACTION,website/public/cards.json#/cards[id=2228;2355]/arts.0,engine.mjs#attack 30 damage and one Colorless cost,ALIGNED,,NO_DIRECT_TEST,Source wiring and parameters were reviewed; no dedicated focused or reused execution test was mapped to this slot in the narrowed audit.
hBP08-025:keyword,hBP08-025,セシリア・イマーグリーン,keyword,EFFECT_TEXT,website/public/cards.json#/cards[id=2228;2355]/keyword,engine.mjs#hbp09Legacy_queueCollabEffects two rested Justice grants all own Holomen +20,ALIGNED,,NO_DIRECT_TEST,Source wiring and parameters were reviewed; no dedicated focused or reused execution test was mapped to this slot in the narrowed audit.
hBP08-026:arts.0,hBP08-026,セシリア・イマーグリーン,arts.0,BASIC_ACTION,website/public/cards.json#/cards[id=2229;2397]/arts.0,engine.mjs#attack 90 Green plus one Colorless and blue-target bonus,ALIGNED,,NO_DIRECT_TEST,Source wiring and parameters were reviewed; no dedicated focused or reused execution test was mapped to this slot in the narrowed audit.
hBP08-026:keyword,hBP08-026,セシリア・イマーグリーン,keyword,EFFECT_TEXT,website/public/cards.json#/cards[id=2229;2397]/keyword,engine.mjs#hbp09Legacy_queueCollabEffects two rested Justice grants source +50,ALIGNED,,NO_DIRECT_TEST,Source wiring and parameters were reviewed; no dedicated focused or reused execution test was mapped to this slot in the narrowed audit.
hBP08-027:arts.0,hBP08-027,セシリア・イマーグリーン,arts.0,EFFECT_TEXT,website/public/cards.json#/cards[id=2230;2340;2356]/arts.0,engine.mjs#hbp09Legacy_resolveGenericArtEffects draws by rested Justice count then rests source,ALIGNED,,NO_DIRECT_TEST,Source wiring and parameters were reviewed; no dedicated focused or reused execution test was mapped to this slot in the narrowed audit.
hBP08-027:keyword,hBP08-027,セシリア・イマーグリーン,keyword,EFFECT_TEXT,website/public/cards.json#/cards[id=2230;2340;2356]/keyword,engine.mjs#hbp09Legacy_queueBloomEffects archives one Cheer per rested Justice to source,ALIGNED,,NO_DIRECT_TEST,Source wiring and parameters were reviewed; no dedicated focused or reused execution test was mapped to this slot in the narrowed audit.
hBP08-028:arts.0,hBP08-028,アキ・ローゼンタール,arts.0,EFFECT_TEXT,website/public/cards.json#/cards[id=2231;2357]/arts.0,engine.mjs#hbp09Legacy_resolveGenericArtEffects hBP08-028:0; targets own Holomen with an attached supportTool and heals 30 HP,FIXED,website/lib/simulator/engine.mjs; add the missing hBP08-028 Arts target/heal handler,FOCUSED_PASS,website/tests/simulator-hbp08-028-033-text-alignment.test.mjs (red without handler; real Tool target healed 30 and no-Tool target excluded)
hBP08-028:keyword,hBP08-028,アキ・ローゼンタール,keyword,EFFECT_TEXT,website/public/cards.json#/cards[id=2231;2357]/keyword,engine.mjs#queueBloomEffects hBP08-028; own Aki with Tool; +20 Arts replaced by +50 for Buzz or 2nd,ALIGNED,,FOCUSED_PASS,website/tests/simulator-engine.test.mjs (Aki Tool target gate and 20/50 replacement)
hBP08-029:arts.0,hBP08-029,風真いろは,arts.0,BASIC_ACTION,website/public/cards.json#/cards[id=2232;2398]/arts.0,engine.mjs#attack and effectiveArtCost; printed Green cost and 20 damage use shared Arts resolution,ALIGNED,,NO_DIRECT_TEST,
hBP08-029:keyword,hBP08-029,風真いろは,keyword,EFFECT_TEXT,website/public/cards.json#/cards[id=2232;2398]/keyword,engine.mjs#hbp09Legacy_queueGiftDamagedTriggers; opponent-turn positive Arts damage to own Center #秘密結社holoX; own hBP08-029 must be in Collab; per-copy once-per-turn Holo Power,ALIGNED,,FOCUSED_PASS,"website/tests/simulator-resolution-order-audit.test.mjs (Arts vs special, Center vs Back, damage, target tag, Gift position, owner turn, and once-per-copy gates)"
hBP08-030:arts.0,hBP08-030,パヴォリア・レイネ,arts.0,BASIC_ACTION,website/public/cards.json#/cards[id=2233;2399]/arts.0,engine.mjs#attack and effectiveArtCost; printed Colorless cost and 10 damage use shared Arts resolution,ALIGNED,,NO_DIRECT_TEST,
hBP08-030:keyword,hBP08-030,パヴォリア・レイネ,keyword,EFFECT_TEXT,website/public/cards.json#/cards[id=2233;2399]/keyword,"engine.mjs#queueSimpleTriggeredKeyword hBP08-030; optional #ID2 hand archive, then top Cheer to one own Back Holomen",ALIGNED,,FOCUSED_PASS,website/tests/simulator-reine-batch202.test.mjs (pay and decline branches with Back target)
hBP08-031:arts.0,hBP08-031,パヴォリア・レイネ,arts.0,EFFECT_TEXT,website/public/cards.json#/cards[id=2234;2358]/arts.0,engine.mjs#hbp09Legacy_resolveGenericArtEffects hBP08-031:0; archive top Cheer and heal by distinct effective Cheer colors on own Stage,ALIGNED,,FOCUSED_PASS,website/tests/simulator-color-heal-batch233.test.mjs (available/empty Cheer Deck and distinct-color heal)
hBP08-031:extra,hBP08-031,パヴォリア・レイネ,extra,EFFECT_TEXT,website/public/cards.json#/cards[id=2234;2358]/extra,engine.mjs#knockOutUnit cardIsBuzz; Buzz knockout removes two Life,ALIGNED,,FOCUSED_PASS,website/tests/simulator-color-heal-batch233.test.mjs (hBP08-031 knockout removes two Life)
hBP08-031:keyword,hBP08-031,パヴォリア・レイネ,keyword,EFFECT_TEXT,website/public/cards.json#/cards[id=2234;2358]/keyword,engine.mjs#triggerCheerArchivedGift; Center/Collab own-turn Cheer archive draws once; hBP08-031 Arts archive now dispatches the shared event,FIXED,website/lib/simulator/engine.mjs; dispatch triggerCheerArchivedGift when hBP08-031 Arts archives an available Cheer,FOCUSED_PASS,website/tests/simulator-hbp08-028-033-text-alignment.test.mjs (red before shared archive trigger; one Cheer archived and one card drawn after fix)
hBP08-032:arts.0,hBP08-032,パヴォリア・レイネ,arts.0,EFFECT_TEXT,website/public/cards.json#/cards[id=2235;2400]/arts.0,engine.mjs#hBP08-032:0 printed Arts bonus branch; +70 only if another own #ID2 Holomen has printed Purple or Yellow Cheer,ALIGNED,,FOCUSED_PASS,website/tests/simulator-hbp08-028-033-text-alignment.test.mjs (Purple and Yellow on another #ID2 grant +70; attacker-only Cheer does not)
hBP08-032:keyword,hBP08-032,パヴォリア・レイネ,keyword,EFFECT_TEXT,website/public/cards.json#/cards[id=2235;2400]/keyword,engine.mjs#queueBloomEffects hBP08-032; selects own 2nd Ollie or Anya and adds +70 Arts this turn,ALIGNED,,FOCUSED_PASS,website/tests/simulator-reine-target-batch206.test.mjs (both named legal targets; Debut excluded)
hBP08-033:arts.0,hBP08-033,パヴォリア・レイネ,arts.0,EFFECT_TEXT,website/public/cards.json#/cards[id=2236;2341;2359]/arts.0,engine.mjs#hbp09Legacy_resolveGenericArtEffects hBP08-033:0 archives 1-2 Cheer to one own Reine; printed Arts metadata adds +50 against Blue,ALIGNED,,FOCUSED_PASS,website/tests/simulator-hbp08-028-033-text-alignment.test.mjs (one-card archive transfer; Blue +50 versus non-Blue) and website/tests/simulator-reine-cheer-batch207.test.mjs (two Cheers to one Reine)
hBP08-033:keyword,hBP08-033,パヴォリア・レイネ,keyword,EFFECT_TEXT,website/public/cards.json#/cards[id=2236;2341;2359]/keyword,"engine.mjs#hbp09Legacy_queueCollabEffects hBP08-033; required own #ID deck Cheer search, attach to eligible own #ID Holomen, shuffle Cheer Deck",ALIGNED,,FOCUSED_PASS,website/tests/simulator-reine-cheer-batch207.test.mjs (required #ID cheer search and attachment target)
hBP08-034:arts.0,hBP08-034,モココ・アビスガード,arts.0,BASIC_ACTION,website/public/cards.json#/cards[id=2237]/arts.0,engine.mjs#resolveGenericArtEffects shared Arts cost and printed 30 damage,ALIGNED,,FOCUSED_PASS,simulator-hbp08-034-040-text-alignment.test.mjs (printed base Arts damage)
hBP08-034:keyword,hBP08-034,モココ・アビスガード,keyword,EFFECT_TEXT,website/public/cards.json#/cards[id=2237]/keyword,engine.mjs#hbp09Legacy_queueCollabEffects hBP08-034 second-player first-turn gate and Fuwawa-to-Mococo search sequence,ALIGNED,,FOCUSED_PASS,simulator-fuwamoco-batch208.test.mjs (required Fuwawa and Mococo searches); simulator-hbp08-034-040-text-alignment.test.mjs (first-player gate)
hBP08-035:arts.0,hBP08-035,モココ・アビスガード,arts.0,EFFECT_TEXT,website/public/cards.json#/cards[id=2238;2401]/arts.0,engine.mjs#artConditionApplies source Blue Cheer gate plus shared Arts damage,ALIGNED,,FOCUSED_PASS,simulator-hbp08-034-040-text-alignment.test.mjs (Blue Cheer +30 and no-Blue base damage)
hBP08-036:arts.0,hBP08-036,モココ・アビスガード,arts.0,BASIC_ACTION,website/public/cards.json#/cards[id=2239;2402]/arts.0,engine.mjs#resolveGenericArtEffects shared Arts cost and printed 40 damage,ALIGNED,,FOCUSED_PASS,simulator-hbp08-034-040-text-alignment.test.mjs (printed base Arts damage)
hBP08-036:keyword,hBP08-036,モココ・アビスガード,keyword,EFFECT_TEXT,website/public/cards.json#/cards[id=2239;2402]/keyword,engine.mjs#hbp09Legacy_queueBloomEffects named search for Pero Ruffians or mischievous Ruffians and shuffle,ALIGNED,,FOCUSED_PASS,simulator-mococo-batch204.test.mjs (all three printed search names)
hBP08-037:arts.0,hBP08-037,モココ・アビスガード,arts.0,EFFECT_TEXT,website/public/cards.json#/cards[id=2240;2360]/arts.0,engine.mjs#hbp09Legacy_resolveGenericArtEffects hBP08-037:0 two-Blue gate and top Cheer attachment to own Fuwawa,ALIGNED,,FOCUSED_PASS,simulator-hbp08-034-040-text-alignment.test.mjs (one versus two Blue Cheer)
hBP08-037:keyword,hBP08-037,モココ・アビスガード,keyword,EFFECT_TEXT,website/public/cards.json#/cards[id=2240;2360]/keyword,engine.mjs#hbp09Legacy_queueBloomEffects own Fuwawa gate and 20 special damage to opponent Center or Collab,ALIGNED,,FOCUSED_PASS,simulator-fuwawa-gate-batch205.test.mjs (Fuwawa target and no-Fuwawa gate)
hBP08-038:arts.0,hBP08-038,モココ・アビスガード,arts.0,BASIC_ACTION,website/public/cards.json#/cards[id=2241;2361]/arts.0,engine.mjs#resolveGenericArtEffects shared printed Green-target +50 special bonus,ALIGNED,,FOCUSED_PASS,simulator-hbp08-034-040-text-alignment.test.mjs (Green and non-Green targets)
hBP08-038:keyword,hBP08-038,モココ・アビスガード,keyword,EFFECT_TEXT,website/public/cards.json#/cards[id=2241;2361]/keyword,engine.mjs#hbp09Legacy_queueCollabEffects Blue FUWAMOCO Oshi gate and optional #Advent archive recovery,FIXED,website/lib/simulator/engine.mjs; add missing hBP08-038 Collab archive-to-hand registration,FOCUSED_PASS,simulator-hbp08-034-040-text-alignment.test.mjs (red without branch; optional eligible recovery and invalid-gate checks)
hBP08-039:arts.0,hBP08-039,モココ・アビスガード,arts.0,EFFECT_TEXT,website/public/cards.json#/cards[id=2242;2342;2362]/arts.0,engine.mjs#hbp09Legacy_resolveGenericArtEffects Blue Cheer scaling and optional transfer to Fuwawa plus printed Purple-target +50,ALIGNED,,FOCUSED_PASS,simulator-hbp08-034-040-text-alignment.test.mjs (two-Blue scaling Purple bonus and partial transfer)
hBP08-039:keyword,hBP08-039,モココ・アビスガード,keyword,EFFECT_TEXT,website/public/cards.json#/cards[id=2242;2342;2362]/keyword,engine.mjs#hbp09Legacy_queueBloomEffects six Stage Blue Cheer gate and ready one rested Fuwawa,ALIGNED,,FOCUSED_PASS,simulator-hbp08-034-040-text-alignment.test.mjs (six versus five Cheer threshold)
hBP08-040:arts.0,hBP08-040,百鬼あやめ,arts.0,EFFECT_TEXT,website/public/cards.json#/cards[id=2243;2363]/arts.0,engine.mjs#hbp09Legacy_resolveGenericArtEffects count own archived Red Cheer at +10 each,ALIGNED,,FOCUSED_PASS,simulator-redarchive-batch203.test.mjs (zero one and three archived Red Cheer)
hBP08-040:extra,hBP08-040,百鬼あやめ,extra,EFFECT_TEXT,website/public/cards.json#/cards[id=2243;2363]/extra,engine.mjs#knockOutUnit Buzz Holomen life loss from printed extra text,ALIGNED,,FOCUSED_PASS,simulator-redarchive-batch203.test.mjs (Buzz knockout removes two Life)
hBP08-040:keyword,hBP08-040,百鬼あやめ,keyword,EFFECT_TEXT,website/public/cards.json#/cards[id=2243;2363]/keyword,engine.mjs#hbp09Legacy_queueCollabEffects weapon and empty opponent Collab gates to forcedCollab movement,ALIGNED,,FOCUSED_PASS,simulator-hbp08-034-040-text-alignment.test.mjs (weapon empty-Collab and Back gates; forced move avoids Collab triggers)
hBP08-041:arts.0,hBP08-041,小鳥遊キアラ,arts.0,EFFECT_TEXT,website/public/cards.json#/cards[id=2244;2403]/arts.0,engine.mjs#hbp09Legacy_resolveGenericArtEffects top-card archive clause plus catalog Arts cost and damage,ALIGNED,,FOCUSED_PASS,simulator-hbp08-041-048-text-alignment.test.mjs#041 Arts
hBP08-041:keyword,hBP08-041,小鳥遊キアラ,keyword,EFFECT_TEXT,website/public/cards.json#/cards[id=2244;2403]/keyword,engine.mjs#queueGiftKnockoutEffects opponent-turn hBP08-041 returns its stack instead of archiving,ALIGNED,,FOCUSED_PASS,simulator-down-recovery-batch426.test.mjs#hBP08-041
hBP08-042:arts.0,hBP08-042,小鳥遊キアラ,arts.0,BASIC_ACTION,website/public/cards.json#/cards[id=2245;2404]/arts.0,catalog Arts entry consumed by generic attack and cost resolution,ALIGNED,,FOCUSED_PASS,simulator-hbp08-041-048-text-alignment.test.mjs#042 base Arts
hBP08-042:keyword,hBP08-042,小鳥遊キアラ,keyword,EFFECT_TEXT,website/public/cards.json#/cards[id=2245;2404]/keyword,engine.mjs#queueGenericKeywordCostEffects and resolveGenericKeywordRemainder hand archive payment scales Arts by paid count,ALIGNED,,FOCUSED_PASS,simulator-hbp08-041-048-text-alignment.test.mjs#042 Bloom
hBP08-043:arts.0,hBP08-043,小鳥遊キアラ,arts.0,EFFECT_TEXT,website/public/cards.json#/cards[id=2246;2364]/arts.0,engine.mjs#generic attack damage and hBP08-043 all-Myth top-card Holo Power effect,ALIGNED,,FOCUSED_PASS,simulator-hbp08-041-048-text-alignment.test.mjs#043 Arts; simulator-myth-batch210.test.mjs
hBP08-043:extra,hBP08-043,小鳥遊キアラ,extra,EFFECT_TEXT,website/public/cards.json#/cards[id=2246;2364]/extra,engine.mjs#queueBuzzExtraLifeLoss Buzz knockout rule applies printed two-Life loss,ALIGNED,,FOCUSED_PASS,simulator-myth-batch210.test.mjs#Buzz two life
hBP08-043:keyword,hBP08-043,小鳥遊キアラ,keyword,EFFECT_TEXT,website/public/cards.json#/cards[id=2246;2364]/keyword,engine.mjs#hbp09Legacy_queueCollabEffects archive threshold grants red artCost reduction consumed by hbp09Legacy_effectiveArtCost,ALIGNED,,FOCUSED_PASS,simulator-hbp08-041-048-text-alignment.test.mjs#043 Collab cost
hBP08-044:arts.0,hBP08-044,小鳥遊キアラ,arts.0,EFFECT_TEXT,website/public/cards.json#/cards[id=2247;2343;2365]/arts.0,engine.mjs#resolveGenericArtEffects top-card archive choice plus catalog Purple special target bonus,ALIGNED,,FOCUSED_PASS,simulator-hbp08-041-048-text-alignment.test.mjs#044 Purple Arts; simulator-toparchive-batch213.test.mjs
hBP08-044:keyword,hBP08-044,小鳥遊キアラ,keyword,EFFECT_TEXT,website/public/cards.json#/cards[id=2247;2343;2365]/keyword,engine.mjs#manualGiftAvailable and activateGiftSkill archive threshold plus giftArchiveBloom choice resolver,ALIGNED,,FOCUSED_PASS,simulator-hbp08-041-048-text-alignment.test.mjs#044 archive Gift; simulator-legality-recording-124.test.mjs
hBP08-045:arts.0,hBP08-045,ハコス・ベールズ,arts.0,EFFECT_TEXT,website/public/cards.json#/cards[id=2248;2366]/arts.0,engine.mjs#resolveDiceArtEffects hBP08-045:0 roll and artBuffTarget; catalog Green special target bonus,ALIGNED,,FOCUSED_PASS,simulator-hbp08-041-048-text-alignment.test.mjs#045 doubled die; simulator-dice-buff-batch212.test.mjs
hBP08-045:keyword,hBP08-045,ハコス・ベールズ,keyword,EFFECT_TEXT,website/public/cards.json#/cards[id=2248;2366]/keyword,engine.mjs#hbp09Legacy_queueCollabEffects baeDieMultiplier consumed by rollDieRaw only for Bae source effects,ALIGNED,,FOCUSED_PASS,simulator-hbp08-041-048-text-alignment.test.mjs#045 Collab
hBP08-046:arts.0,hBP08-046,エリザベス・ローズ・ブラッドフレイム,arts.0,BASIC_ACTION,website/public/cards.json#/cards[id=2249;2367]/arts.0,catalog Arts entry consumed by generic attack and cost resolution,ALIGNED,,FOCUSED_PASS,simulator-hbp08-041-048-text-alignment.test.mjs#046 base Arts
hBP08-046:keyword,hBP08-046,エリザベス・ローズ・ブラッドフレイム,keyword,EFFECT_TEXT,website/public/cards.json#/cards[id=2249;2367]/keyword,engine.mjs#queueGiftKnockoutEffects Collab Gift on opponent-turn other Justice knockout queues justiceDownSearch,ALIGNED,,FOCUSED_PASS,simulator-justice-search-batch234.test.mjs#hBP08-046
hBP08-047:arts.0,hBP08-047,水宮枢,arts.0,BASIC_ACTION,website/public/cards.json#/cards[id=2250]/arts.0,catalog Arts entry consumed by generic attack and cost resolution,ALIGNED,,FOCUSED_PASS,simulator-hbp08-041-048-text-alignment.test.mjs#047 base Arts
hBP08-047:keyword,hBP08-047,水宮枢,keyword,EFFECT_TEXT,website/public/cards.json#/cards[id=2250]/keyword,engine.mjs#hbp09Legacy_queueCollabEffects second-player first-turn draw uses effectiveBatonCost of opposing Center,ALIGNED,,FOCUSED_PASS,simulator-engine.test.mjs#Suu first-turn Collab; simulator-hbp08-041-048-text-alignment.test.mjs#first-turn gates
hBP08-048:arts.0,hBP08-048,水宮枢,arts.0,BASIC_ACTION,website/public/cards.json#/cards[id=2251;2405]/arts.0,catalog Arts entry consumed by generic attack and cost resolution,ALIGNED,,FOCUSED_PASS,simulator-hbp08-041-048-text-alignment.test.mjs#048 base Arts
hBP08-048:keyword,hBP08-048,水宮枢,keyword,EFFECT_TEXT,website/public/cards.json#/cards[id=2251;2405]/keyword,engine.mjs#queueGenericKeywordCostEffects and resolveGenericKeywordRemainder optional stage Cheer payment then required Kehai search,ALIGNED,,FOCUSED_PASS,simulator-kehai-batch211.test.mjs; simulator-flow-keyword-batch409.test.mjs
hBP08-049:arts.0,hBP08-049,水宮枢,arts.0,BASIC_ACTION,website/public/cards.json#/cards[id=2252;2406]/arts.0,engine.mjs#generic Arts damage and effectiveArtCost with collab defender target restriction,ALIGNED,,FOCUSED_PASS,simulator-hbp08-049-056-text-alignment.test.mjs#049 Arts damage
hBP08-049:keyword,hBP08-049,水宮枢,keyword,EFFECT_TEXT,website/public/cards.json#/cards[id=2252;2406]/keyword,engine.mjs#defenderForcesCollabTarget Collab-only hBP08-049 Gift requires Center #FLOW GLOW; special damage uses separate resolver,ALIGNED,,FOCUSED_PASS,simulator-hbp08-049-056-text-alignment.test.mjs#049 redirection and 053 special damage
hBP08-050:arts.0,hBP08-050,水宮枢,arts.0,EFFECT_TEXT,website/public/cards.json#/cards[id=2253;2407]/arts.0,engine.mjs#resolveGenericArtEffects hBP08-050 archives one Cheer and attaches it to own stage,ALIGNED,,FOCUSED_PASS,simulator-snowman-batch209.test.mjs
hBP08-050:keyword,hBP08-050,水宮枢,keyword,EFFECT_TEXT,website/public/cards.json#/cards[id=2253;2407]/keyword,engine.mjs#queueGiftKnockoutEffects opponent-turn hBP08-050 knockout top Cheer attaches to Back,ALIGNED,,FOCUSED_PASS,simulator-engine.test.mjs#Suu knockout Gift
hBP08-051:arts.0,hBP08-051,水宮枢,arts.0,EFFECT_TEXT,website/public/cards.json#/cards[id=2254;2368]/arts.0,engine.mjs#resolveGenericArtEffects hBP08-051:0 queues top Cheer for own Suu,ALIGNED,,FOCUSED_PASS,simulator-required-cheer-batch214.test.mjs#0851
hBP08-051:keyword,hBP08-051,水宮枢,keyword,EFFECT_TEXT,website/public/cards.json#/cards[id=2254;2368]/keyword,engine.mjs#queueStageGiftCollabEffects Center-only Gift after own Suu Collab adds opponent Center Baton cost +1 until next turn end,ALIGNED,,FOCUSED_PASS,simulator-hbp08-049-056-text-alignment.test.mjs#051 Center Gift
hBP08-052:arts.0,hBP08-052,水宮枢,arts.0,EFFECT_TEXT,website/public/cards.json#/cards[id=2255;2408]/arts.0,engine.mjs#resolveDiceArtEffects hBP08-052:0 Baton threshold Cheer plus catalog Red-target +50,ALIGNED,,FOCUSED_PASS,simulator-hbp08-049-056-text-alignment.test.mjs#052 Arts 0
hBP08-052:arts.1,hBP08-052,水宮枢,arts.1,BASIC_ACTION,website/public/cards.json#/cards[id=2255;2408]/arts.1,catalog Arts 1 base damage and Red-target +50 through generic Arts resolver,ALIGNED,,FOCUSED_PASS,simulator-hbp08-049-056-text-alignment.test.mjs#052 Arts 1
hBP08-053:arts.0,hBP08-053,水宮枢,arts.0,EFFECT_TEXT,website/public/cards.json#/cards[id=2256;2344;2369]/arts.0,engine.mjs#resolveGenericArtEffects hBP08-053:0 Baton threshold special damage to non-Debut plus catalog White-target +50,ALIGNED,,FOCUSED_PASS,simulator-baton-batch216.test.mjs; simulator-hbp08-049-056-text-alignment.test.mjs#053 special damage
hBP08-053:keyword,hBP08-053,水宮枢,keyword,EFFECT_TEXT,website/public/cards.json#/cards[id=2256;2344;2369]/keyword,engine.mjs#hbp09Legacy_effectiveArtCost Center Gift adds two Colorless when the opposing Center Baton cost is at least five,ALIGNED,,FOCUSED_PASS,simulator-hbp08-049-056-text-alignment.test.mjs#053 cost gate
hBP08-054:arts.0,hBP08-054,ムーナ・ホシノヴァ,arts.0,EFFECT_TEXT,website/public/cards.json#/cards[id=2257;2370]/arts.0,engine.mjs#queueGenericArtCostEffects and resolveGenericKeywordRemainder archive three source Cheer and draw three,ALIGNED,,FOCUSED_PASS,simulator-hbp08-049-056-text-alignment.test.mjs#054 Arts
hBP08-054:keyword,hBP08-054,ムーナ・ホシノヴァ,keyword,EFFECT_TEXT,website/public/cards.json#/cards[id=2257;2370]/keyword,engine.mjs#queueBloomEffects hBP08-054 Oshi color gate and distinct one-per-target blue Cheer distribution,ALIGNED,,FOCUSED_PASS,simulator-recipient-cap-batch218.test.mjs; simulator-hbp08-049-056-text-alignment.test.mjs
hBP08-055:arts.0,hBP08-055,フワワ・アビスガード,arts.0,EFFECT_TEXT,website/public/cards.json#/cards[id=2258;2409]/arts.0,engine.mjs#hbp09Legacy_resolveGenericArtEffects red Cheer condition gates one draw,ALIGNED,,FOCUSED_PASS,simulator-hbp08-049-056-text-alignment.test.mjs#055 Arts
hBP08-055:keyword,hBP08-055,フワワ・アビスガード,keyword,EFFECT_TEXT,website/public/cards.json#/cards[id=2258;2409]/keyword,engine.mjs#queueSimpleTriggeredKeyword archive Cheer then attach it to an Advent Holomen,ALIGNED,,FOCUSED_PASS,simulator-required-cheer-batch214.test.mjs#0855
hBP08-056:arts.0,hBP08-056,フワワ・アビスガード,arts.0,BASIC_ACTION,website/public/cards.json#/cards[id=2259;2410]/arts.0,catalog Arts entry consumed by generic attack and cost resolution,ALIGNED,,FOCUSED_PASS,simulator-hbp08-049-056-text-alignment.test.mjs#056 base Arts
hBP08-056:keyword,hBP08-056,フワワ・アビスガード,keyword,EFFECT_TEXT,website/public/cards.json#/cards[id=2259;2410]/keyword,engine.mjs#queueDeckToHand hBP08-056 filters a 1st Mococo and shuffles the deck,ALIGNED,,FOCUSED_PASS,simulator-mococo-search-batch215.test.mjs
hBP08-057:arts.0,hBP08-057,フワワ・アビスガード,arts.0,EFFECT_TEXT,website/public/cards.json#/cards[id=2260;2371]/arts.0,engine.mjs#resolveGenericArtEffects + artConditionApplies; red Cheer gates the printed +20,ALIGNED,,FOCUSED_PASS,simulator-hbp08-057-064-text-alignment.test.mjs#057 red Cheer Arts bonus
hBP08-057:keyword,hBP08-057,フワワ・アビスガード,keyword,EFFECT_TEXT,website/public/cards.json#/cards[id=2260;2371]/keyword,"engine.mjs#queueGenericStageCheerMove + completeGenericCheerMove; one Mococo receives any number, then total stage Cheer checks 8",ALIGNED,,FOCUSED_PASS,simulator-hbp08-057-064-text-alignment.test.mjs#057 Collab Cheer movement and 8-Cheer Arts modifier
hBP08-058:arts.0,hBP08-058,フワワ・アビスガード,arts.0,EFFECT_TEXT,website/public/cards.json#/cards[id=2261;2372]/arts.0,engine.mjs#resolveGenericArtEffects hBP08-058 art0; archive Blue Cheer selection then #Advent table targets,ALIGNED,,FOCUSED_PASS,simulator-hbp08-057-064-text-alignment.test.mjs#058 first Arts
hBP08-058:arts.1,hBP08-058,フワワ・アビスガード,arts.1,EFFECT_TEXT,website/public/cards.json#/cards[id=2261;2372]/arts.1,"engine.mjs#resolveGenericArtEffects hBP08-058 art1 + artArchiveCheerCost; Blue FUWAMOCO Oshi, exact two Cheer, non-Debut special-damage target",ALIGNED,,FOCUSED_PASS,simulator-fuwamoco-cost-batch392.test.mjs
hBP08-059:arts.0,hBP08-059,フワワ・アビスガード,arts.0,EFFECT_TEXT,website/public/cards.json#/cards[id=2262;2345;2373]/arts.0,engine.mjs#resolveGenericArtEffects hBP08-059; Mococo-used +50 and any-own-stage Red Cheer transfer to one Mococo,FIXED,website/lib/simulator/engine.mjs#boundaryTransferTarget/boundaryTransferCheer anySource for hBP08-059,FOCUSED_PASS,simulator-hbp08-057-064-text-alignment.test.mjs#059 any-stage Red transfer; +50 gate; hBP08-039 source-only regression
hBP08-059:keyword,hBP08-059,フワワ・アビスガード,keyword,EFFECT_TEXT,website/public/cards.json#/cards[id=2262;2345;2373]/keyword,engine.mjs#giftAllowsBackAttack; six total Red Cheer permits a non-Debut Back Arts target,ALIGNED,,FOCUSED_PASS,simulator-hbp08-057-064-text-alignment.test.mjs#059 Gift threshold and target stage
hBP08-060:arts.0,hBP08-060,FUWAMOCO,arts.0,EFFECT_TEXT,website/public/cards.json#/cards[id=2263;2374;2325]/arts.0,engine.mjs#resolveGenericArtEffects hBP08-060 art0; Blue FUWAMOCO Oshi moves deck top to Holo Power,ALIGNED,,REUSED_PASS,simulator-blue-oshi-batch217.test.mjs#0860 blue FUWAMOCO gate
hBP08-060:extra,hBP08-060,FUWAMOCO,extra,EFFECT_TEXT,website/public/cards.json#/cards[id=2263;2374;2325]/extra,engine.mjs#treatedAsHolomemNames/cardAliases/talentMatches; extra text aliases both Fuwawa and Mococo for Bloom,ALIGNED,,REUSED_PASS,simulator-engine.test.mjs#every dual-name Holomen can Bloom with either printed member name
hBP08-060:keyword,hBP08-060,FUWAMOCO,keyword,EFFECT_TEXT,website/public/cards.json#/cards[id=2263;2374;2325]/keyword,engine.mjs#effective Oshi skill cost and candidate validation; hBP08-060 reduces Moco by one only in Collab,ALIGNED,,REUSED_PASS,simulator-oshi-prerequisites-124.test.mjs#Moco collab cost reduction; oshi-skill-regression.test.mjs
hBP08-061:arts.0,hBP08-061,鷹嶺ルイ,arts.0,BASIC_ACTION,website/public/cards.json#/cards[id=2264]/arts.0,catalog Arts base damage/cost through engine.mjs#applyArtsAction,ALIGNED,,FOCUSED_PASS,simulator-hbp08-057-064-text-alignment.test.mjs#061 unmodified Arts
hBP08-061:keyword,hBP08-061,鷹嶺ルイ,keyword,EFFECT_TEXT,website/public/cards.json#/cards[id=2264]/keyword,engine.mjs#queueCollabEffects hBP08-061; second player first-turn Lui Oshi transfers opponent Holo Power top to hand,ALIGNED,,FOCUSED_PASS,simulator-hbp08-057-064-text-alignment.test.mjs#061 Collab condition and transfer
hBP08-062:arts.0,hBP08-062,鷹嶺ルイ,arts.0,BASIC_ACTION,website/public/cards.json#/cards[id=2265;2411]/arts.0,catalog Arts base damage/cost through engine.mjs#applyArtsAction,ALIGNED,,FOCUSED_PASS,simulator-hbp08-057-064-text-alignment.test.mjs#062 unmodified Arts
hBP08-062:keyword,hBP08-062,鷹嶺ルイ,keyword,EFFECT_TEXT,website/public/cards.json#/cards[id=2265;2411]/keyword,"engine.mjs#queueGenericCollabEffects hBP08-062; archive one hand card, select unlimited Debut, place and shuffle",ALIGNED,,REUSED_PASS,simulator-engine.test.mjs#hBP08-062 archives one hand card then selects an unlimited Debut; full-stage regression
hBP08-063:arts.0,hBP08-063,鷹嶺ルイ,arts.0,BASIC_ACTION,website/public/cards.json#/cards[id=2266;2412]/arts.0,catalog Arts base damage/cost through engine.mjs#applyArtsAction,ALIGNED,,FOCUSED_PASS,simulator-hbp08-057-064-text-alignment.test.mjs#063 unmodified Arts
hBP08-063:keyword,hBP08-063,鷹嶺ルイ,keyword,EFFECT_TEXT,website/public/cards.json#/cards[id=2266;2412]/keyword,"engine.mjs#queueGenericTopLook; reveal/filter one holoX Holomen, add to hand and bottom-order remainder",ALIGNED,,REUSED_PASS,simulator-holox-look-batch220.test.mjs
hBP08-064:arts.0,hBP08-064,鷹嶺ルイ,arts.0,EFFECT_TEXT,website/public/cards.json#/cards[id=2267;2413]/arts.0,"engine.mjs#resolveGenericArtEffects hBP08-064 art0; search Rui-tomo attachment, attach to own Holomen and shuffle",ALIGNED,,REUSED_PASS,simulator-lui-batch221.test.mjs#0864 required Lui fan attachment
hBP08-064:keyword,hBP08-064,鷹嶺ルイ,keyword,EFFECT_TEXT,website/public/cards.json#/cards[id=2267;2413]/keyword,"engine.mjs#queueGenericKeywordHandArchiveCost + specialDamage; optional one hand-card cost, then Center/Collab choice",ALIGNED,,REUSED_PASS,simulator-lui-batch221.test.mjs#0864 paid required damage true/false
hBP08-065:arts.0,hBP08-065,鷹嶺ルイ,arts.0,EFFECT_TEXT,website/public/cards.json#/cards[id=2268;2375]/arts.0,engine.mjs#hbp09Legacy_resolveGenericArtEffects hBP08-065:0; +30 exactly when own hand has at most two cards,ALIGNED,,FOCUSED_PASS,"website/tests/simulator-hbp08-065-072-text-alignment.test.mjs (15/15 direct runtime checks); 223/223 passed across the new direct suite and 13 related cost, Collab, color-damage, generic-engine, Oshi, and die regressions"
hBP08-065:keyword,hBP08-065,鷹嶺ルイ,keyword,EFFECT_TEXT,website/public/cards.json#/cards[id=2268;2375]/keyword,"engine.mjs#simpleKeywordCondition and #resolveGenericKeywordRemainder; Center-only optional hand Archive, then roll once and draw three on 1 or one otherwise",FIXED,"website/lib/simulator/engine.mjs#simpleKeywordCondition; roll tests now examine only the pre-separator condition, so the action die waits until payment",FOCUSED_PASS,"website/tests/simulator-hbp08-065-072-text-alignment.test.mjs (15/15 direct runtime checks); 223/223 passed across the new direct suite and 13 related cost, Collab, color-damage, generic-engine, Oshi, and die regressions"
hBP08-066:arts.0,hBP08-066,鷹嶺ルイ,arts.0,EFFECT_TEXT,website/public/cards.json#/cards[id=2269;2414]/arts.0,engine.mjs#hbp09Legacy_resolveGenericArtEffects hBP08-066:0; optional one-or-two-card hand Archive and +20 per archived card,ALIGNED,,FOCUSED_PASS,"website/tests/simulator-hbp08-065-072-text-alignment.test.mjs (15/15 direct runtime checks); 223/223 passed across the new direct suite and 13 related cost, Collab, color-damage, generic-engine, Oshi, and die regressions"
hBP08-066:keyword,hBP08-066,鷹嶺ルイ,keyword,EFFECT_TEXT,website/public/cards.json#/cards[id=2269;2414]/keyword,engine.mjs#hbp09Legacy_queueCollabEffects hBP08-066; optional Support from Archive goes to deck top,ALIGNED,,FOCUSED_PASS,"website/tests/simulator-hbp08-065-072-text-alignment.test.mjs (15/15 direct runtime checks); 223/223 passed across the new direct suite and 13 related cost, Collab, color-damage, generic-engine, Oshi, and die regressions"
hBP08-067:arts.0,hBP08-067,鷹嶺ルイ,arts.0,EFFECT_TEXT,website/public/cards.json#/cards[id=2270;2346;2376]/arts.0,"engine.mjs#hbp09Legacy_resolveGenericArtEffects hBP08-067:0; exact hand thresholds +70 at zero, +50 at one or two, and +0 above two; separate Green target bonus",FIXED,website/lib/simulator/engine.mjs#hbp09Legacy_resolveGenericArtEffects; skip the generic fixed-bonus parser for this explicitly branched conditional Arts,FOCUSED_PASS,"website/tests/simulator-hbp08-065-072-text-alignment.test.mjs (15/15 direct runtime checks); 223/223 passed across the new direct suite and 13 related cost, Collab, color-damage, generic-engine, Oshi, and die regressions"
hBP08-067:keyword,hBP08-067,鷹嶺ルイ,keyword,EFFECT_TEXT,website/public/cards.json#/cards[id=2270;2346;2376]/keyword,engine.mjs#queueGenericKeywordCostEffects and #resolveGenericKeywordRemainder; Center-only hand Archive cost precedes opponent Cheer transfer,ALIGNED,,FOCUSED_PASS,"website/tests/simulator-hbp08-065-072-text-alignment.test.mjs (15/15 direct runtime checks); 223/223 passed across the new direct suite and 13 related cost, Collab, color-damage, generic-engine, Oshi, and die regressions"
hBP08-068:arts.0,hBP08-068,一伊那尓栖,arts.0,EFFECT_TEXT,website/public/cards.json#/cards[id=2271]/arts.0,engine.mjs#hBP08-068 Arts handler; 20 special damage independently to opposing Center and Collab when their colors differ from opposing Oshi,ALIGNED,,FOCUSED_PASS,"website/tests/simulator-hbp08-065-072-text-alignment.test.mjs (15/15 direct runtime checks); 223/223 passed across the new direct suite and 13 related cost, Collab, color-damage, generic-engine, Oshi, and die regressions"
hBP08-068:keyword,hBP08-068,一伊那尓栖,keyword,EFFECT_TEXT,website/public/cards.json#/cards[id=2271]/keyword,engine.mjs#hbp09Legacy_queueCollabEffects hBP08-068; on the second player's first turn all opposing Holomen gain allColors for the turn,ALIGNED,,FOCUSED_PASS,"website/tests/simulator-hbp08-065-072-text-alignment.test.mjs (15/15 direct runtime checks); 223/223 passed across the new direct suite and 13 related cost, Collab, color-damage, generic-engine, Oshi, and die regressions"
hBP08-069:arts.0,hBP08-069,一伊那尓栖,arts.0,BASIC_ACTION,website/public/cards.json#/cards[id=2272;2415]/arts.0,engine.mjs#shared Arts resolution; one Colorless pays for 30 printed damage,ALIGNED,,FOCUSED_PASS,website/tests/simulator-hbp08-065-072-text-alignment.test.mjs (direct Colorless-cost and 30-damage check)
hBP08-069:keyword,hBP08-069,一伊那尓栖,keyword,EFFECT_TEXT,website/public/cards.json#/cards[id=2272;2415]/keyword,engine.mjs#queueSimpleTriggeredKeyword and #simpleKeywordCondition; draw one only with three own stage Holomen carrying #絵,ALIGNED,,FOCUSED_PASS,"website/tests/simulator-hbp08-065-072-text-alignment.test.mjs (15/15 direct runtime checks); 223/223 passed across the new direct suite and 13 related cost, Collab, color-damage, generic-engine, Oshi, and die regressions"
hBP08-070:arts.0,hBP08-070,一伊那尓栖,arts.0,EFFECT_TEXT,website/public/cards.json#/cards[id=2273;2416]/arts.0,engine.mjs#hbp09Legacy_resolveGenericArtEffects hBP08-070:0; each opposing color-mismatched Holomen heals every own damaged #Myth by 10,ALIGNED,,FOCUSED_PASS,"website/tests/simulator-hbp08-065-072-text-alignment.test.mjs (15/15 direct runtime checks); 223/223 passed across the new direct suite and 13 related cost, Collab, color-damage, generic-engine, Oshi, and die regressions"
hBP08-070:keyword,hBP08-070,一伊那尓栖,keyword,EFFECT_TEXT,website/public/cards.json#/cards[id=2273;2416]/keyword,"Website lib/simulator/engine.mjs and ../../android-current/web/lib/simulator/engine.mjs#queueSimpleTriggeredKeyword; mandatory Takodachi Collab search and add-to-hand, while allowing hidden-zone fail-to-find",FIXED,Both engines now register hBP08-070 Collab as a required Takodachi search; zero found remains legal under hidden-zone fail-to-find.,FOCUSED_PASS,"tests/simulator-regression-hotspots-b158.test.mjs (paired Collab trigger, required choice when finding, shuffle and hidden-zone fail-to-find)"
hBP08-071:arts.0,hBP08-071,一伊那尓栖,arts.0,BASIC_ACTION,website/public/cards.json#/cards[id=2274;2417]/arts.0,engine.mjs#shared Arts resolution; two Colorless pays for 50 printed damage,ALIGNED,,FOCUSED_PASS,website/tests/simulator-hbp08-065-072-text-alignment.test.mjs (direct cost and baseline-damage check)
hBP08-071:keyword,hBP08-071,一伊那尓栖,keyword,EFFECT_TEXT,website/public/cards.json#/cards[id=2274;2417]/keyword,engine.mjs#hbp09Legacy_queueBloomEffects hBP08-071; optional target among opposing Holomen whose color differs from opposing Oshi; 20 special damage,ALIGNED,,FOCUSED_PASS,"website/tests/simulator-hbp08-065-072-text-alignment.test.mjs (15/15 direct runtime checks); 223/223 passed across the new direct suite and 13 related cost, Collab, color-damage, generic-engine, Oshi, and die regressions"
hBP08-072:arts.0,hBP08-072,一伊那尓栖,arts.0,EFFECT_TEXT,website/public/cards.json#/cards[id=2275;2377]/arts.0,engine.mjs#hbp09Legacy_resolveGenericArtEffects hBP08-072:0; +10 for each opposing stage Holomen with a color outside opposing Oshi colors,ALIGNED,,FOCUSED_PASS,"website/tests/simulator-hbp08-065-072-text-alignment.test.mjs (15/15 direct runtime checks); 223/223 passed across the new direct suite and 13 related cost, Collab, color-damage, generic-engine, Oshi, and die regressions"
hBP08-072:keyword,hBP08-072,一伊那尓栖,keyword,EFFECT_TEXT,website/public/cards.json#/cards[id=2275;2377]/keyword,"engine.mjs#hbp09Legacy_queueBloomEffects hBP08-072; once per turn, optional recovery of one archived #Myth only at eight archived #Myth",ALIGNED,,FOCUSED_PASS,"website/tests/simulator-hbp08-065-072-text-alignment.test.mjs (15/15 direct runtime checks); 223/223 passed across the new direct suite and 13 related cost, Collab, color-damage, generic-engine, Oshi, and die regressions"
hBP08-073:arts.0,hBP08-073,一伊那尓栖,arts.0,BASIC_ACTION,website/public/cards.json#/cards[id=2276;2418]/arts.0,engine.mjs#Arts specialTargets color bonus,ALIGNED,,NO_DIRECT_TEST,Source wiring and parameters were reviewed; no dedicated focused or reused execution test was mapped to this slot in the narrowed audit.
hBP08-073:keyword,hBP08-073,一伊那尓栖,keyword,EFFECT_TEXT,website/public/cards.json#/cards[id=2276;2418]/keyword,engine.mjs#queueCollabEffects allColorsFirst/allColorsSecond; resolveChoice,ALIGNED,,NO_DIRECT_TEST,Source wiring and parameters were reviewed; no dedicated focused or reused execution test was mapped to this slot in the narrowed audit.
hBP08-074:arts.0,hBP08-074,一伊那尓栖,arts.0,EFFECT_TEXT,website/public/cards.json#/cards[id=2277;2347;2378]/arts.0,engine.mjs#queueGenericKeywordCostEffects; resolveGenericKeywordCostEffects; Arts specialTargets,FIXED,engine.mjs#queueGenericKeywordCostEffects hBP08-074 maximum paid hand cards capped by opposing stage count,FOCUSED_PASS,simulator-hbp08-073-080-text-alignment.test.mjs
hBP08-074:keyword,hBP08-074,一伊那尓栖,keyword,EFFECT_TEXT,website/public/cards.json#/cards[id=2277;2347;2378]/keyword,engine.mjs#hbp09Legacy_queueBloomEffects hBP08-074 center draw,ALIGNED,,NO_DIRECT_TEST,Source wiring and parameters were reviewed; no dedicated focused or reused execution test was mapped to this slot in the narrowed audit.
hBP08-075:arts.0,hBP08-075,ロボ子さん,arts.0,EFFECT_TEXT,website/public/cards.json#/cards[id=2278;2379]/arts.0,engine.mjs#hbp09Legacy_resolveGenericArtEffects Robosa per attachment; queueSimpleTriggeredKeyword Bloom dispatch,FIXED,engine.mjs#queueSimpleTriggeredKeyword runs hBP08-075 Robosa search only for Bloom,FOCUSED_PASS,simulator-hbp08-073-080-text-alignment.test.mjs
hBP08-075:keyword,hBP08-075,ロボ子さん,keyword,EFFECT_TEXT,website/public/cards.json#/cards[id=2278;2379]/keyword,Website lib/simulator/engine.mjs and ../../android-current/web/lib/simulator/engine.mjs#queueSimpleTriggeredKeyword; hBP08-075 Robosa search is registered for Bloom only,FIXED,Both engines no longer trigger hBP08-075 Bloom search on Collab; its Bloom search remains active.,FOCUSED_PASS,tests/simulator-regression-hotspots-b158.test.mjs (paired no-Collab-trigger and positive Bloom-search cases)
hBP08-076:arts.0,hBP08-076,癒月ちょこ,arts.0,EFFECT_TEXT,website/public/cards.json#/cards[id=2279;2380]/arts.0,engine.mjs#resolveGenericArtEffects hBP08-076 food recovery; Arts specialTargets,ALIGNED,,NO_DIRECT_TEST,Source wiring and parameters were reviewed; no dedicated focused or reused execution test was mapped to this slot in the narrowed audit.
hBP08-076:keyword,hBP08-076,癒月ちょこ,keyword,EFFECT_TEXT,website/public/cards.json#/cards[id=2279;2380]/keyword,engine.mjs#queueSimpleTriggeredKeyword hBP08-076 top-three group search,ALIGNED,,NO_DIRECT_TEST,Source wiring and parameters were reviewed; no dedicated focused or reused execution test was mapped to this slot in the narrowed audit.
hBP08-077:arts.0,hBP08-077,音乃瀬奏,arts.0,BASIC_ACTION,website/public/cards.json#/cards[id=2280]/arts.0,engine.mjs#resolveArts generic printed Arts,ALIGNED,,NO_DIRECT_TEST,Source wiring and parameters were reviewed; no dedicated focused or reused execution test was mapped to this slot in the narrowed audit.
hBP08-077:keyword,hBP08-077,音乃瀬奏,keyword,EFFECT_TEXT,website/public/cards.json#/cards[id=2280]/keyword,engine.mjs#grouped search hBP08-077 Collab; simulator-grouped-search-batch226.test.mjs,ALIGNED,,REUSED_PASS,simulator-grouped-search-batch226.test.mjs hBP08-077 mandatory grouped-search eligible/ineligible cases; focused run passed 2/2.
hBP08-078:arts.0,hBP08-078,音乃瀬奏,arts.0,BASIC_ACTION,website/public/cards.json#/cards[id=2281;2419]/arts.0,engine.mjs#resolveArts generic printed Arts,ALIGNED,,NO_DIRECT_TEST,Source wiring and parameters were reviewed; no dedicated focused or reused execution test was mapped to this slot in the narrowed audit.
hBP08-078:keyword,hBP08-078,音乃瀬奏,keyword,EFFECT_TEXT,website/public/cards.json#/cards[id=2281;2419]/keyword,engine.mjs#Collab simpleTargetRule tags #歌 and stage 2nd,ALIGNED,,NO_DIRECT_TEST,Source wiring and parameters were reviewed; no dedicated focused or reused execution test was mapped to this slot in the narrowed audit.
hBP08-079:arts.0,hBP08-079,音乃瀬奏,arts.0,EFFECT_TEXT,website/public/cards.json#/cards[id=2282;2420]/arts.0,engine.mjs#resolveGenericArtEffects archive cheer target; damage,ALIGNED,,NO_DIRECT_TEST,Source wiring and parameters were reviewed; no dedicated focused or reused execution test was mapped to this slot in the narrowed audit.
hBP08-079:keyword,hBP08-079,音乃瀬奏,keyword,EFFECT_TEXT,website/public/cards.json#/cards[id=2282;2420]/keyword,engine.mjs#gift HP modifier #ReGLOSS 2nd,ALIGNED,,NO_DIRECT_TEST,Source wiring and parameters were reviewed; no dedicated focused or reused execution test was mapped to this slot in the narrowed audit.
hBP08-080:arts.0,hBP08-080,音乃瀬奏,arts.0,BASIC_ACTION,website/public/cards.json#/cards[id=2283;2421]/arts.0,engine.mjs#resolveArts generic printed Arts,ALIGNED,,NO_DIRECT_TEST,Source wiring and parameters were reviewed; no dedicated focused or reused execution test was mapped to this slot in the narrowed audit.
hBP08-080:keyword,hBP08-080,音乃瀬奏,keyword,EFFECT_TEXT,website/public/cards.json#/cards[id=2283;2421]/keyword,engine.mjs#queueBloomEffects hBP08-080 ReGLOSS Debut search and Cheer gate,ALIGNED,,NO_DIRECT_TEST,Source wiring and parameters were reviewed; no dedicated focused or reused execution test was mapped to this slot in the narrowed audit.
hBP08-081:arts.0,hBP08-081,音乃瀬奏,arts.0,EFFECT_TEXT,website/public/cards.json#/cards[id=2284;2381]/arts.0,engine.mjs#hbp09Legacy_resolveGenericArtEffects hBP08-081 Cheer-lead threshold,FIXED,engine.mjs#generic fixed-bonus parser skips hBP08-081,FOCUSED_PASS,simulator-hbp08-081-088-text-alignment.test.mjs
hBP08-081:keyword,hBP08-081,音乃瀬奏,keyword,EFFECT_TEXT,website/public/cards.json#/cards[id=2284;2381]/keyword,engine.mjs#hbp09Legacy_queueBloomEffects hBP08-081 Center Kanade archive Cheer,ALIGNED,,FOCUSED_PASS,simulator-hbp08-081-088-text-alignment.test.mjs
hBP08-082:arts.0,hBP08-082,音乃瀬奏,arts.0,BASIC_ACTION,website/public/cards.json#/cards[id=2285;2422]/arts.0,engine.mjs#hbp09Legacy_resolveGenericArtEffects hBP08-082 White-target bonus,ALIGNED,,FOCUSED_PASS,simulator-hbp08-081-088-text-alignment.test.mjs
hBP08-082:keyword,hBP08-082,音乃瀬奏,keyword,EFFECT_TEXT,website/public/cards.json#/cards[id=2285;2422]/keyword,engine.mjs#simpleKeywordCondition stage Cheer comparison; queueSimpleTriggeredKeyword,FIXED,engine.mjs#simpleKeywordCondition accepts 舞臺 and 張數/數量 variants,FOCUSED_PASS,simulator-hbp08-081-088-text-alignment.test.mjs
hBP08-083:arts.0,hBP08-083,音乃瀬奏,arts.0,EFFECT_TEXT,website/public/cards.json#/cards[id=2286;2348;2382]/arts.0,engine.mjs#hbp09Legacy_resolveGenericArtEffects hBP08-083 Cheer-difference scaling,ALIGNED,,FOCUSED_PASS,simulator-hbp08-081-088-text-alignment.test.mjs
hBP08-083:keyword,hBP08-083,音乃瀬奏,keyword,EFFECT_TEXT,website/public/cards.json#/cards[id=2286;2348;2382]/keyword,engine.mjs#queueSimpleTriggeredKeyword optional Archive Cheer transfer,ALIGNED,,FOCUSED_PASS,simulator-hbp08-081-088-text-alignment.test.mjs
hBP08-084:arts.0,hBP08-084,夏色まつり,arts.0,EFFECT_TEXT,website/public/cards.json#/cards[id=2287;2383]/arts.0,engine.mjs#hbp09Legacy_resolveGenericArtEffects hBP08-084 2nd #1期生 gate,ALIGNED,,FOCUSED_PASS,simulator-hbp08-081-088-text-alignment.test.mjs
hBP08-084:keyword,hBP08-084,夏色まつり,keyword,EFFECT_TEXT,website/public/cards.json#/cards[id=2287;2383]/keyword,engine.mjs#simpleKeywordCondition life-at-most-three gate; queueSimpleTriggeredKeyword,FIXED,engine.mjs#simpleKeywordCondition recognizes 生命值在3以下,FOCUSED_PASS,simulator-hbp08-081-088-text-alignment.test.mjs
hBP08-085:arts.0,hBP08-085,不知火フレア,arts.0,BASIC_ACTION,website/public/cards.json#/cards[id=2288;2423]/arts.0,engine.mjs#hbp09Legacy_resolveGenericArtEffects baseline 10 damage and Colorless cost,ALIGNED,,FOCUSED_PASS,simulator-hbp08-081-088-text-alignment.test.mjs
hBP08-085:keyword,hBP08-085,不知火フレア,keyword,EFFECT_TEXT,website/public/cards.json#/cards[id=2288;2423]/keyword,engine.mjs#hbp09Legacy_queueCollabEffects hBP08-085; queueArchiveToHand,ALIGNED,,FOCUSED_PASS,simulator-hbp08-081-088-text-alignment.test.mjs;simulator-paid-effects-batch229.test.mjs
hBP08-086:arts.0,hBP08-086,不知火フレア,arts.0,EFFECT_TEXT,website/public/cards.json#/cards[id=2289;2424]/arts.0,engine.mjs#hbp09Legacy_resolveGenericArtEffects hBP08-086 own-Center stage check,ALIGNED,,FOCUSED_PASS,simulator-hbp08-081-088-text-alignment.test.mjs
hBP08-086:keyword,hBP08-086,不知火フレア,keyword,EFFECT_TEXT,website/public/cards.json#/cards[id=2289;2424]/keyword,engine.mjs#cheerTargetRuleFromText inline names-or-tag alternatives,FIXED,engine.mjs#cheerTargetRuleFromText clears conjunctive name/tag rules for inline alternatives,FOCUSED_PASS,simulator-hbp08-081-088-text-alignment.test.mjs
hBP08-087:arts.0,hBP08-087,不知火フレア,arts.0,BASIC_ACTION,website/public/cards.json#/cards[id=2290;2384]/arts.0,engine.mjs#hbp09Legacy_resolveGenericArtEffects baseline Arts cost and damage,ALIGNED,,FOCUSED_PASS,simulator-hbp08-081-088-text-alignment.test.mjs
hBP08-087:keyword,hBP08-087,不知火フレア,keyword,EFFECT_TEXT,website/public/cards.json#/cards[id=2290;2384]/keyword,engine.mjs#cheerTargetRuleFromText inline names-or-tag alternatives; archive Cheer target choice,FIXED,engine.mjs#cheerTargetRuleFromText clears conjunctive name/tag rules for inline alternatives,FOCUSED_PASS,simulator-hbp08-081-088-text-alignment.test.mjs
hBP08-088:arts.0,hBP08-088,不知火フレア,arts.0,EFFECT_TEXT,website/public/cards.json#/cards[id=2291;2349;2385]/arts.0,engine.mjs#hbp09Legacy_resolveGenericArtEffects hBP08-088 Collab-only #3期生 bonus; giftZoneApplies,ALIGNED,,FOCUSED_PASS,simulator-hbp08-081-088-text-alignment.test.mjs;simulator-required-effects-batch228.test.mjs
hBP08-088:keyword,hBP08-088,不知火フレア,keyword,EFFECT_TEXT,website/public/cards.json#/cards[id=2291;2349;2385]/keyword,engine.mjs#hbp09Legacy_queueCollabEffects hBP08-088 once-per-turn Gift special damage,ALIGNED,,FOCUSED_PASS,simulator-hbp08-081-088-text-alignment.test.mjs
hBP08-089:arts.0,hBP08-089,ジジ・ムリン,arts.0,EFFECT_TEXT,website/public/cards.json#/cards[id=2292;2386]/arts.0,engine.mjs#hbp09Legacy_resolveGenericArtEffects Justice-target Archive Cheer transfer,ALIGNED,,FOCUSED_PASS,simulator-paid-effects-batch229.test.mjs
hBP08-089:keyword,hBP08-089,ジジ・ムリン,keyword,EFFECT_TEXT,website/public/cards.json#/cards[id=2292;2386]/keyword,engine.mjs#hbp09Legacy_queueBloomEffects paid undercard archive and Popo search,ALIGNED,,FOCUSED_PASS,simulator-paid-effects-batch229.test.mjs
hBP08-090:abilityText,hBP08-090,エレガントパソコン,abilityText,EFFECT_TEXT,website/public/cards.json#/cards[id=2293;2425]/abilityText,effect-catalog.mjs#elegantComputer; engine.mjs archiveSupportToDeckDraw,ALIGNED,,FOCUSED_PASS,simulator-hbp08-089-096-text-alignment.test.mjs
hBP08-091:abilityText,hBP08-091,クリエイターパソコン,abilityText,EFFECT_TEXT,website/public/cards.json#/cards[id=2294;2426]/abilityText,effect-catalog.mjs#creatorComputer; engine.mjs#finalizeCardsToStage creatorArchiveDebut,ALIGNED,,FOCUSED_PASS,simulator-creator-batch230.test.mjs
hBP08-092:abilityText,hBP08-092,思い出のドーナツショップ,abilityText,EFFECT_TEXT,website/public/cards.json#/cards[id=2295]/abilityText,effect-catalog.mjs#donutMemory; engine.mjs donutFuwawa and donutFinish,ALIGNED,,FOCUSED_PASS,simulator-hbp08-089-096-text-alignment.test.mjs
hBP08-093:abilityText,hBP08-093,ちょこのなすユッケ,abilityText,EFFECT_TEXT,website/public/cards.json#/cards[id=2296;2427]/abilityText,effect-catalog.mjs#chocoEggplant; engine.mjs stage and Life gate; Arts modifiers,ALIGNED,,FOCUSED_PASS,simulator-hbp08-089-096-text-alignment.test.mjs
hBP08-094:abilityText,hBP08-094,パパは仕事を辞める,abilityText,EFFECT_TEXT,website/public/cards.json#/cards[id=2297]/abilityText,effect-catalog.mjs#dadIsQuitting; engine.mjs artsDamageReduction one-use modifier,ALIGNED,,FOCUSED_PASS,simulator-hbp08-089-096-text-alignment.test.mjs
hBP08-095:abilityText,hBP08-095,破滅の呪文,abilityText,EFFECT_TEXT,website/public/cards.json#/cards[id=2298;2428]/abilityText,effect-catalog.mjs#destructionSpell; engine.mjs specialDamage loseLife false,ALIGNED,,FOCUSED_PASS,simulator-hbp08-089-096-text-alignment.test.mjs
hBP08-096:abilityText,hBP08-096,優しいモンスター,abilityText,EFFECT_TEXT,website/public/cards.json#/cards[id=2299;2429]/abilityText,effect-catalog.mjs#gentleMonster; engine.mjs gentleMonsterFinish Ririka Arts modifier,ALIGNED,,FOCUSED_PASS,simulator-hbp08-089-096-text-alignment.test.mjs
hBP08-097:abilityText,hBP08-097,りっちしょこらのハンバーグ,abilityText,EFFECT_TEXT,website/public/cards.json#/cards[id=2300;2430]/abilityText,effect-catalog.mjs#richChocolaHamburg; engine.mjs richChocolaTarget and archive-Cheer follow-up,ALIGNED,,FOCUSED_PASS,simulator-hbp08-097-104-text-alignment.test.mjs
hBP08-098:abilityText,hBP08-098,hololive Mythology,abilityText,EFFECT_TEXT,website/public/cards.json#/cards[id=2301;2431]/abilityText,effect-catalog.mjs#hololiveMythology; engine.mjs mythologyPick,ALIGNED,,FOCUSED_PASS,simulator-hbp08-097-104-text-alignment.test.mjs
hBP08-099:abilityText,hBP08-099,HOLOTORI,abilityText,EFFECT_TEXT,website/public/cards.json#/cards[id=2302;2432]/abilityText,effect-catalog.mjs#holotori; engine.mjs holotoriMode and holotoriDrawCost,ALIGNED,,FOCUSED_PASS,simulator-hbp08-097-104-text-alignment.test.mjs; simulator-holotori-batch232.test.mjs
hBP08-100:abilityText,hBP08-100,Myth,abilityText,EFFECT_TEXT,website/public/cards.json#/cards[id=2303;2433]/abilityText,effect-catalog.mjs#myth; engine.mjs topLookToHand and hand-limit gate,ALIGNED,,FOCUSED_PASS,simulator-hbp08-097-104-text-alignment.test.mjs
hBP08-101:abilityText,hBP08-101,We are ReGLOSS,abilityText,EFFECT_TEXT,website/public/cards.json#/cards[id=2304;2434]/abilityText,effect-catalog.mjs#weAreRegloss; engine.mjs required-two search and conditional reglossDrawDiscard,ALIGNED,,FOCUSED_PASS,simulator-hbp08-097-104-text-alignment.test.mjs; simulator-required-searches-batch266.test.mjs
hBP08-102:abilityText,hBP08-102,クールなパーカー,abilityText,EFFECT_TEXT,website/public/cards.json#/cards[id=2305;2435]/abilityText,engine.mjs#attachmentArtsBonus / hbp09Legacy_attachmentArtsBonus; mirrored ../android-current/web/lib/simulator/engine.mjs,FIXED,Accept Arts值/Arts値 before the signed bonus amount,FOCUSED_PASS,simulator-hbp08-097-104-text-alignment.test.mjs; simulator-hbp04-096-106-attachments.test.mjs on website and Android engines
hBP08-103:abilityText,hBP08-103,ホロマント,abilityText,EFFECT_TEXT,website/public/cards.json#/cards[id=2306;2436]/abilityText,engine.mjs#holomemHpBonus and queueKnockoutAttachmentEffects,ALIGNED,,FOCUSED_PASS,simulator-hbp08-097-104-text-alignment.test.mjs
hBP08-104:abilityText,hBP08-104,けはい,abilityText,EFFECT_TEXT,website/public/cards.json#/cards[id=2307;2437]/abilityText,engine.mjs#effectiveBatonCost and queueAttachmentBloomEffects,ALIGNED,,FOCUSED_PASS,simulator-hbp08-097-104-text-alignment.test.mjs
hBP08-105:abilityText,hBP08-105,Bloom＆Gloom,abilityText,EFFECT_TEXT,website/public/cards.json#/cards[id=2308;2438]/abilityText,website/lib/simulator/engine.mjs#attachmentBlocks; android-current/web/lib/simulator/engine.mjs#attachmentBlocks,ALIGNED,,FOCUSED_PASS,Website+Android dynamic: HP+20 knockout boundary; IRyS two-color Arts +20 and one-color no bonus.
hBP08-106:abilityText,hBP08-106,GuyRyS,abilityText,EFFECT_TEXT,website/public/cards.json#/cards[id=2309;2439]/abilityText,Website+Android engine.mjs#queueKnockoutAttachmentEffects; drainEffectQueue live defeated-Cheer filtering,FIXED,Website+Android engine.mjs#queueKnockoutAttachmentEffects; drainEffectQueue live defeated-Cheer filtering,FOCUSED_PASS,Duplicate GuyRyS each require a distinct mandatory transfer; stale transferred Cheer is excluded from the next choice.
hBP08-107:abilityText,hBP08-107,Otomo,abilityText,EFFECT_TEXT,website/public/cards.json#/cards[id=2310;2440]/abilityText,website/lib/simulator/engine.mjs#attachmentBlocks; android-current/web/lib/simulator/engine.mjs#attachmentBlocks,ALIGNED,,FOCUSED_PASS,Website+Android dynamic: Arts+10; optional active/rested choice on hand and archive attachment.
hBP08-108:abilityText,hBP08-108,いたずらなRuffians,abilityText,EFFECT_TEXT,website/public/cards.json#/cards[id=2311;2441]/abilityText,Website+Android engine.mjs#queueKnockoutAttachmentEffects,FIXED,Website+Android engine.mjs#queueKnockoutAttachmentEffects,FOCUSED_PASS,Duplicate Ruffians each draw 1 on opponent-turn eligible KO; red-Cheer condition and HP+10 checked.
hBP08-109:abilityText,hBP08-109,ルイ友,abilityText,EFFECT_TEXT,website/public/cards.json#/cards[id=2312;2442]/abilityText,Website+Android engine.mjs#queueKnockoutAttachmentEffects; drainEffectQueue live defeated-Cheer filtering,FIXED,Website+Android engine.mjs#queueKnockoutAttachmentEffects; drainEffectQueue live defeated-Cheer filtering,FOCUSED_PASS,Duplicate Rui friends each open optional red/purple Cheer transfer; moved Cheer excluded from following copy.
hBP08-110:abilityText,hBP08-110,Takodachi,abilityText,EFFECT_TEXT,website/public/cards.json#/cards[id=2313;2443]/abilityText,website/lib/simulator/engine.mjs#attachmentBlocks; android-current/web/lib/simulator/engine.mjs#attachmentBlocks,ALIGNED,,FOCUSED_PASS,Website+Android dynamic: Arts+10 and opponent Center/Collab all-colors effect only while attachment is in Center.
hBP09-001:oshiSkill,hBP09-001,大空スバル,oshiSkill,EFFECT_TEXT,website/public/cards.json#/cards[id=hbp09-hBP09-001_OSR;hbp09-hBP09-001_OUR]/oshiSkill,website/lib/simulator/hbp09/programs.mjs#001:oshi -> hooks.mjs#sameLevelSubaru -> runtime.mjs#deploy; Android mirror,ALIGNED,,FOCUSED_PASS,Combined Website hBP09 executable/Oshi/Vivi/Towa suites 68/68; directly checks same-Bloom Subaru search/deploy
hBP09-001:stageSkill,hBP09-001,大空スバル,stageSkill,EFFECT_TEXT,website/public/cards.json#/cards[id=hbp09-hBP09-001_OSR;hbp09-hBP09-001_OUR]/stageSkill,website/lib/simulator/hbp09/hooks.mjs#artCost -> engine.mjs#Arts cost resolver; Android mirror,ALIGNED,,FOCUSED_PASS,Combined Website hBP09 executable/Oshi/Vivi/Towa suites 68/68; directly checks per-Subaru White Arts cost
hBP09-002:oshiSkill,hBP09-002,轟はじめ,oshiSkill,EFFECT_TEXT,website/public/cards.json#/cards[id=hbp09-hBP09-002_OSR;hbp09-hBP09-002_OUR;hbp09-hBP09-002_SEC]/oshiSkill,website/lib/simulator/hbp09/hooks.mjs#activateX/payHajime; programs.mjs#002:oshi; Android mirror,ALIGNED,,FOCUSED_PASS,"Combined Website hBP09/Oshi/Vivi/Towa suites 68/68; packaged Android release/Oshi prerequisites 20/20, including zero-X and once-per-turn"
hBP09-002:stageSkill,hBP09-002,轟はじめ,stageSkill,EFFECT_TEXT,website/public/cards.json#/cards[id=hbp09-hBP09-002_OSR;hbp09-hBP09-002_OUR;hbp09-hBP09-002_SEC]/stageSkill,website/lib/simulator/hbp09/hooks.mjs#onBaton -> runtime.mjs#powerTop; Android mirror,ALIGNED,,FOCUSED_PASS,Combined Website hBP09 executable/Oshi/Vivi/Towa suites 68/68; directly checks Hajime Baton Power; Android source mirror matches
hBP09-003:oshiSkill,hBP09-003,白銀ノエル,oshiSkill,EFFECT_TEXT,website/public/cards.json#/cards[id=hbp09-hBP09-003_OSR;hbp09-hBP09-003_OUR;hbp09-hBP09-003_SEC]/oshiSkill,website/lib/simulator/hbp09/programs.mjs#003:oshi/archiveCheer -> runtime.mjs#chooseCards/forEach/attach; Android mirror,ALIGNED,,NO_DIRECT_TEST,Static trace only; no focused direct behavior assertion
hBP09-003:stageSkill,hBP09-003,白銀ノエル,stageSkill,EFFECT_TEXT,website/public/cards.json#/cards[id=hbp09-hBP09-003_OSR;hbp09-hBP09-003_OUR;hbp09-hBP09-003_SEC]/stageSkill,engine.mjs#commitSupport -> website/lib/simulator/hbp09/hooks.mjs#onSupport -> runtime.mjs#deferSupport/topCheer/draw; Android mirror,ALIGNED,,FOCUSED_PASS,"Combined Website hBP09 executable/Oshi/Vivi/Towa suites 68/68; directly checks Noel Gyudon trigger, top Cheer, 2nd draw and once-per-turn"
hBP09-004:oshiSkill,hBP09-004,カエラ・コヴァルスキア,oshiSkill,EFFECT_TEXT,website/public/cards.json#/cards[id=hbp09-hBP09-004_OSR;hbp09-hBP09-004_OUR;hbp09-hBP09-004_SEC]/oshiSkill,website/lib/simulator/hbp09/programs.mjs#004:oshi -> runtime.mjs#cost/move/target/damage; generic Oshi cost dispatch; Android mirror,ALIGNED,,NO_DIRECT_TEST,Static trace only; no focused direct behavior assertion
hBP09-004:stageSkill,hBP09-004,カエラ・コヴァルスキア,stageSkill,EFFECT_TEXT,website/public/cards.json#/cards[id=hbp09-hBP09-004_OSR;hbp09-hBP09-004_OUR;hbp09-hBP09-004_SEC]/stageSkill,engine.mjs#queueAttachmentEntryEffects -> website/lib/simulator/hbp09/hooks.mjs#onAttach -> runtime.mjs#draw; Android mirror,ALIGNED,,FOCUSED_PASS,Website Kaela Q720/Q721 2/2; packaged Android Offline/Firebase PvP Q720/Q721 3/3; attach-trigger draw and same-Arts continuation
hBP09-005:oshiSkill,hBP09-005,常闇トワ,oshiSkill,EFFECT_TEXT,website/public/cards.json#/cards[id=hbp09-hBP09-005_OSR;hbp09-hBP09-005_OUR]/oshiSkill,website/lib/simulator/hbp09/hooks.mjs#endPerformance/customOp.towaReactivePay -> runtime.mjs#singingArtsCount; Android mirror,ALIGNED,,FOCUSED_PASS,Combined Website hBP09 executable/Oshi/Vivi/Towa suites 68/68; packaged Android release/Oshi/Towa 20/20; end-window timing and draw count
hBP09-005:stageSkill,hBP09-005,常闇トワ,stageSkill,EFFECT_TEXT,website/public/cards.json#/cards[id=hbp09-hBP09-005_OSR;hbp09-hBP09-005_OUR]/stageSkill,website/lib/simulator/hbp09/hooks.mjs#afterAttack/canStartAttack/beforeAttack; Android mirror,ALIGNED,,FOCUSED_PASS,Combined Website hBP09 executable/Oshi/Vivi/Towa suites 68/68; packaged Android release/Oshi/Towa 20/20; one different-name Center repeat and cost
hBP09-006:oshiSkill,hBP09-006,綺々羅々ヴィヴィ,oshiSkill,EFFECT_TEXT,website/public/cards.json#/cards[id=hbp09-hBP09-006_OSR;hbp09-hBP09-006_OUR;hbp09-hBP09-006_SEC]/oshiSkill,website/lib/simulator/hbp09/programs.mjs#006:oshi draw; generic Oshi cost/once dispatch; Android mirror,ALIGNED,,FOCUSED_PASS,"Combined Website hBP09 executable/Oshi/Vivi/Towa suites 68/68; Vivi normal cost, owner draw and opponent draw"
hBP09-006:spOshiSkill,hBP09-006,綺々羅々ヴィヴィ,spOshiSkill,EFFECT_TEXT,website/public/cards.json#/cards[id=hbp09-hBP09-006_OSR;hbp09-hBP09-006_OUR;hbp09-hBP09-006_SEC]/spOshiSkill,engine.mjs#resolveSpOshiSkill Center-2nd gate -> programs.mjs#006:sp -> runtime.mjs#viviReset; Android mirror,ALIGNED,,FOCUSED_PASS,"Combined Website hBP09 executable/Oshi/Vivi/Towa suites 68/68; Vivi Center 2nd gate, once-per-game and deck reset"
hBP09-007:oshiSkill,hBP09-007,雪花ラミィ,oshiSkill,EFFECT_TEXT,website/public/cards.json#/cards[id=hbp09-hBP09-007_OSR;hbp09-hBP09-007_OUR]/oshiSkill,website/lib/simulator/hbp09/programs.mjs#007:oshi -> runtime.mjs#search/filter/shuffle; Android mirror,ALIGNED,,FOCUSED_PASS,Combined Website hBP09 executable/Oshi/Vivi/Towa suites 68/68; directly checks 1-2 Sake search and hidden-deck privacy
hBP09-007:stageSkill,hBP09-007,雪花ラミィ,stageSkill,EFFECT_TEXT,website/public/cards.json#/cards[id=hbp09-hBP09-007_OSR;hbp09-hBP09-007_OUR]/stageSkill,website/lib/simulator/hbp09/hooks.mjs#artsPassive/countSake -> engine.mjs#Arts modifier; Android mirror,ALIGNED,,FOCUSED_PASS,Combined Website hBP09 executable/Oshi/Vivi/Towa suites 68/68; directly checks +20/+50 Archive threshold
hBP09-008:arts.0,hBP09-008,大空スバル,arts.0,BASIC_ACTION,website/public/cards.json#/cards[id=hbp09-hBP09-008_C;hbp09-hBP09-008_S]/arts.0,website/public/cards.json#hBP09-008:arts[0] -> shared printed Arts cost/damage resolution; Android packaged catalog,ALIGNED,,NO_DIRECT_TEST,Static trace only; blank Arts text uses catalog cost/damage. No focused direct Arts assertion
hBP09-008:keyword,hBP09-008,大空スバル,keyword,EFFECT_TEXT,website/public/cards.json#/cards[id=hbp09-hBP09-008_C;hbp09-hBP09-008_S]/keyword,"website/lib/simulator/hbp09/hooks.mjs#onDamaged -> programs.mjs#fixedDamage(Center,30); Android mirror",ALIGNED,,NO_DIRECT_TEST,Static trace only; no focused 40-damage reactive Gift assertion
hBP09-009:arts.0,hBP09-009,大空スバル,arts.0,BASIC_ACTION,website/public/cards.json#/cards[id=hbp09-hBP09-009_U]/arts.0,website/public/cards.json#hBP09-009:arts[0] -> shared printed Arts cost/damage resolution; Android packaged catalog,ALIGNED,,NO_DIRECT_TEST,Static trace only; blank Arts text uses catalog cost/damage. No focused direct Arts assertion
hBP09-009:keyword,hBP09-009,大空スバル,keyword,EFFECT_TEXT,website/public/cards.json#/cards[id=hbp09-hBP09-009_U]/keyword,website/lib/simulator/hbp09/programs.mjs#009:keyword/onFirst -> runtime.mjs#playerBuff; hooks.mjs#defense; Android mirror,ALIGNED,,NO_DIRECT_TEST,Static trace only; no focused second-player first-turn duration assertion
hBP09-010:arts.0,hBP09-010,大空スバル,arts.0,EFFECT_TEXT,website/public/cards.json#/cards[id=hbp09-hBP09-010_C;hbp09-hBP09-010_S]/arts.0,website/lib/simulator/hbp09/programs.mjs#010:art0 -> runtime.mjs#chooseCards/move; shared Arts damage after effect; Android mirror,ALIGNED,,FOCUSED_PASS,Website combined 34/34 and Android packaged Offline/PvP 57/57; exact Tool owner/Archive and printed damage cases
hBP09-010:keyword,hBP09-010,大空スバル,keyword,EFFECT_TEXT,website/public/cards.json#/cards[id=hbp09-hBP09-010_C;hbp09-hBP09-010_S]/keyword,website/lib/simulator/hbp09/programs.mjs#010:keyword -> runtime.mjs#draw/handOrder; Android mirror,ALIGNED,,FOCUSED_PASS,Website combined 34/34 and Android packaged Offline/PvP 57/57; draw-two then ordered two-card bottom case
hBP09-011:arts.0,hBP09-011,大空スバル,arts.0,EFFECT_TEXT,website/public/cards.json#/cards[id=hbp09-hBP09-011_C;hbp09-hBP09-011_S]/arts.0,website/lib/simulator/hbp09/programs.mjs#011:art0 -> runtime.mjs#draw; shared Arts resolution; Android mirror,ALIGNED,,NO_DIRECT_TEST,Static trace only; no focused draw-one Arts assertion
hBP09-011:keyword,hBP09-011,大空スバル,keyword,EFFECT_TEXT,website/public/cards.json#/cards[id=hbp09-hBP09-011_C;hbp09-hBP09-011_S]/keyword,website/lib/simulator/hbp09/hooks.mjs#onDamaged -> programs.mjs#draw(2); Android mirror,ALIGNED,,NO_DIRECT_TEST,Static trace only; no focused 100-damage reactive Gift assertion
hBP09-012:arts.0,hBP09-012,大空スバル,arts.0,EFFECT_TEXT,website/public/cards.json#/cards[id=hbp09-hBP09-012_R;hbp09-hBP09-012_SR]/arts.0,website/lib/simulator/hbp09/hooks.mjs#arts/previousDowns -> shared Arts damage modifier; Android mirror,ALIGNED,,FOCUSED_PASS,Website combined 34/34 and Android packaged Offline/PvP 57/57; prior-turn own Down counting
hBP09-012:keyword,hBP09-012,大空スバル,keyword,EFFECT_TEXT,website/public/cards.json#/cards[id=hbp09-hBP09-012_R;hbp09-hBP09-012_SR]/keyword,website/lib/simulator/hbp09/programs.mjs#012:keyword -> runtime.mjs#once/powerTop; Android mirror,ALIGNED,,FOCUSED_PASS,Website combined 34/34 and Android packaged Offline/PvP 57/57; Oshi/power gate and shared once-per-turn
hBP09-013:arts.0,hBP09-013,大空スバル,arts.0,BASIC_ACTION,website/public/cards.json#/cards[id=hbp09-hBP09-013_U;hbp09-hBP09-013_S]/arts.0,website/public/cards.json#hBP09-013:arts[0] -> shared printed target-color modifier and Arts resolution; Android package,ALIGNED,,FOCUSED_PASS,Website combined 34/34 and Android packaged Offline/PvP 57/57; red target +50 case
hBP09-013:keyword,hBP09-013,大空スバル,keyword,EFFECT_TEXT,website/public/cards.json#/cards[id=hbp09-hBP09-013_U;hbp09-hBP09-013_S]/keyword,website/lib/simulator/hbp09/programs.mjs#013:keyword -> runtime.mjs#search/reveal/hand/shuffle; Android mirror,ALIGNED,,FOCUSED_PASS,Website combined 34/34 and Android packaged Offline/PvP 57/57; exact named Support filter and no-match shuffle
hBP09-014:arts.0,hBP09-014,大空スバル,arts.0,EFFECT_TEXT,website/public/cards.json#/cards[id=hbp09-hBP09-014_RR;hbp09-hBP09-014_SR;hbp09-hBP09-014_UR]/arts.0,website/lib/simulator/hbp09/hooks.mjs#arts/previousDowns -> catalog Purple-target modifier; Android mirror,ALIGNED,,FOCUSED_PASS,Website combined 34/34 and Android packaged Offline/PvP 57/57; per-Down Arts bonus
hBP09-014:keyword,hBP09-014,大空スバル,keyword,EFFECT_TEXT,website/public/cards.json#/cards[id=hbp09-hBP09-014_RR;hbp09-hBP09-014_SR;hbp09-hBP09-014_UR]/keyword,website/lib/simulator/hbp09/hooks.mjs#onDamaged -> customOp.subaruReturnCheer -> runtime.mjs#ordered cheer owner context; Android mirror,ALIGNED,,FOCUSED_PASS,Website combined 34/34 and Android packaged Offline/PvP 57/57; Q717 single-event threshold and opponent Center Cheer ordering
hBP09-015:arts.0,hBP09-015,轟はじめ,arts.0,EFFECT_TEXT,website/public/cards.json#/cards[id=hbp09-hBP09-015_C;hbp09-hBP09-015_S]/arts.0,website/lib/simulator/hbp09/hooks.mjs#arts/baton fact -> shared Arts modifier; Android mirror,ALIGNED,,FOCUSED_PASS,Website combined 34/34 and Android packaged Offline/PvP 57/57; Baton event/current-turn Arts modifier
hBP09-015:keyword,hBP09-015,轟はじめ,keyword,EFFECT_TEXT,website/public/cards.json#/cards[id=hbp09-hBP09-015_C;hbp09-hBP09-015_S]/keyword,website/lib/simulator/engine.mjs#effectiveBatonCost -> hBP09-015 own-top/stage-count gate; Android packaged engine,ALIGNED,,FOCUSED_PASS,Website combined 34/34 and Android packaged Offline/PvP 57/57; own-stage count and own-card-only Baton reduction
hBP09-016:arts.0,hBP09-016,轟はじめ,arts.0,BASIC_ACTION,website/public/cards.json#/cards[id=hbp09-hBP09-016_U]/arts.0,website/public/cards.json#hBP09-016:arts[0] -> shared printed Arts cost/damage resolution; Android package,ALIGNED,,FOCUSED_PASS,"Website combined 34/34 and Android packaged Offline/PvP 57/57; vanilla Arts cost, damage and Cheer retention"
hBP09-016:keyword,hBP09-016,轟はじめ,keyword,EFFECT_TEXT,website/public/cards.json#/cards[id=hbp09-hBP09-016_U]/keyword,website/lib/simulator/hbp09/programs.mjs#016:keyword/onFirst/search -> runtime.mjs#filter/reveal/hand/shuffle; Android mirror,ALIGNED,,FOCUSED_PASS,"Website combined 34/34 and Android packaged Offline/PvP 57/57; timing, Baton-1 filter, single match and no-match completion"
hBP09-017:arts.0,hBP09-017,轟はじめ,arts.0,BASIC_ACTION,website/public/cards.json#/cards[id=hbp09-hBP09-017_C;hbp09-hBP09-017_S]/arts.0,website/public/cards.json#hBP09-017:arts[0] -> shared printed Arts cost/damage resolution; Android package,ALIGNED,,NO_DIRECT_TEST,Static trace only; blank Arts text uses catalog cost/damage. No focused direct Arts assertion
hBP09-017:keyword,hBP09-017,轟はじめ,keyword,EFFECT_TEXT,website/public/cards.json#/cards[id=hbp09-hBP09-017_C;hbp09-hBP09-017_S]/keyword,website/lib/simulator/hbp09/hooks.mjs#defense -> shared resolved Arts damage adjustment; Android mirror,ALIGNED,,FOCUSED_PASS,"Website combined 34/34 and Android packaged Offline/PvP 57/57; all stage zones, zero floor and Special-damage exclusion"
hBP09-018:arts.0,hBP09-018,轟はじめ,arts.0,EFFECT_TEXT,website/public/cards.json#/cards[id=hbp09-hBP09-018_C;hbp09-hBP09-018_S]/arts.0,hbp09/hooks.mjs#arts:n18 Collab +20; generic attack resolution,ALIGNED,,FOCUSED_PASS,website/tests/effect-audit-hbp09-018.test.mjs; android-current/tests/hbp09-018-release.test.mjs (Offline/PvP)
hBP09-018:keyword,hBP09-018,轟はじめ,keyword,EFFECT_TEXT,website/public/cards.json#/cards[id=hbp09-hBP09-018_C;hbp09-hBP09-018_S]/keyword,hbp09/programs.mjs#018:keyword Center-only draw 2,ALIGNED,,FOCUSED_PASS,website/tests/effect-audit-hbp09-018.test.mjs; android-current/tests/hbp09-018-release.test.mjs (Offline/PvP)
hBP09-019:arts.0,hBP09-019,轟はじめ,arts.0,EFFECT_TEXT,website/public/cards.json#/cards[id=hbp09-hBP09-019_R;hbp09-hBP09-019_SR]/arts.0,hbp09/hooks.mjs#arts:n19 Center +20 after own current-turn Baton,ALIGNED,,FOCUSED_PASS,website/tests/effect-audit-hbp09-019.test.mjs; android-current/tests/hbp09-019-release.test.mjs (Offline/PvP)
hBP09-019:keyword,hBP09-019,轟はじめ,keyword,EFFECT_TEXT,website/public/cards.json#/cards[id=hbp09-hBP09-019_R;hbp09-hBP09-019_SR]/keyword,hbp09/programs.mjs#019:keyword Back-only target Baton -2,ALIGNED,,FOCUSED_PASS,website/tests/effect-audit-hbp09-019.test.mjs; android-current/tests/hbp09-019-release.test.mjs (Offline/PvP)
hBP09-020:arts.0,hBP09-020,轟はじめ,arts.0,EFFECT_TEXT,website/public/cards.json#/cards[id=hbp09-hBP09-020_U;hbp09-hBP09-020_S]/arts.0,hbp09/programs.mjs#020:art0 Collab-only Center White cost -1; shared cost resolver,ALIGNED,,FOCUSED_PASS,website/tests/effect-audit-hbp09-020.test.mjs; android-current/tests/hbp09-020-release.test.mjs (Offline/PvP)
hBP09-020:keyword,hBP09-020,轟はじめ,keyword,EFFECT_TEXT,website/public/cards.json#/cards[id=hbp09-hBP09-020_U;hbp09-hBP09-020_S]/keyword,engine.mjs#returnCollabToBack Reset Step exception for top hBP09-020,ALIGNED,,FOCUSED_PASS,website/tests/effect-audit-hbp09-020.test.mjs; android-current/tests/hbp09-020-release.test.mjs (Offline/PvP)
hBP09-021:arts.0,hBP09-021,轟はじめ,arts.0,EFFECT_TEXT,website/public/cards.json#/cards[id=hbp09-hBP09-021_RR;hbp09-hBP09-021_SR;hbp09-hBP09-021_UR]/arts.0,hbp09/hooks.mjs#arts:n21 current-turn Baton +80; generic printed Arts and Red target icon,ALIGNED,,FOCUSED_PASS,website/tests/effect-audit-hbp09-021.test.mjs; android-current/tests/hbp09-021-release.test.mjs (Offline/PvP)
hBP09-021:keyword,hBP09-021,轟はじめ,keyword,EFFECT_TEXT,website/public/cards.json#/cards[id=hbp09-hBP09-021_RR;hbp09-hBP09-021_SR;hbp09-hBP09-021_UR]/keyword,hbp09/hooks.mjs#onDown Deck top to owner Holo Power on own source KO,ALIGNED,,FOCUSED_PASS,website/tests/effect-audit-hbp09-021.test.mjs; android-current/tests/hbp09-021-release.test.mjs (Offline/PvP)
hBP09-022:arts.0,hBP09-022,角巻わため,arts.0,EFFECT_TEXT,website/public/cards.json#/cards[id=hbp09-hBP09-022_R;hbp09-hBP09-022_SR]/arts.0,hbp09/hooks.mjs#arts:n22 Holo Power >=4 +50; generic printed Arts and Purple target icon,ALIGNED,,FOCUSED_PASS,website/tests/effect-audit-hbp09-022.test.mjs; android-current/tests/hbp09-022-release.test.mjs (Offline/PvP)
hBP09-022:keyword,hBP09-022,角巻わため,keyword,EFFECT_TEXT,website/public/cards.json#/cards[id=hbp09-hBP09-022_R;hbp09-hBP09-022_SR]/keyword,hbp09/programs.mjs#022:keyword opponent Stage target; at 10 Power add expiring 2nd status,ALIGNED,,FOCUSED_PASS,website/tests/effect-audit-hbp09-022.test.mjs; android-current/tests/hbp09-022-release.test.mjs (Offline/PvP)
hBP09-023:arts.0,hBP09-023,ベスティア・ゼータ,arts.0,EFFECT_TEXT,website/public/cards.json#/cards[id=hbp09-hBP09-023_R;hbp09-hBP09-023_SR]/arts.0,hbp09/hooks.mjs#arts:n23 Center +80 after named Oshi skill used this turn,ALIGNED,,FOCUSED_PASS,website/tests/effect-audit-hbp09-023.test.mjs; android-current/tests/hbp09-023-release.test.mjs (Offline/PvP)
hBP09-023:extra,hBP09-023,ベスティア・ゼータ,extra,EFFECT_TEXT,website/public/cards.json#/cards[id=hbp09-hBP09-023_R;hbp09-hBP09-023_SR]/extra,engine.mjs#cardIsBuzz and finishKnockoutLife replaces normal loss with 2; hbp09/onDown Zeta Gift timing,ALIGNED,,FOCUSED_PASS,website/tests/effect-audit-hbp09-023.test.mjs; website/tests/effect-audit-hbp09-023-q718.test.mjs; android-current/tests/hbp09-023-release.test.mjs; android-current/tests/hbp09-q718-release.test.mjs (Offline/PvP)
hBP09-023:keyword,hBP09-023,ベスティア・ゼータ,keyword,EFFECT_TEXT,website/public/cards.json#/cards[id=hbp09-hBP09-023_R;hbp09-hBP09-023_SR]/keyword,hbp09/hooks.mjs#onDown Zeta gate and two-die remaining-Life check,ALIGNED,,FOCUSED_PASS,website/tests/effect-audit-hbp09-023.test.mjs; website/tests/effect-audit-hbp09-023-q718.test.mjs; android-current/tests/hbp09-023-release.test.mjs; android-current/tests/hbp09-q718-release.test.mjs (Offline/PvP)
hBP09-024:arts.0,hBP09-024,響咲リオナ,arts.0,EFFECT_TEXT,website/public/cards.json#/cards[id=hbp09-hBP09-024_R;hbp09-hBP09-024_SR]/arts.0,hbp09/hooks.mjs#arts:n24 Center +100 with all four named Stage members,ALIGNED,,FOCUSED_PASS,website/tests/effect-audit-hbp09-024.test.mjs; android-current/tests/hbp09-024-release.test.mjs (Offline/PvP)
hBP09-024:extra,hBP09-024,響咲リオナ,extra,EFFECT_TEXT,website/public/cards.json#/cards[id=hbp09-hBP09-024_R;hbp09-hBP09-024_SR]/extra,engine.mjs#cardIsBuzz and finishKnockoutLife replaces normal loss with 2,ALIGNED,,FOCUSED_PASS,website/tests/effect-audit-hbp09-024.test.mjs; android-current/tests/hbp09-024-release.test.mjs (Offline/PvP)
hBP09-024:keyword,hBP09-024,響咲リオナ,keyword,EFFECT_TEXT,website/public/cards.json#/cards[id=hbp09-hBP09-024_R;hbp09-hBP09-024_SR]/keyword,hbp09/hooks.mjs#artCost Center Riona converts FLOW GLOW Collab colors to Colorless,ALIGNED,,FOCUSED_PASS,website/tests/effect-audit-hbp09-024.test.mjs; android-current/tests/hbp09-024-release.test.mjs (Offline/PvP)
hBP09-025:arts.0,hBP09-025,白銀ノエル,arts.0,BASIC_ACTION,website/public/cards.json#/cards[id=hbp09-hBP09-025_C;hbp09-hBP09-025_S]/arts.0,generic printed Arts route reads catalog 20 damage and one Colorless; no card-specific Arts effect,ALIGNED,,NO_DIRECT_TEST,Static trace only; catalog values are asserted but no per-card Arts action is run
hBP09-025:keyword,hBP09-025,白銀ノエル,keyword,EFFECT_TEXT,website/public/cards.json#/cards[id=hbp09-hBP09-025_C;hbp09-hBP09-025_S]/keyword,engine.mjs#stageUnitEffectiveHp hBP09-025 +20 when selected Oshi has stageSkill,ALIGNED,,FOCUSED_PASS,website/tests/effect-audit-hbp09-025.test.mjs; android-current/tests/hbp09-025-release.test.mjs (Offline/PvP)
hBP09-026:arts.0,hBP09-026,白銀ノエル,arts.0,BASIC_ACTION,website/public/cards.json#/cards[id=hbp09-hBP09-026_U]/arts.0,generic printed Arts route reads catalog 20 damage and one Green; no card-specific Arts effect,ALIGNED,,NO_DIRECT_TEST,Static trace only; catalog values are asserted but no per-card Arts action is run
hBP09-026:keyword,hBP09-026,白銀ノエル,keyword,EFFECT_TEXT,website/public/cards.json#/cards[id=hbp09-hBP09-026_U]/keyword,website/lib/simulator/hbp09/hooks.mjs#keyword -> programs.mjs#026:keyword/onFirst -> two pick/move steps then one shuffle; Android mirrored HBP09 source and packaged Offline/Firebase NativeRules,ALIGNED,,FOCUSED_PASS,website/tests/effect-audit-hbp09-026.test.mjs; android-current/tests/hbp09-026-release.test.mjs (Offline/PvP); suites re-run 2026-09-25
hBP09-027:arts.0,hBP09-027,白銀ノエル,arts.0,BASIC_ACTION,website/public/cards.json#/cards[id=hbp09-hBP09-027_C;hbp09-hBP09-027_S]/arts.0,generic printed Arts route reads catalog 40 damage and Green plus Colorless; no card-specific Arts effect,ALIGNED,,NO_DIRECT_TEST,Static trace only; catalog values are asserted but no per-card Arts action is run
hBP09-027:keyword,hBP09-027,白銀ノエル,keyword,EFFECT_TEXT,website/public/cards.json#/cards[id=hbp09-hBP09-027_C;hbp09-hBP09-027_S]/keyword,hbp09/hooks.mjs#defense hBP09-027 undamaged + 1st-source Arts -50,ALIGNED,,FOCUSED_PASS,website/tests/effect-audit-hbp09-027.test.mjs; android-current/tests/hbp09-027-release.test.mjs (Offline/PvP)
hBP09-028:arts.0,hBP09-028,白銀ノエル,arts.0,BASIC_ACTION,website/public/cards.json#/cards[id=hbp09-hBP09-028_C;hbp09-hBP09-028_S]/arts.0,generic printed Arts action uses catalog cost/damage; no card-specific Arts clause,ALIGNED,,NO_DIRECT_TEST,Static trace only; the hBP09-028 focused tests exercise its Bloom search but do not play its blank-text Arts
hBP09-028:keyword,hBP09-028,白銀ノエル,keyword,EFFECT_TEXT,website/public/cards.json#/cards[id=hbp09-hBP09-028_C;hbp09-hBP09-028_S]/keyword,website/lib/simulator/hbp09/hooks.mjs#keyword/Bloom -> programs.mjs#028:keyword -> one search/pick/move/shuffle; Android mirrored HBP09 source and packaged Offline/Firebase NativeRules,ALIGNED,,FOCUSED_PASS,website/tests/effect-audit-hbp09-028.test.mjs; android-current/tests/hbp09-028-release.test.mjs (Offline/PvP); suites re-run 2026-09-25
hBP09-029:arts.0,hBP09-029,白銀ノエル,arts.0,EFFECT_TEXT,website/public/cards.json#/cards[id=hbp09-hBP09-029_R;hbp09-hBP09-029_SR]/arts.0,website/lib/simulator/hbp09/hooks.mjs#arts -> programs.mjs#029:art0 -> search/pick/move/shuffle; engine.mjs#attack base Arts; Android mirrored HBP09 source and packaged Offline/Firebase NativeRules,ALIGNED,,FOCUSED_PASS,website/tests/effect-audit-hbp09-029.test.mjs; android-current/tests/hbp09-029-release.test.mjs (Offline/PvP); suites re-run 2026-09-25
hBP09-029:extra,hBP09-029,白銀ノエル,extra,EFFECT_TEXT,website/public/cards.json#/cards[id=hbp09-hBP09-029_R;hbp09-hBP09-029_SR]/extra,engine.mjs#cardIsBuzz and finishKnockoutLife replaces normal Down life loss with 2 for active top Buzz,ALIGNED,,FOCUSED_PASS,website/tests/effect-audit-hbp09-029.test.mjs; android-current/tests/hbp09-029-release.test.mjs (Offline/PvP)
hBP09-030:arts.0,hBP09-030,白銀ノエル,arts.0,EFFECT_TEXT,website/public/cards.json#/cards[id=hbp09-hBP09-030_U;hbp09-hBP09-030_S]/arts.0,website/lib/simulator/hbp09/hooks.mjs#arts/030:arts.0 -> archive Gyudon count + shared base Arts and target-color resolution; Android mirrored sources and packaged Offline/Firebase NativeRules,ALIGNED,,FOCUSED_PASS,website/tests/effect-audit-hbp09-030.test.mjs (8/8); android-current/tests/hbp09-030-release.test.mjs exact packaged Offline/PvP (10/10); HBP09 source mirror parity verified
hBP09-030:keyword,hBP09-030,白銀ノエル,keyword,EFFECT_TEXT,website/public/cards.json#/cards[id=hbp09-hBP09-030_U;hbp09-hBP09-030_S]/keyword,website/lib/simulator/hbp09/hooks.mjs#keyword -> programs.mjs#030:keyword -> runtime.mjs#healDistribution -> engine.mjs#healDistribution; Android mirrored sources and packaged Offline/Firebase NativeRules,ALIGNED,,FOCUSED_PASS,website/tests/effect-audit-hbp09-030.test.mjs (8/8); android-current/tests/hbp09-030-release.test.mjs exact packaged Offline/PvP (10/10); HBP09 source mirror parity verified
hBP09-031:arts.0,hBP09-031,白銀ノエル,arts.0,EFFECT_TEXT,website/public/cards.json#/cards[id=hbp09-hBP09-031_RR;hbp09-hBP09-031_SR;hbp09-hBP09-031_UR]/arts.0,website/lib/simulator/hbp09/hooks.mjs#arts/031:art0 -> Oshi-name and remaining-HP gate; shared base Arts and target-color handling; Android packaged NativeRules,ALIGNED,,FOCUSED_PASS,website focused grouped hBP09-031/034/035/036/037/038 tests (45/45); android-current exact packaged Offline/Firebase tests (54/54); HBP09 source mirror parity verified
hBP09-031:keyword,hBP09-031,白銀ノエル,keyword,EFFECT_TEXT,website/public/cards.json#/cards[id=hbp09-hBP09-031_RR;hbp09-hBP09-031_SR;hbp09-hBP09-031_UR]/keyword,website/lib/simulator/engine.mjs#resolveChoice -> Gyudon-source heal trigger -> per-copy/per-turn HBP09.once; Android packaged Offline/Firebase NativeRules,ALIGNED,,FOCUSED_PASS,website focused grouped hBP09-031/034/035/036/037/038 tests (45/45); android-current exact packaged Offline/Firebase tests (54/54); HBP09 source mirror parity verified
hBP09-032:arts.0,hBP09-032,大神ミオ,arts.0,BASIC_ACTION,website/public/cards.json#/cards[id=hbp09-hBP09-032_C;hbp09-hBP09-032_S]/arts.0,website/lib/simulator/engine.mjs#resolveGenericArtEffects/attack -> hbp09/hooks.mjs#arts; Android source mirror,ALIGNED,,FOCUSED_PASS,"website/tests/effect-audit-hbp09-032.test.mjs and ../android-current/tests/hbp09-032-release.test.mjs (green 20 Arts + matching Cheer; focused family run: website 20/20, packaged Android Offline/PvP 33/33)"
hBP09-032:keyword,hBP09-032,大神ミオ,keyword,EFFECT_TEXT,website/public/cards.json#/cards[id=hbp09-hBP09-032_C;hbp09-hBP09-032_S]/keyword,website/lib/simulator/engine.mjs#queueCollabEffects -> hooks.mjs#keyword -> programs.mjs#032:keyword -> runtime.mjs#chooseCards/chooseUnit/topCheer; Android mirror,ALIGNED,,FOCUSED_PASS,"website/tests/effect-audit-hbp09-032.test.mjs; ../android-current/tests/hbp09-032-release.test.mjs (focused family run: website 20/20, packaged Android Offline/PvP 33/33)"
hBP09-033:arts.0,hBP09-033,大神ミオ,arts.0,BASIC_ACTION,website/public/cards.json#/cards[id=hbp09-hBP09-033_U;hbp09-hBP09-033_S]/arts.0,website/lib/simulator/engine.mjs#resolveGenericArtEffects/attack -> hbp09/hooks.mjs#arts; Android source mirror,ALIGNED,,FOCUSED_PASS,"website/tests/effect-audit-hbp09-033.test.mjs and ../android-current/tests/hbp09-033-release.test.mjs (green 50 Arts; focused family run: website 20/20, packaged Android Offline/PvP 33/33)"
hBP09-033:keyword,hBP09-033,大神ミオ,keyword,EFFECT_TEXT,website/public/cards.json#/cards[id=hbp09-hBP09-033_U;hbp09-hBP09-033_S]/keyword,website/lib/simulator/engine.mjs#queueBloomEffects -> hooks.mjs#keyword -> programs.mjs#033:keyword -> runtime.mjs#chooseOption/move/chooseUnit/topCheer; Android mirror,ALIGNED,,FOCUSED_PASS,"website/tests/effect-audit-hbp09-033.test.mjs; ../android-current/tests/hbp09-033-release.test.mjs (focused family run: website 20/20, packaged Android Offline/PvP 33/33)"
hBP09-034:arts.0,hBP09-034,大神ミオ,arts.0,BASIC_ACTION,website/public/cards.json#/cards[id=hbp09-hBP09-034_R;hbp09-hBP09-034_SR]/arts.0,website/lib/simulator/engine.mjs#resolveAttack -> catalog Arts cost/damage and shared payment; Android packaged Offline/Firebase NativeRules,ALIGNED,,FOCUSED_PASS,website focused grouped hBP09-031/034/035/036/037/038 tests (45/45); android-current exact packaged Offline/Firebase tests (54/54); HBP09 source mirror parity verified
hBP09-034:extra,hBP09-034,大神ミオ,extra,EFFECT_TEXT,website/public/cards.json#/cards[id=hbp09-hBP09-034_R;hbp09-hBP09-034_SR]/extra,website/lib/simulator/engine.mjs#knockout/Extra life-loss pipeline; Android packaged Offline/Firebase NativeRules,ALIGNED,,FOCUSED_PASS,website focused grouped hBP09-031/034/035/036/037/038 tests (45/45); android-current exact packaged Offline/Firebase tests (54/54); HBP09 source mirror parity verified
hBP09-034:keyword,hBP09-034,大神ミオ,keyword,EFFECT_TEXT,website/public/cards.json#/cards[id=hbp09-hBP09-034_R;hbp09-hBP09-034_SR]/keyword,website/lib/simulator/hbp09/programs.mjs#034:keyword -> optional exact-two Archive Support payment -> deck-top return -> own-stage heal; Android packaged NativeRules,ALIGNED,,FOCUSED_PASS,website focused grouped hBP09-031/034/035/036/037/038 tests (45/45); android-current exact packaged Offline/Firebase tests (54/54); HBP09 source mirror parity verified
hBP09-035:arts.0,hBP09-035,大神ミオ,arts.0,EFFECT_TEXT,website/public/cards.json#/cards[id=hbp09-hBP09-035_RR;hbp09-hBP09-035_SR;hbp09-hBP09-035_UR]/arts.0,website/lib/simulator/hbp09/programs.mjs#035:art0 -> optional two-card mill -> count only milled Support -> current-turn Arts buff; Android packaged NativeRules,ALIGNED,,FOCUSED_PASS,website focused grouped hBP09-031/034/035/036/037/038 tests (45/45); android-current exact packaged Offline/Firebase tests (54/54); HBP09 source mirror parity verified
hBP09-035:keyword,hBP09-035,大神ミオ,keyword,EFFECT_TEXT,website/public/cards.json#/cards[id=hbp09-hBP09-035_RR;hbp09-hBP09-035_SR;hbp09-hBP09-035_UR]/keyword,website/lib/simulator/hbp09/programs.mjs#035:keyword -> Mio-Oshi gate -> draw three -> ordered two-card hand return; Android packaged NativeRules,ALIGNED,,FOCUSED_PASS,website focused grouped hBP09-031/034/035/036/037/038 tests (45/45); android-current exact packaged Offline/Firebase tests (54/54); HBP09 source mirror parity verified
hBP09-036:arts.0,hBP09-036,風真いろは,arts.0,EFFECT_TEXT,website/public/cards.json#/cards[id=hbp09-hBP09-036_R;hbp09-hBP09-036_SR]/arts.0,website/lib/simulator/hbp09/hooks.mjs#arts/036:art0 -> own Center AZKi Cheer count; shared base/matchup handling; Android packaged NativeRules,ALIGNED,,FOCUSED_PASS,website focused grouped hBP09-031/034/035/036/037/038 tests (45/45); android-current exact packaged Offline/Firebase tests (54/54); HBP09 source mirror parity verified
hBP09-036:keyword,hBP09-036,風真いろは,keyword,EFFECT_TEXT,website/public/cards.json#/cards[id=hbp09-hBP09-036_R;hbp09-hBP09-036_SR]/keyword,website/lib/simulator/hbp09/programs.mjs#036:keyword/customOp colorMatchedCheer -> own AZKi target -> matching Cheer attach and deck shuffle; Android packaged NativeRules,ALIGNED,,FOCUSED_PASS,website focused grouped hBP09-031/034/035/036/037/038 tests (45/45); android-current exact packaged Offline/Firebase tests (54/54); HBP09 source mirror parity verified
hBP09-037:arts.0,hBP09-037,輪堂千速,arts.0,EFFECT_TEXT,website/public/cards.json#/cards[id=hbp09-hBP09-037_R;hbp09-hBP09-037_SR]/arts.0,website/lib/simulator/hbp09/hooks.mjs#arts/037:art0 -> Chihaya-Oshi and non-Debut stage count; shared target-color handling; Android packaged NativeRules,ALIGNED,,FOCUSED_PASS,website focused grouped hBP09-031/034/035/036/037/038 tests (45/45); android-current exact packaged Offline/Firebase tests (54/54); HBP09 source mirror parity verified
hBP09-037:keyword,hBP09-037,輪堂千速,keyword,EFFECT_TEXT,website/public/cards.json#/cards[id=hbp09-hBP09-037_R;hbp09-hBP09-037_SR]/keyword,website/lib/simulator/hbp09/hooks.mjs#onDown -> optional own Back FLOW GLOW target -> return stacked stage cards; Android packaged NativeRules,ALIGNED,,FOCUSED_PASS,website focused grouped hBP09-031/034/035/036/037/038 tests (45/45); android-current exact packaged Offline/Firebase tests (54/54); HBP09 source mirror parity verified
hBP09-038:arts.0,hBP09-038,カエラ・コヴァルスキア,arts.0,BASIC_ACTION,website/public/cards.json#/cards[id=hbp09-hBP09-038_C;hbp09-hBP09-038_S]/arts.0,website/lib/simulator/engine.mjs#resolveAttack -> catalog red cost/printed damage and shared payment; Android packaged Offline/Firebase NativeRules,ALIGNED,,FOCUSED_PASS,website focused grouped hBP09-031/034/035/036/037/038 tests (45/45); android-current exact packaged Offline/Firebase tests (54/54); HBP09 source mirror parity verified
hBP09-038:keyword,hBP09-038,カエラ・コヴァルスキア,keyword,EFFECT_TEXT,website/public/cards.json#/cards[id=hbp09-hBP09-038_C;hbp09-hBP09-038_S]/keyword,website/lib/simulator/hbp09/programs.mjs#038:keyword -> source Holomem Tool attachment condition -> draw one; Android packaged NativeRules,ALIGNED,,FOCUSED_PASS,website focused grouped hBP09-031/034/035/036/037/038 tests (45/45); android-current exact packaged Offline/Firebase tests (54/54); HBP09 source mirror parity verified
hBP09-039:arts.0,hBP09-039,カエラ・コヴァルスキア,arts.0,BASIC_ACTION,website/public/cards.json#/cards[id=hbp09-hBP09-039_U]/arts.0,generic printed Arts action uses catalog cost/damage; Arts cost retention and 20 damage covered,ALIGNED,,FOCUSED_PASS,website/tests/effect-audit-hbp09-039.test.mjs; android-current/tests/hbp09-039-release.test.mjs (Offline/PvP)
hBP09-039:keyword,hBP09-039,カエラ・コヴァルスキア,keyword,EFFECT_TEXT,website/public/cards.json#/cards[id=hbp09-hBP09-039_U]/keyword,website/lib/simulator/hbp09/hooks.mjs#keyword -> programs.mjs#039:keyword/onFirst -> search/pick/move/shuffle; Android mirrored HBP09 source and packaged Offline/Firebase NativeRules,ALIGNED,,FOCUSED_PASS,website/tests/effect-audit-hbp09-039.test.mjs; android-current/tests/hbp09-039-release.test.mjs (Offline/PvP); suites re-run 2026-09-25
hBP09-040:arts.0,hBP09-040,カエラ・コヴァルスキア,arts.0,BASIC_ACTION,website/public/cards.json#/cards[id=hbp09-hBP09-040_C;hbp09-hBP09-040_S]/arts.0,website/lib/simulator/engine.mjs#resolveAttack -> catalog red cost/damage and shared payment; Android packaged NativeRules,ALIGNED,,FOCUSED_PASS,website focused grouped hBP09-040–046 tests (42/42); android-current exact packaged Offline/Firebase PvP tests (47/47); HBP09 source mirror parity verified
hBP09-040:keyword,hBP09-040,カエラ・コヴァルスキア,keyword,EFFECT_TEXT,website/public/cards.json#/cards[id=hbp09-hBP09-040_C;hbp09-hBP09-040_S]/keyword,website/lib/simulator/hbp09/programs.mjs#040:keyword -> optional recovery filtered to own archived Kaela Arms Tools; Android packaged NativeRules,ALIGNED,,FOCUSED_PASS,website focused grouped hBP09-040–046 tests (42/42); android-current exact packaged Offline/Firebase PvP tests (47/47); HBP09 source mirror parity verified
hBP09-041:arts.0,hBP09-041,カエラ・コヴァルスキア,arts.0,EFFECT_TEXT,website/public/cards.json#/cards[id=hbp09-hBP09-041_C;hbp09-hBP09-041_S]/arts.0,website/lib/simulator/hbp09/hooks.mjs#arts/041:art0 -> own qualifying Buzz/2nd with attached Arms Tool gives flat +20; shared Arts/color handling,ALIGNED,,FOCUSED_PASS,website focused grouped hBP09-040–046 tests (42/42); android-current exact packaged Offline/Firebase PvP tests (47/47); HBP09 source mirror parity verified
hBP09-041:keyword,hBP09-041,カエラ・コヴァルスキア,keyword,EFFECT_TEXT,website/public/cards.json#/cards[id=hbp09-hBP09-041_C;hbp09-hBP09-041_S]/keyword,website/lib/simulator/hbp09/hooks.mjs#artCost/041 -> removes one red cost only from this Holomem with attached Kaela Arms Tool; shared tool effect kept separate,ALIGNED,,FOCUSED_PASS,website focused grouped hBP09-040–046 tests (42/42); android-current exact packaged Offline/Firebase PvP tests (47/47); HBP09 source mirror parity verified
hBP09-042:arts.0,hBP09-042,カエラ・コヴァルスキア,arts.0,EFFECT_TEXT,website/public/cards.json#/cards[id=hbp09-hBP09-042_R;hbp09-hBP09-042_SR]/arts.0,website/lib/simulator/hbp09/programs.mjs#042:art0 plus hooks.mjs#onArts/Q721 -> attach one own archived Arms Tool to source; same-attack Arts adjustment,ALIGNED,,FOCUSED_PASS,website focused grouped hBP09-040–046 tests (42/42); android-current exact packaged Offline/Firebase PvP tests (47/47); HBP09 source mirror parity verified
hBP09-042:extra,hBP09-042,カエラ・コヴァルスキア,extra,EFFECT_TEXT,website/public/cards.json#/cards[id=hbp09-hBP09-042_R;hbp09-hBP09-042_SR]/extra,website/lib/simulator/engine.mjs#knockout/Extra life-loss pipeline; active-top Buzz handling,ALIGNED,,FOCUSED_PASS,website focused grouped hBP09-040–046 tests (42/42); android-current exact packaged Offline/Firebase PvP tests (47/47); HBP09 source mirror parity verified
hBP09-042:keyword,hBP09-042,カエラ・コヴァルスキア,keyword,EFFECT_TEXT,website/public/cards.json#/cards[id=hbp09-hBP09-042_R;hbp09-hBP09-042_SR]/keyword,website/lib/simulator/hbp09/hooks.mjs#onDown -> recover one own archived Holomem to hand after this card Downs opponent,ALIGNED,,FOCUSED_PASS,website focused grouped hBP09-040–046 tests (42/42); android-current exact packaged Offline/Firebase PvP tests (47/47); HBP09 source mirror parity verified
hBP09-043:arts.0,hBP09-043,カエラ・コヴァルスキア,arts.0,EFFECT_TEXT,website/public/cards.json#/cards[id=hbp09-hBP09-043_U;hbp09-hBP09-043_S]/arts.0,website/lib/simulator/hbp09/programs.mjs#043:art0 -> 30 Special damage to opposing Collab; shared base Arts/color handling,ALIGNED,,FOCUSED_PASS,website focused grouped hBP09-040–046 tests (42/42); android-current exact packaged Offline/Firebase PvP tests (47/47); HBP09 source mirror parity verified
hBP09-043:keyword,hBP09-043,カエラ・コヴァルスキア,keyword,EFFECT_TEXT,website/public/cards.json#/cards[id=hbp09-hBP09-043_U;hbp09-hBP09-043_S]/keyword,website/lib/simulator/hbp09/programs.mjs#043:keyword -> count own stage Kaela Arms Tools -> archive Cheer selection -> attach to own Holomem,ALIGNED,,FOCUSED_PASS,website focused grouped hBP09-040–046 tests (42/42); android-current exact packaged Offline/Firebase PvP tests (47/47); HBP09 source mirror parity verified
hBP09-044:arts.0,hBP09-044,カエラ・コヴァルスキア,arts.0,EFFECT_TEXT,website/public/cards.json#/cards[id=hbp09-hBP09-044_RR;hbp09-hBP09-044_SR;hbp09-hBP09-044_UR]/arts.0,website/lib/simulator/hbp09/hooks.mjs#arts/044:art0 -> +60 only when this Kaela has a Kaela Arms Tool; shared base/color handling,ALIGNED,,FOCUSED_PASS,website focused grouped hBP09-040–046 tests (42/42); android-current exact packaged Offline/Firebase PvP tests (47/47); HBP09 source mirror parity verified
hBP09-044:keyword,hBP09-044,カエラ・コヴァルスキア,keyword,EFFECT_TEXT,website/public/cards.json#/cards[id=hbp09-hBP09-044_RR;hbp09-hBP09-044_SR;hbp09-hBP09-044_UR]/keyword,website/lib/simulator/engine.mjs#attachmentLimit/legal attachment -> existing Tool gate and one extra matching Kaela Arms Tool,ALIGNED,,FOCUSED_PASS,website focused grouped hBP09-040–046 tests (42/42); android-current exact packaged Offline/Firebase PvP tests (47/47); HBP09 source mirror parity verified
hBP09-045:arts.0,hBP09-045,赤井はあと,arts.0,EFFECT_TEXT,website/public/cards.json#/cards[id=hbp09-hBP09-045_R;hbp09-hBP09-045_SR]/arts.0,website/lib/simulator/hbp09/programs.mjs#045:art0 -> mandatory one eligible Archive Debut Haato deploy; shared attack continuation,ALIGNED,,FOCUSED_PASS,website focused grouped hBP09-040–046 tests (42/42); android-current exact packaged Offline/Firebase PvP tests (47/47); HBP09 source mirror parity verified
hBP09-045:keyword,hBP09-045,赤井はあと,keyword,EFFECT_TEXT,website/public/cards.json#/cards[id=hbp09-hBP09-045_R;hbp09-hBP09-045_SR]/keyword,website/lib/simulator/hbp09/programs.mjs#045:keyword -> die parity -> opposing Center Special damage or draw two,ALIGNED,,FOCUSED_PASS,website focused grouped hBP09-040–046 tests (42/42); android-current exact packaged Offline/Firebase PvP tests (47/47); HBP09 source mirror parity verified
hBP09-046:arts.0,hBP09-046,百鬼あやめ,arts.0,BASIC_ACTION,website/public/cards.json#/cards[id=hbp09-hBP09-046_U;hbp09-hBP09-046_S]/arts.0,website/lib/simulator/engine.mjs#resolveAttack -> catalog red cost/printed damage and shared payment; Android packaged NativeRules,ALIGNED,,FOCUSED_PASS,website focused grouped hBP09-040–046 tests (42/42); android-current exact packaged Offline/Firebase PvP tests (47/47); HBP09 source mirror parity verified
hBP09-046:keyword,hBP09-046,百鬼あやめ,keyword,EFFECT_TEXT,website/public/cards.json#/cards[id=hbp09-hBP09-046_U;hbp09-hBP09-046_S]/keyword,website/lib/simulator/hbp09/hooks.mjs#keyword -> programs.mjs#046:keyword optional Cheer pay -> deploy one Ayame then one shuffle; Android mirrored HBP09 source and packaged Offline/Firebase NativeRules,ALIGNED,,FOCUSED_PASS,website/tests/effect-audit-hbp09-046.test.mjs; android-current/tests/hbp09-046-q724-release.test.mjs (Offline/PvP); suites re-run 2026-09-25
hBP09-047:arts.0,hBP09-047,ハコス・ベールズ,arts.0,EFFECT_TEXT,website/public/cards.json#/cards[id=hbp09-hBP09-047_C;hbp09-hBP09-047_S]/arts.0,website/lib/simulator/hbp09/hooks.mjs#arts/047:art0 -> +20 if a top own-Stage Holomem is Subaru; shared base cost/damage,ALIGNED,,FOCUSED_PASS,website focused grouped hBP09-047–051 and Q725 tests (34/34); android-current exact packaged Offline/Firebase PvP tests (58/58); HBP09 source mirror parity verified
hBP09-047:keyword,hBP09-047,ハコス・ベールズ,keyword,EFFECT_TEXT,website/public/cards.json#/cards[id=hbp09-hBP09-047_C;hbp09-hBP09-047_S]/keyword,website/lib/simulator/hbp09/programs.mjs#047:keyword -> own Center Subaru gate -> draw one after ordinary Collab movement,ALIGNED,,FOCUSED_PASS,website focused grouped hBP09-047–051 and Q725 tests (34/34); android-current exact packaged Offline/Firebase PvP tests (58/58); HBP09 source mirror parity verified
hBP09-048:arts.0,hBP09-048,ハコス・ベールズ,arts.0,EFFECT_TEXT,website/public/cards.json#/cards[id=hbp09-hBP09-048_U;hbp09-hBP09-048_S]/arts.0,website/lib/simulator/hbp09/hooks.mjs#arts; website/lib/simulator/hbp09/programs.mjs#048:art0; website/lib/simulator/engine.mjs#attack/damage; Android source mirror and packaged Offline/Firebase NativeRules,ALIGNED,,FOCUSED_PASS,website/tests/effect-audit-hbp09-048.test.mjs (six die outcomes and Collab targeting); android-current/tests/hbp09-048-release.test.mjs (packaged Offline/Firebase); focused package regression
hBP09-048:keyword,hBP09-048,ハコス・ベールズ,keyword,EFFECT_TEXT,website/public/cards.json#/cards[id=hbp09-hBP09-048_U;hbp09-hBP09-048_S]/keyword,website/lib/simulator/hbp09/hooks.mjs#keyword -> programs.mjs#048:keyword -> runtime.mjs#chooseCards/move/shuffle; Android source mirror and packaged Offline/Firebase NativeRules,FIXED,website/lib/simulator/hbp09/programs.mjs#048:keyword; android-current/web/lib/simulator/hbp09/programs.mjs#048:keyword,FOCUSED_PASS,"website/tests/effect-audit-hbp09-search-shuffle.test.mjs (red before fix, green after); android-current/tests/hbp09-search-shuffle-release.test.mjs (Offline/Firebase bundles)"
hBP09-049:arts.0,hBP09-049,ハコス・ベールズ,arts.0,EFFECT_TEXT,website/public/cards.json#/cards[id=hbp09-hBP09-049_R;hbp09-hBP09-049_SR]/arts.0,website/lib/simulator/hbp09/programs.mjs#049:art0 -> Subaru-Oshi gate -> recover one Subaru/Baelz; hooks.mjs#artCost removes three colorless under supported Subaru Oshi; shared target-color bonus,ALIGNED,,FOCUSED_PASS,website focused grouped hBP09-047–051 and Q725 tests (34/34); android-current exact packaged Offline/Firebase PvP tests (58/58); HBP09 source mirror parity verified
hBP09-049:keyword,hBP09-049,ハコス・ベールズ,keyword,EFFECT_TEXT,website/public/cards.json#/cards[id=hbp09-hBP09-049_R;hbp09-hBP09-049_SR]/keyword,website/lib/simulator/hbp09/hooks.mjs#artCost/049 -> remove three colorless only under Subaru Oshi; not applied to unrelated card/Arts,ALIGNED,,FOCUSED_PASS,website focused grouped hBP09-047–051 and Q725 tests (34/34); android-current exact packaged Offline/Firebase PvP tests (58/58); HBP09 source mirror parity verified
hBP09-050:arts.0,hBP09-050,ハコス・ベールズ,arts.0,EFFECT_TEXT,website/public/cards.json#/cards[id=hbp09-hBP09-050_RR;hbp09-hBP09-050_SR;hbp09-hBP09-050_UR]/arts.0,website/lib/simulator/hbp09/hooks.mjs#arts/050:art0 -> +20 per own-stage top Subaru; shared printed Purple matchup,ALIGNED,,FOCUSED_PASS,website focused grouped hBP09-047–051 and Q725 tests (34/34); android-current exact packaged Offline/Firebase PvP tests (58/58); HBP09 source mirror parity verified
hBP09-050:keyword,hBP09-050,ハコス・ベールズ,keyword,EFFECT_TEXT,website/public/cards.json#/cards[id=hbp09-hBP09-050_RR;hbp09-hBP09-050_SR;hbp09-hBP09-050_UR]/keyword,website/lib/simulator/hbp09/programs.mjs#050:keyword -> Subaru-Oshi gate -> opposing Back target -> swap or move into empty Collab,ALIGNED,,FOCUSED_PASS,website focused grouped hBP09-047–051 and Q725 tests (34/34); android-current exact packaged Offline/Firebase PvP tests (58/58); HBP09 source mirror parity verified
hBP09-051:arts.0,hBP09-051,常闇トワ,arts.0,BASIC_ACTION,website/public/cards.json#/cards[id=hbp09-hBP09-051_C;hbp09-hBP09-051_S]/arts.0,website/lib/simulator/engine.mjs#resolveAttack -> printed one-colorless cost/20 damage from local catalog; no custom program,ALIGNED,,NO_DIRECT_TEST,static catalog-to-resolveAttack review; no direct art0 assertion in focused test group
hBP09-051:arts.1,hBP09-051,常闇トワ,arts.1,EFFECT_TEXT,website/public/cards.json#/cards[id=hbp09-hBP09-051_C;hbp09-hBP09-051_S]/arts.1,website/lib/simulator/hbp09/programs.mjs#051:art1 -> own Cheer only -> optional transfer to own Back #歌; target gate checked before prompt,ALIGNED,,FOCUSED_PASS,website focused grouped hBP09-047–051 and Q725 tests (34/34); android-current exact packaged Offline/Firebase PvP tests (58/58); HBP09 source mirror parity verified
hBP09-052:arts.0,hBP09-052,常闇トワ,arts.0,BASIC_ACTION,website/public/cards.json#/cards[id=hbp09-hBP09-052_U]/arts.0,website/lib/simulator/engine.mjs#attack -> resolveGenericArtEffects -> catalog cost/damage; Android mirror,ALIGNED,,NO_DIRECT_TEST,
hBP09-052:keyword,hBP09-052,常闇トワ,keyword,EFFECT_TEXT,website/public/cards.json#/cards[id=hbp09-hBP09-052_U]/keyword,website/lib/simulator/engine.mjs#queueCollabEffects -> hbp09/hooks.mjs#keyword -> programs.mjs#052:keyword/onFirst -> runtime.mjs#secondFirst/chooseUnit/topCheer; Android source counterparts match,ALIGNED,,FOCUSED_PASS,website/tests/effect-audit-hbp09-052.test.mjs (4/4); ../android-current/tests/hbp09-052-release.test.mjs (7/7; packaged Offline/Firebase PvP)
hBP09-053:arts.0,hBP09-053,常闇トワ,arts.0,BASIC_ACTION,website/public/cards.json#/cards[id=hbp09-hBP09-053_C;hbp09-hBP09-053_S]/arts.0,website/lib/simulator/engine.mjs#attack -> resolveGenericArtEffects -> catalog cost/damage; Android mirror,ALIGNED,,NO_DIRECT_TEST,
hBP09-053:arts.1,hBP09-053,常闇トワ,arts.1,BASIC_ACTION,website/public/cards.json#/cards[id=hbp09-hBP09-053_C;hbp09-hBP09-053_S]/arts.1,website/lib/simulator/engine.mjs#attack -> resolveGenericArtEffects -> catalog cost/damage; Android mirror,ALIGNED,,NO_DIRECT_TEST,
hBP09-054:arts.0,hBP09-054,常闇トワ,arts.0,EFFECT_TEXT,website/public/cards.json#/cards[id=hbp09-hBP09-054_C;hbp09-hBP09-054_S]/arts.0,website/lib/simulator/hbp09/programs.mjs#054:art0 -> runtime.mjs#count/stage/special; hooks.mjs#arts; Android mirror,ALIGNED,,NO_DIRECT_TEST,
hBP09-054:keyword,hBP09-054,常闇トワ,keyword,EFFECT_TEXT,website/public/cards.json#/cards[id=hbp09-hBP09-054_C;hbp09-hBP09-054_S]/keyword,website/lib/simulator/engine.mjs#queueBloomEffects -> hbp09/hooks.mjs#keyword -> programs.mjs#054:keyword -> runtime.mjs#chooseUnit/topCheer; Android mirror,ALIGNED,,NO_DIRECT_TEST,
hBP09-055:arts.0,hBP09-055,常闇トワ,arts.0,BASIC_ACTION,website/public/cards.json#/cards[id=hbp09-hBP09-055_R;hbp09-hBP09-055_SR]/arts.0,website/lib/simulator/engine.mjs#attack -> resolveGenericArtEffects -> catalog cost/damage; Android mirror,ALIGNED,,NO_DIRECT_TEST,
hBP09-055:arts.1,hBP09-055,常闇トワ,arts.1,EFFECT_TEXT,website/public/cards.json#/cards[id=hbp09-hBP09-055_R;hbp09-hBP09-055_SR]/arts.1,website/lib/simulator/engine.mjs#attack -> currentTurnEvents arts count -> hbp09/programs.mjs#055:art1 -> runtime.mjs#transfer; Android mirror,ALIGNED,,NO_DIRECT_TEST,
hBP09-056:arts.0,hBP09-056,常闇トワ,arts.0,EFFECT_TEXT,website/public/cards.json#/cards[id=hbp09-hBP09-056_U;hbp09-hBP09-056_S]/arts.0,website/lib/simulator/hbp09/programs.mjs#056:art0 -> runtime.mjs#archiveCheer/chooseCards/attach; Android mirror,ALIGNED,,NO_DIRECT_TEST,
hBP09-056:arts.1,hBP09-056,常闇トワ,arts.1,EFFECT_TEXT,website/public/cards.json#/cards[id=hbp09-hBP09-056_U;hbp09-hBP09-056_S]/arts.1,website/lib/simulator/engine.mjs#attack arts count -> hbp09/programs.mjs#056:art1 -> runtime.mjs#powerTop; Android mirror,ALIGNED,,NO_DIRECT_TEST,
hBP09-057:arts.0,hBP09-057,常闇トワ,arts.0,EFFECT_TEXT,website/public/cards.json#/cards[id=hbp09-hBP09-057_RR;hbp09-hBP09-057_SR;hbp09-hBP09-057_UR]/arts.0,website/lib/simulator/engine.mjs#attack arts count -> hbp09/programs.mjs#057:art0 -> runtime.mjs#look/orderRemaining; Android mirror,ALIGNED,,FOCUSED_PASS,website/tests/effect-audit-hbp09-057-q728-q729.test.mjs (9/9); ../android-current/tests/hbp09-057-q728-q729-release.test.mjs (17/17; packaged Offline/Firebase PvP)
hBP09-057:arts.1,hBP09-057,常闇トワ,arts.1,EFFECT_TEXT,website/public/cards.json#/cards[id=hbp09-hBP09-057_RR;hbp09-hBP09-057_SR;hbp09-hBP09-057_UR]/arts.1,website/lib/simulator/engine.mjs#attack arts count -> hbp09/programs.mjs#057:art1 -> runtime.mjs#special; Android mirror,ALIGNED,,FOCUSED_PASS,website/tests/effect-audit-hbp09-057-q728-q729.test.mjs (9/9); ../android-current/tests/hbp09-057-q728-q729-release.test.mjs (17/17; packaged Offline/Firebase PvP)
hBP09-058:arts.0,hBP09-058,猫又おかゆ,arts.0,EFFECT_TEXT,website/public/cards.json#/cards[id=hbp09-hBP09-058_R;hbp09-hBP09-058_SR]/arts.0,website/lib/simulator/hbp09/programs.mjs#058:art0 -> runtime.mjs#special/opponent target; Android mirror,ALIGNED,,NO_DIRECT_TEST,
hBP09-058:keyword,hBP09-058,猫又おかゆ,keyword,EFFECT_TEXT,website/public/cards.json#/cards[id=hbp09-hBP09-058_R;hbp09-hBP09-058_SR]/keyword,website/lib/simulator/engine.mjs#queueBloomEffects -> hbp09/hooks.mjs#keyword -> programs.mjs#058:keyword/oshiName -> runtime.mjs#chooseUnit/topCheer; Android mirror,ALIGNED,,NO_DIRECT_TEST,
hBP09-059:arts.0,hBP09-059,ムーナ・ホシノヴァ,arts.0,BASIC_ACTION,website/public/cards.json#/cards[id=hbp09-hBP09-059_C;hbp09-hBP09-059_S]/arts.0,website/lib/simulator/engine.mjs#attack -> resolveGenericArtEffects -> catalog cost/damage; Android mirror,ALIGNED,,NO_DIRECT_TEST,
hBP09-059:keyword,hBP09-059,ムーナ・ホシノヴァ,keyword,EFFECT_TEXT,website/public/cards.json#/cards[id=hbp09-hBP09-059_C;hbp09-hBP09-059_S]/keyword,website/lib/simulator/engine.mjs#queueGiftKnockoutEffects/knockOutUnit -> hbp09/hooks.mjs#onDown/once -> runtime.mjs#chooseUnit/topCheer; Android mirror,ALIGNED,,NO_DIRECT_TEST,
hBP09-060:arts.0,hBP09-060,ムーナ・ホシノヴァ,arts.0,EFFECT_TEXT,website/public/cards.json#/cards[id=hbp09-hBP09-060_U;hbp09-hBP09-060_S]/arts.0,website/lib/simulator/hbp09/programs.mjs#060:art0 -> runtime.mjs#fixedDamage/zones; Android mirror,ALIGNED,,NO_DIRECT_TEST,
hBP09-060:keyword,hBP09-060,ムーナ・ホシノヴァ,keyword,EFFECT_TEXT,website/public/cards.json#/cards[id=hbp09-hBP09-060_U;hbp09-hBP09-060_S]/keyword,website/lib/simulator/hbp09/programs.mjs#060:keyword -> runtime.mjs#look/filter/orderRemaining; Android mirror,ALIGNED,,NO_DIRECT_TEST,
hBP09-061:arts.0,hBP09-061,ムーナ・ホシノヴァ,arts.0,EFFECT_TEXT,website/public/cards.json#/cards[id=hbp09-hBP09-061_R;hbp09-hBP09-061_SR]/arts.0,website/lib/simulator/hbp09/programs.mjs#061:art0 -> runtime.mjs#transfer/sourceOnly/back/tag filter; Android mirror,ALIGNED,,NO_DIRECT_TEST,
hBP09-061:keyword,hBP09-061,ムーナ・ホシノヴァ,keyword,EFFECT_TEXT,website/public/cards.json#/cards[id=hbp09-hBP09-061_R;hbp09-hBP09-061_SR]/keyword,website/lib/simulator/engine.mjs#queueCollabEffects -> hbp09/hooks.mjs#keyword -> programs.mjs#061:keyword/oshiName/source -> runtime.mjs#topCheer; Android mirror,ALIGNED,,NO_DIRECT_TEST,
hBP09-062:arts.0,hBP09-062,ムーナ・ホシノヴァ,arts.0,EFFECT_TEXT,website/public/cards.json#/cards[id=hbp09-hBP09-062_RR;hbp09-hBP09-062_SR;hbp09-hBP09-062_UR]/arts.0,website/lib/simulator/engine.mjs#attack -> programs.mjs#062:art0 optional 5-blue Cheer cost -> runtime.mjs#move/adjustArt; Android mirror,ALIGNED,,NO_DIRECT_TEST,
hBP09-062:keyword,hBP09-062,ムーナ・ホシノヴァ,keyword,EFFECT_TEXT,website/public/cards.json#/cards[id=hbp09-hBP09-062_RR;hbp09-hBP09-062_SR;hbp09-hBP09-062_UR]/keyword,website/lib/simulator/engine.mjs#onDown -> hbp09/hooks.mjs#062 attacker owner/tag count -> programs.mjs#special; Android mirror,ALIGNED,,NO_DIRECT_TEST,
hBP09-063:arts.0,hBP09-063,オーロ・クロニー,arts.0,EFFECT_TEXT,website/public/cards.json#/cards[id=hbp09-hBP09-063_R;hbp09-hBP09-063_SR]/arts.0,website/lib/simulator/hbp09/programs.mjs#063:art0 attachFrom -> runtime.mjs#chooseCards/attach/shuffle; Android mirror,ALIGNED,,NO_DIRECT_TEST,
hBP09-063:keyword,hBP09-063,オーロ・クロニー,keyword,EFFECT_TEXT,website/public/cards.json#/cards[id=hbp09-hBP09-063_R;hbp09-hBP09-063_SR]/keyword,website/lib/simulator/hbp09/programs.mjs#063:keyword once -> runtime.mjs#drawBottom; engine.mjs#publicRoomState hidden-hand view; Android mirror,ALIGNED,,FOCUSED_PASS,website/tests/effect-audit-hbp09-q730.test.mjs (3/3); ../android-current/tests/hbp09-q730-release.test.mjs (3/3; packaged Offline/Firebase PvP)
hBP09-064:arts.0,hBP09-064,綺々羅々ヴィヴィ,arts.0,EFFECT_TEXT,website/public/cards.json#/cards[id=hbp09-hBP09-064_C;hbp09-hBP09-064_S]/arts.0,website/lib/simulator/hbp09/hooks.mjs#arts handOpponent>=4 +20; engine.mjs#attack printed damage plus art bonus; Android mirror,ALIGNED,,NO_DIRECT_TEST,
hBP09-065:arts.0,hBP09-065,綺々羅々ヴィヴィ,arts.0,BASIC_ACTION,website/public/cards.json#/cards[id=hbp09-hBP09-065_U]/arts.0,generic printed Arts action uses catalog cost/damage; no card-specific Arts clause,ALIGNED,,NO_DIRECT_TEST,Static trace only; the hBP09-065 Collab tests do not play its blank-text Arts
hBP09-065:keyword,hBP09-065,綺々羅々ヴィヴィ,keyword,EFFECT_TEXT,website/public/cards.json#/cards[id=hbp09-hBP09-065_U]/keyword,website/lib/simulator/hbp09/programs.mjs#065:keyword secondFirst -> search two Vivi -> shuffle -> opponent draw; Android mirror,ALIGNED,,NO_DIRECT_TEST,
hBP09-066:arts.0,hBP09-066,綺々羅々ヴィヴィ,arts.0,BASIC_ACTION,website/public/cards.json#/cards[id=hbp09-hBP09-066_C;hbp09-hBP09-066_S]/arts.0,generic printed Arts action uses catalog cost/damage; no card-specific Arts clause,ALIGNED,,NO_DIRECT_TEST,Static trace only; the hBP09-066 Collab tests do not play its blank-text Arts
hBP09-066:keyword,hBP09-066,綺々羅々ヴィヴィ,keyword,EFFECT_TEXT,website/public/cards.json#/cards[id=hbp09-hBP09-066_C;hbp09-hBP09-066_S]/keyword,website/lib/simulator/hbp09/programs.mjs#066:keyword opponent hand>=7 buffs every own-stage Vivi else source only; Android mirror,ALIGNED,,NO_DIRECT_TEST,
hBP09-067:arts.0,hBP09-067,綺々羅々ヴィヴィ,arts.0,BASIC_ACTION,website/public/cards.json#/cards[id=hbp09-hBP09-067_C;hbp09-hBP09-067_S]/arts.0,generic printed Arts action uses catalog cost/damage; no card-specific Arts clause,ALIGNED,,NO_DIRECT_TEST,Static trace only; the hBP09-067 Bloom/Oshi tests do not play its blank-text Arts
hBP09-067:keyword,hBP09-067,綺々羅々ヴィヴィ,keyword,EFFECT_TEXT,website/public/cards.json#/cards[id=hbp09-hBP09-067_C;hbp09-hBP09-067_S]/keyword,website/lib/simulator/hbp09/programs.mjs#067:keyword Vivi Oshi gate and named once -> own draw two/opponent draw one; Android mirror,ALIGNED,,NO_DIRECT_TEST,
hBP09-068:arts.0,hBP09-068,綺々羅々ヴィヴィ,arts.0,BASIC_ACTION,website/public/cards.json#/cards[id=hbp09-hBP09-068_R;hbp09-hBP09-068_SR]/arts.0,website/lib/simulator/engine.mjs#attack -> resolveGenericArtEffects -> catalog cost/damage; Android mirror,ALIGNED,,NO_DIRECT_TEST,
hBP09-068:arts.1,hBP09-068,綺々羅々ヴィヴィ,arts.1,EFFECT_TEXT,website/public/cards.json#/cards[id=hbp09-hBP09-068_R;hbp09-hBP09-068_SR]/arts.1,website/lib/simulator/hbp09/programs.mjs#068:art1 source Makeup attachment check -> search FLOW GLOW -> shuffle; Android mirror,ALIGNED,,NO_DIRECT_TEST,
hBP09-069:arts.0,hBP09-069,綺々羅々ヴィヴィ,arts.0,BASIC_ACTION,website/public/cards.json#/cards[id=hbp09-hBP09-069_U;hbp09-hBP09-069_S]/arts.0,website/lib/simulator/engine.mjs#attack -> resolveGenericArtEffects -> catalog cost/damage; Android mirror,ALIGNED,,NO_DIRECT_TEST,
hBP09-069:keyword,hBP09-069,綺々羅々ヴィヴィ,keyword,EFFECT_TEXT,website/public/cards.json#/cards[id=hbp09-hBP09-069_U;hbp09-hBP09-069_S]/keyword,website/lib/simulator/hbp09/hooks.mjs#defense only Arts damage -> opponent hand>=7 -> reduce 50; Android mirror,ALIGNED,,NO_DIRECT_TEST,
hBP09-070:arts.0,hBP09-070,綺々羅々ヴィヴィ,arts.0,EFFECT_TEXT,website/public/cards.json#/cards[id=hbp09-hBP09-070_RR;hbp09-hBP09-070_SR;hbp09-hBP09-070_UR]/arts.0,website/lib/simulator/hbp09/hooks.mjs#arts opponent hand>=10 +100 else >=7 +70; engine.mjs#attack applies effect bonus once; Android mirror,ALIGNED,,NO_DIRECT_TEST,
hBP09-070:keyword,hBP09-070,綺々羅々ヴィヴィ,keyword,EFFECT_TEXT,website/public/cards.json#/cards[id=hbp09-hBP09-070_RR;hbp09-hBP09-070_SR;hbp09-hBP09-070_UR]/keyword,website/lib/simulator/hbp09/hooks.mjs#artCost center and opponent hand>=7 -> remove two Colorless; Android mirror,ALIGNED,,NO_DIRECT_TEST,
hBP09-071:arts.0,hBP09-071,AZKi,arts.0,EFFECT_TEXT,website/public/cards.json#/cards[id=hbp09-hBP09-071_R;hbp09-hBP09-071_SR]/arts.0,website/lib/simulator/hbp09/programs.mjs#071:art0 own-stage Iroha count -> draw one; Android mirror,ALIGNED,,NO_DIRECT_TEST,
hBP09-071:keyword,hBP09-071,AZKi,keyword,EFFECT_TEXT,website/public/cards.json#/cards[id=hbp09-hBP09-071_R;hbp09-hBP09-071_SR]/keyword,website/lib/simulator/hbp09/programs.mjs#071:keyword choose own Iroha -> +10 per own Holo Power; runtime.mjs#buff turn scope; Android mirror,ALIGNED,,NO_DIRECT_TEST,
hBP09-072:arts.0,hBP09-072,クレイジー・オリー,arts.0,EFFECT_TEXT,website/public/cards.json#/cards[id=hbp09-hBP09-072_R;hbp09-hBP09-072_SR]/arts.0,website/lib/simulator/hbp09/hooks.mjs#arts archiveBloomTurn -> +30; engine.mjs#archive-origin Bloom flag; Android mirror,ALIGNED,,FOCUSED_PASS,website/tests/hbp09-executable.test.mjs (53/53)
hBP09-072:keyword,hBP09-072,クレイジー・オリー,keyword,EFFECT_TEXT,website/public/cards.json#/cards[id=hbp09-hBP09-072_R;hbp09-hBP09-072_SR]/keyword,website/lib/simulator/hbp09/programs.mjs#072:keyword archiveBloom fact and named once -> draw two; runtime.mjs#archiveBloom; Android mirror,ALIGNED,,FOCUSED_PASS,website/tests/hbp09-executable.test.mjs (53/53)
hBP09-073:arts.0,hBP09-073,ネリッサ・レイヴンクロフト,arts.0,BASIC_ACTION,website/public/cards.json#/cards[id=hbp09-hBP09-073_C;hbp09-hBP09-073_S]/arts.0,website/lib/simulator/engine.mjs#attack -> resolveGenericArtEffects -> catalog cost/damage; Android mirror,ALIGNED,,NO_DIRECT_TEST,
hBP09-073:keyword,hBP09-073,ネリッサ・レイヴンクロフト,keyword,EFFECT_TEXT,website/public/cards.json#/cards[id=hbp09-hBP09-073_C;hbp09-hBP09-073_S]/keyword,website/lib/simulator/hbp09/hooks.mjs#defense center source and Holo Power threshold -> -30 Arts to own Nerissa; Android mirror,ALIGNED,,NO_DIRECT_TEST,
hBP09-074:arts.0,hBP09-074,ネリッサ・レイヴンクロフト,arts.0,EFFECT_TEXT,website/public/cards.json#/cards[id=hbp09-hBP09-074_U;hbp09-hBP09-074_S]/arts.0,website/lib/simulator/hbp09/hooks.mjs#arts target stage >=1st -> +50; engine.mjs#target stage view; Android mirror,ALIGNED,,FOCUSED_PASS,website/tests/hbp09-executable.test.mjs (53/53)
hBP09-074:keyword,hBP09-074,ネリッサ・レイヴンクロフト,keyword,EFFECT_TEXT,website/public/cards.json#/cards[id=hbp09-hBP09-074_U;hbp09-hBP09-074_S]/keyword,website/lib/simulator/hbp09/programs.mjs#074:keyword optional Archive recovery filter Advent Holomem Debut/1st; Android mirror,ALIGNED,,NO_DIRECT_TEST,
hBP09-075:arts.0,hBP09-075,ネリッサ・レイヴンクロフト,arts.0,EFFECT_TEXT,website/public/cards.json#/cards[id=hbp09-hBP09-075_R;hbp09-hBP09-075_SR]/arts.0,website/lib/simulator/hbp09/programs.mjs#075:art0 Nerissa Oshi gate -> draw and hand-to-Holo-Power; Android mirror,ALIGNED,,NO_DIRECT_TEST,
hBP09-075:keyword,hBP09-075,ネリッサ・レイヴンクロフト,keyword,EFFECT_TEXT,website/public/cards.json#/cards[id=hbp09-hBP09-075_R;hbp09-hBP09-075_SR]/keyword,website/lib/simulator/hbp09/hooks.mjs#onOshi center hBP09-075 plus Collab Nerissa -> current-turn purple cost modifier; Android mirror,ALIGNED,,NO_DIRECT_TEST,
hBP09-076:arts.0,hBP09-076,ネリッサ・レイヴンクロフト,arts.0,EFFECT_TEXT,website/public/cards.json#/cards[id=hbp09-hBP09-076_RR;hbp09-hBP09-076_SR;hbp09-hBP09-076_UR]/arts.0,website/lib/simulator/hbp09/hooks.mjs#artDown hBP09-076 Art0 Down -> recover Nerissa; engine.mjs#damage Down callback; Android mirror,ALIGNED,,NO_DIRECT_TEST,
hBP09-076:keyword,hBP09-076,ネリッサ・レイヴンクロフト,keyword,EFFECT_TEXT,website/public/cards.json#/cards[id=hbp09-hBP09-076_RR;hbp09-hBP09-076_SR;hbp09-hBP09-076_UR]/keyword,website/lib/simulator/hbp09/programs.mjs#076:keyword -> hooks.mjs#payPower/commitPower archive 1-3 -> stage #歌 Arts +30 each; Android mirror,ALIGNED,,FOCUSED_PASS,website/tests/hbp09-executable.test.mjs (53/53)
hBP09-077:arts.0,hBP09-077,雪花ラミィ,arts.0,BASIC_ACTION,website/public/cards.json#/cards[id=hbp09-hBP09-077_C;hbp09-hBP09-077_S]/arts.0,website/lib/simulator/engine.mjs#attack -> resolveGenericArtEffects -> catalog cost/damage; Android mirror,ALIGNED,,NO_DIRECT_TEST,
hBP09-077:keyword,hBP09-077,雪花ラミィ,keyword,EFFECT_TEXT,website/public/cards.json#/cards[id=hbp09-hBP09-077_C;hbp09-hBP09-077_S]/keyword,website/lib/simulator/hbp09/programs.mjs#077:keyword roll -> source Arts +20 on six or rest on one; Android mirror,ALIGNED,,NO_DIRECT_TEST,
hBP09-078:arts.0,hBP09-078,雪花ラミィ,arts.0,BASIC_ACTION,website/public/cards.json#/cards[id=hbp09-hBP09-078_U]/arts.0,website/lib/simulator/engine.mjs#attack -> resolveGenericArtEffects -> catalog cost/damage; Android mirror,ALIGNED,,NO_DIRECT_TEST,
hBP09-078:keyword,hBP09-078,雪花ラミィ,keyword,EFFECT_TEXT,website/public/cards.json#/cards[id=hbp09-hBP09-078_U]/keyword,website/lib/simulator/hbp09/programs.mjs#078:keyword secondFirst -> draw three -> archive one -> conditional second archive; Android mirror,ALIGNED,,NO_DIRECT_TEST,
hBP09-079:arts.0,hBP09-079,雪花ラミィ,arts.0,EFFECT_TEXT,website/public/cards.json#/cards[id=hbp09-hBP09-079_C;hbp09-hBP09-079_S]/arts.0,website/lib/simulator/hbp09/programs.mjs#079:art0 any own attached Support count -> draw one; Android mirror,ALIGNED,,NO_DIRECT_TEST,
hBP09-079:keyword,hBP09-079,雪花ラミィ,keyword,EFFECT_TEXT,website/public/cards.json#/cards[id=hbp09-hBP09-079_C;hbp09-hBP09-079_S]/keyword,website/lib/simulator/hbp09/programs.mjs#079:keyword look five sake Support -> add one and bottom-order remainder; runtime.mjs#look; Android mirror,ALIGNED,,NO_DIRECT_TEST,
hBP09-080:arts.0,hBP09-080,雪花ラミィ,arts.0,BASIC_ACTION,website/public/cards.json#/cards[id=hbp09-hBP09-080_C;hbp09-hBP09-080_S]/arts.0,website/lib/simulator/engine.mjs#attack -> resolveGenericArtEffects -> catalog cost/damage; Android mirror,ALIGNED,,NO_DIRECT_TEST,
hBP09-080:keyword,hBP09-080,雪花ラミィ,keyword,EFFECT_TEXT,website/public/cards.json#/cards[id=hbp09-hBP09-080_C;hbp09-hBP09-080_S]/keyword,website/lib/simulator/hbp09/programs.mjs#080:keyword Archive Cheer -> own #お酒 target; Android mirror,ALIGNED,,NO_DIRECT_TEST,
hBP09-081:arts.0,hBP09-081,雪花ラミィ,arts.0,EFFECT_TEXT,website/public/cards.json#/cards[id=hbp09-hBP09-081_R;hbp09-hBP09-081_SR]/arts.0,website/lib/simulator/hbp09/programs.mjs#081:art0 optional exact-two source Cheer payment -> special 40 to opposing non-Debut; Android mirror,ALIGNED,,NO_DIRECT_TEST,
hBP09-081:keyword,hBP09-081,雪花ラミィ,keyword,EFFECT_TEXT,website/public/cards.json#/cards[id=hbp09-hBP09-081_R;hbp09-hBP09-081_SR]/keyword,website/lib/simulator/hbp09/hooks.mjs#artCost #ラミィのお酒 Archive count<=1 -> add one Colorless; Android mirror,ALIGNED,,NO_DIRECT_TEST,
hBP09-082:arts.0,hBP09-082,雪花ラミィ,arts.0,BASIC_ACTION,website/public/cards.json#/cards[id=hbp09-hBP09-082_U;hbp09-hBP09-082_S]/arts.0,website/lib/simulator/engine.mjs#attack -> resolveGenericArtEffects -> catalog cost/damage; Android mirror,ALIGNED,,NO_DIRECT_TEST,
hBP09-082:keyword,hBP09-082,雪花ラミィ,keyword,EFFECT_TEXT,website/public/cards.json#/cards[id=hbp09-hBP09-082_U;hbp09-hBP09-082_S]/keyword,website/lib/simulator/engine.mjs#queueBloomEffects -> hbp09/hooks.mjs#keyword -> programs.mjs#082:keyword/archive tag filter -> runtime.mjs#chooseUnit/topCheer; Android mirror,ALIGNED,,NO_DIRECT_TEST,
hBP09-083:arts.0,hBP09-083,雪花ラミィ,arts.0,EFFECT_TEXT,website/public/cards.json#/cards[id=hbp09-hBP09-083_RR;hbp09-hBP09-083_SR;hbp09-hBP09-083_UR]/arts.0,website/lib/simulator/hbp09/hooks.mjs#arts die 6 +100 or die 1 -100; engine.mjs#attack damage composition; Android mirror,ALIGNED,,NO_DIRECT_TEST,
hBP09-083:keyword,hBP09-083,雪花ラミィ,keyword,EFFECT_TEXT,website/public/cards.json#/cards[id=hbp09-hBP09-083_RR;hbp09-hBP09-083_SR;hbp09-hBP09-083_UR]/keyword,website/lib/simulator/hbp09/hooks.mjs#artCost #ラミィのお酒 Archive count<=4 -> add two Colorless; Android mirror,ALIGNED,,FOCUSED_PASS,website/tests/hbp09-executable.test.mjs (53/53)
hBP09-084:arts.0,hBP09-084,夏色まつり,arts.0,BASIC_ACTION,website/public/cards.json#/cards[id=hbp09-hBP09-084_C;hbp09-hBP09-084_S]/arts.0,website/lib/simulator/engine.mjs#attack -> resolveGenericArtEffects -> catalog cost/damage; Android mirror,ALIGNED,,NO_DIRECT_TEST,
hBP09-084:keyword,hBP09-084,夏色まつり,keyword,EFFECT_TEXT,website/public/cards.json#/cards[id=hbp09-hBP09-084_C;hbp09-hBP09-084_S]/keyword,website/lib/simulator/hbp09/programs.mjs#084:keyword pay one hand LIMITED then deploy up to two Debut Matsuri and shuffle; Android mirror,ALIGNED,,NO_DIRECT_TEST,
hBP09-085:arts.0,hBP09-085,夏色まつり,arts.0,BASIC_ACTION,website/public/cards.json#/cards[id=hbp09-hBP09-085_U;hbp09-hBP09-085_S]/arts.0,website/lib/simulator/engine.mjs#attack -> resolveGenericArtEffects -> catalog cost/damage; Android mirror,ALIGNED,,NO_DIRECT_TEST,
hBP09-085:keyword,hBP09-085,夏色まつり,keyword,EFFECT_TEXT,website/public/cards.json#/cards[id=hbp09-hBP09-085_U;hbp09-hBP09-085_S]/keyword,website/lib/simulator/hbp09/programs.mjs#085:keyword Matsuri Oshi gate -> optional LIMITED archive-to-bottom cost -> own Matsuri +30; Android mirror,ALIGNED,,NO_DIRECT_TEST,
hBP09-086:arts.0,hBP09-086,夏色まつり,arts.0,BASIC_ACTION,website/public/cards.json#/cards[id=hbp09-hBP09-086_R;hbp09-hBP09-086_SR]/arts.0,website/lib/simulator/engine.mjs#attack -> resolveGenericArtEffects -> catalog cost/damage; Android mirror,ALIGNED,,NO_DIRECT_TEST,
hBP09-086:keyword,hBP09-086,夏色まつり,keyword,EFFECT_TEXT,website/public/cards.json#/cards[id=hbp09-hBP09-086_R;hbp09-hBP09-086_SR]/keyword,website/lib/simulator/hbp09/programs.mjs#086:keyword Matsuri Oshi gate -> top-five look and LIMITED selection; Android mirror,ALIGNED,,NO_DIRECT_TEST,
hBP09-087:arts.0,hBP09-087,夏色まつり,arts.0,EFFECT_TEXT,website/public/cards.json#/cards[id=hbp09-hBP09-087_RR;hbp09-hBP09-087_SR;hbp09-hBP09-087_UR]/arts.0,website/lib/simulator/hbp09/hooks.mjs#arts Archive LIMITED count>=5 -> +60; engine.mjs#attack applies bonus; Android mirror,ALIGNED,,NO_DIRECT_TEST,
hBP09-087:keyword,hBP09-087,夏色まつり,keyword,EFFECT_TEXT,website/public/cards.json#/cards[id=hbp09-hBP09-087_RR;hbp09-hBP09-087_SR;hbp09-hBP09-087_UR]/keyword,"website/lib/simulator/hbp09/programs.mjs#087:keyword yellow Matsuri Oshi, all-stage Matsuri, power payment -> current-turn LIMITED allowance two; Android mirror",ALIGNED,,FOCUSED_PASS,website/tests/effect-audit-hbp09-q732.test.mjs (4/4); ../android-current/tests/hbp09-q732-release.test.mjs (6/6; packaged Offline/Firebase PvP)
hBP09-088:arts.0,hBP09-088,桃鈴ねね,arts.0,EFFECT_TEXT,website/public/cards.json#/cards[id=hbp09-hBP09-088_R;hbp09-hBP09-088_SR]/arts.0,website/lib/simulator/hbp09/hooks.mjs#customOp distinctArchiveCheer -> 1-2 Cheer to distinct own #5期生 targets; Android mirror,ALIGNED,,NO_DIRECT_TEST,
hBP09-088:keyword,hBP09-088,桃鈴ねね,keyword,EFFECT_TEXT,website/public/cards.json#/cards[id=hbp09-hBP09-088_R;hbp09-hBP09-088_SR]/keyword,website/lib/simulator/hbp09/hooks.mjs#immuneDamage own Nene Oshi and single hit Arts >=200 -> zero damage; Android mirror,ALIGNED,,FOCUSED_PASS,website/tests/hbp09-executable.test.mjs (53/53)
hBP09-089:arts.0,hBP09-089,アユンダ・リス,arts.0,EFFECT_TEXT,website/public/cards.json#/cards[id=hbp09-hBP09-089_R;hbp09-hBP09-089_SR]/arts.0,website/lib/simulator/engine.mjs#resolveGenericArtEffects/attack -> hbp09/hooks.mjs#arts -> programs.mjs#089:art0/oshiColor -> runtime.mjs#chooseUnit/topCheer; Android mirror,ALIGNED,,NO_DIRECT_TEST,
hBP09-089:keyword,hBP09-089,アユンダ・リス,keyword,EFFECT_TEXT,website/public/cards.json#/cards[id=hbp09-hBP09-089_R;hbp09-hBP09-089_SR]/keyword,website/lib/simulator/hbp09/programs.mjs#089:keyword three stage Cheer colors -> own ID1 target +30 Arts this turn; Android mirror,ALIGNED,,NO_DIRECT_TEST,
hBP09-090:abilityText,hBP09-090,コラボパソコン,abilityText,EFFECT_TEXT,website/public/cards.json#/cards[id=hbp09-hBP09-090_C;hbp09-hBP09-090_S]/abilityText,website/lib/simulator/engine.mjs#playFromHand/commitSupport; website/lib/simulator/hbp09/hooks.mjs#support(090); programs.mjs#090:support; runtime.mjs#archiveTopPower/search/pick/move/shuffle; Android mirrored source and packaged Offline/Firebase NativeRules,ALIGNED,,FOCUSED_PASS,"website/tests/effect-audit-hbp09-q740-q751.test.mjs#Q751; android-current/tests/hbp09-search-shuffle-release.test.mjs (Offline/Firebase filter, power payment, and shuffle)"
hBP09-091:abilityText,hBP09-091,あずいろ BESTIE DAYS,abilityText,EFFECT_TEXT,website/public/cards.json#/cards[id=hbp09-hBP09-091_U;hbp09-hBP09-091_S]/abilityText,website/lib/simulator/engine.mjs#playFromHand/commitSupport; website/lib/simulator/hbp09/hooks.mjs#support(091); programs.mjs#091:support; runtime.mjs#chooseCards/deploy/shuffle; Android source mirror and packaged Offline/Firebase NativeRules,FIXED,website/lib/simulator/hbp09/programs.mjs#091:support; android-current/web/lib/simulator/hbp09/programs.mjs#091:support,FOCUSED_PASS,"website/tests/effect-audit-hbp09-search-shuffle.test.mjs (red before fix, green after); website/tests/effect-audit-hbp09-091-q734.test.mjs (condition/targets); android-current/tests/hbp09-search-shuffle-release.test.mjs (Offline/Firebase)"
hBP09-092:abilityText,hBP09-092,雨の日ヴィヴィ,abilityText,EFFECT_TEXT,website/public/cards.json#/cards[id=hbp09-hBP09-092_C;hbp09-hBP09-092_S]/abilityText,website/lib/simulator/hbp09/programs.mjs#092:support commit then draw two for each player and buff all own Vivi at opposing hand>=7; Android mirror,ALIGNED,,FOCUSED_PASS,website/tests/hbp09-executable.test.mjs (53/53; Vivi rain direct case)
hBP09-093:abilityText,hBP09-093,応援するホロリス,abilityText,EFFECT_TEXT,website/public/cards.json#/cards[id=hbp09-hBP09-093_C;hbp09-hBP09-093_S]/abilityText,website/lib/simulator/hbp09/programs.mjs#093:support move selected Cheer to different own Holomem then count units still carrying Cheer before optional Archive Cheer; Android mirror,ALIGNED,,FOCUSED_PASS,website/tests/effect-audit-hbp09-093-q735.test.mjs (3/3); ../android-current/tests/hbp09-release.test.mjs (9/9; packaged Offline NativeRules)
hBP09-094:abilityText,hBP09-094,大空警察,abilityText,EFFECT_TEXT,website/public/cards.json#/cards[id=hbp09-hBP09-094_U]/abilityText,website/lib/simulator/hbp09/hooks.mjs#support checks Oshi and prior-turn Down -> programs.mjs#094 rest opponent Back and skip next reset; Android mirror,ALIGNED,,FOCUSED_PASS,website/tests/effect-audit-hbp09-094-reset.test.mjs (3/3); ../android-current/tests/hbp09-release.test.mjs (9/9; packaged Offline NativeRules)
hBP09-095:abilityText,hBP09-095,君に乾杯,abilityText,EFFECT_TEXT,website/public/cards.json#/cards[id=hbp09-hBP09-095_C;hbp09-hBP09-095_S]/abilityText,website/lib/simulator/hbp09/programs.mjs#095 support snapshots prior Archive count before commit and deals 10 or 40 once per turn; Android mirror,ALIGNED,,FOCUSED_PASS,website/tests/effect-audit-hbp09-q740-q751.test.mjs (6/6); ../android-current/tests/hbp09-qa740-751-release.test.mjs (6/6; packaged Offline NativeRules)
hBP09-096:abilityText,hBP09-096,コンコ コンコンコ コンコンコン,abilityText,EFFECT_TEXT,website/public/cards.json#/cards[id=hbp09-hBP09-096_U;hbp09-hBP09-096_S]/abilityText,website/lib/simulator/hbp09/programs.mjs#096 support ReGLOSS Baton-cost buff then Archive Cheer to own Back Hajime; Android mirror,ALIGNED,,NO_DIRECT_TEST,
hBP09-097:abilityText,hBP09-097,コンビプレイ,abilityText,EFFECT_TEXT,website/public/cards.json#/cards[id=hbp09-hBP09-097_U;hbp09-hBP09-097_S]/abilityText,website/lib/simulator/hbp09/programs.mjs#097:support -> runtime.mjs#draw/chooseCards/move-to-cheerDeck/attach/shuffle; engine.mjs#commitSupport; Android mirrored source and packaged NativeRules,ALIGNED,,FOCUSED_PASS,website/tests/effect-audit-hbp09-q740-q751.test.mjs#Q741-Q743; android-current/tests/hbp09-qa740-751-release.test.mjs#Q741-Q743 (only staged Cheer can cycle back onto source)
hBP09-098:abilityText,hBP09-098,スイカバブル,abilityText,EFFECT_TEXT,website/public/cards.json#/cards[id=hbp09-hBP09-098_C;hbp09-hBP09-098_S]/abilityText,website/lib/simulator/hbp09/programs.mjs#098 support snapshots prior LIMITED Archive then draw four and order four to bottom; Android mirror,ALIGNED,,FOCUSED_PASS,website/tests/effect-audit-hbp09-q740-q751.test.mjs (6/6); ../android-current/tests/hbp09-qa740-751-release.test.mjs (6/6; packaged Offline NativeRules)
hBP09-099:abilityText,hBP09-099,スピード違反,abilityText,EFFECT_TEXT,website/public/cards.json#/cards[id=hbp09-hBP09-099_C;hbp09-hBP09-099_S]/abilityText,website/lib/simulator/hbp09/programs.mjs#099 support recovers two Archive Cheer to one own Holomem; Android mirror,ALIGNED,,NO_DIRECT_TEST,
hBP09-100:abilityText,hBP09-100,ノエルの特盛牛丼,abilityText,EFFECT_TEXT,website/public/cards.json#/cards[id=hbp09-hBP09-100_U;hbp09-hBP09-100_S]/abilityText,website/lib/simulator/hbp09/programs.mjs#100 support choose own Noel -> Arts +10 and Buzz/2nd HP+50; Android mirror,ALIGNED,,FOCUSED_PASS,website/tests/effect-audit-hbp09-031.test.mjs (10/10); ../android-current/tests/hbp09-031-release.test.mjs (13/13; packaged Offline/Firebase PvP NativeRules)
hBP09-100:extra,hBP09-100,ノエルの特盛牛丼,extra,EFFECT_TEXT,website/public/cards.json#/cards[id=hbp09-hBP09-100_U;hbp09-hBP09-100_S]/extra,website/public/cards.json#hBP09-100 extra Gyudon identity -> hooks.mjs#onSupport and cardHasName; Android mirror,ALIGNED,,FOCUSED_PASS,website/tests/effect-audit-hbp09-031.test.mjs (10/10); ../android-current/tests/hbp09-031-release.test.mjs (13/13; Gyudon trigger in packaged Offline/Firebase PvP)
hBP09-101:abilityText,hBP09-101,バカ！変態！うるさーい！もう知らなーい！,abilityText,EFFECT_TEXT,website/public/cards.json#/cards[id=hbp09-hBP09-101_U;hbp09-hBP09-101_S]/abilityText,website/lib/simulator/hbp09/hooks.mjs#support Oshi gate -> program special 20 Center plus turn flag; hooks.mjs#canBack permits Towa third Art to non-Debut Back; Android mirror,ALIGNED,,FOCUSED_PASS,website/tests/effect-audit-hbp09-q740-q751.test.mjs (6/6); ../android-current/tests/hbp09-qa740-751-release.test.mjs (6/6; packaged Offline NativeRules)
hBP09-102:abilityText,hBP09-102,ばんちょーダンス,abilityText,EFFECT_TEXT,website/public/cards.json#/cards[id=hbp09-hBP09-102_C;hbp09-hBP09-102_S]/abilityText,website/lib/simulator/hbp09/hooks.mjs#support(102 Oshi/available-card gate); programs.mjs#102:support; runtime.mjs#powerTop/chooseCards/move/shuffle; Android mirrored source and packaged Offline/Firebase NativeRules,ALIGNED,,FOCUSED_PASS,"website/tests/effect-audit-hbp09-102-power-ruling.test.mjs (empty-state gate and mandatory 1+ choice); android-current/tests/hbp09-search-shuffle-release.test.mjs (Offline/Firebase top-two, 1–2 selection, one remaining-power shuffle)"
hBP09-103:abilityText,hBP09-103,変な動き,abilityText,EFFECT_TEXT,website/public/cards.json#/cards[id=hbp09-hBP09-103_C;hbp09-hBP09-103_S]/abilityText,website/lib/simulator/hbp09/hooks.mjs#support(103 Oshi gate); programs.mjs#103:support/commitSupport/recover; runtime.mjs#archive pick/move; generic LIMITED-use engine path; Android mirrored source,ALIGNED,,NO_DIRECT_TEST,
hBP09-104:abilityText,hBP09-104,ホロライブ体力王決定戦,abilityText,EFFECT_TEXT,website/public/cards.json#/cards[id=hbp09-hBP09-104_C;hbp09-hBP09-104_S]/abilityText,website/lib/simulator/hbp09/programs.mjs#104:support; runtime.mjs#highestHp; engine.mjs#stageRemainingHp/commitSupport; Android mirrored source and packaged NativeRules,ALIGNED,,FOCUSED_PASS,website/tests/effect-audit-hbp09-q740-q751.test.mjs#Q749-Q750; android-current/tests/hbp09-qa740-751-release.test.mjs (tied maxima and persistence through Bloom)
hBP09-105:abilityText,hBP09-105,BIG3,abilityText,EFFECT_TEXT,website/public/cards.json#/cards[id=hbp09-hBP09-105_U;hbp09-hBP09-105_SR]/abilityText,website/lib/simulator/hbp09/hooks.mjs#support(105 Oshi gate); programs.mjs#105:support/draw/look; runtime.mjs#look/filter/move/orderRemaining; Android mirrored source and packaged NativeRules,ALIGNED,,NO_DIRECT_TEST,
hBP09-106:abilityText,hBP09-106,カエラが作ったホロシールド,abilityText,EFFECT_TEXT,website/public/cards.json#/cards[id=hbp09-hBP09-106_C;hbp09-hBP09-106_S]/abilityText,website/lib/simulator/engine.mjs#attachmentHpBonus; android-current/web/lib/simulator/engine.mjs#attachmentHpBonus,ALIGNED,,FOCUSED_PASS,Website hbp09-executable.test.mjs 54/54 directly checks +40 HP on Buzz/2nd; Android packaged Tool and Arts regressions 23/23 pass; no direct Android HP assertion
hBP09-107:abilityText,hBP09-107,カエラが作ったホロソード,abilityText,EFFECT_TEXT,website/public/cards.json#/cards[id=hbp09-hBP09-107_U;hbp09-hBP09-107_S]/abilityText,"website/lib/simulator/hbp09/hooks.mjs#artBonus,onAttach; android-current/web/lib/simulator/hbp09/hooks.mjs#artBonus,onAttach",ALIGNED,,FOCUSED_PASS,Website effect-audit-hbp09-044 and hbp09-executable focused suites pass; Android hbp09-044 and Q720/Q721 Offline/PvP pass 23/23
hBP09-108:abilityText,hBP09-108,常闇トワのブレイクマイク,abilityText,EFFECT_TEXT,website/public/cards.json#/cards[id=hbp09-hBP09-108_C;hbp09-hBP09-108_S]/abilityText,website/lib/simulator/engine.mjs#effectiveCheerColors; website/lib/simulator/hbp09/hooks.mjs#artBonus; android-current/web/lib/simulator/engine.mjs#effectiveCheerColors; android-current/web/lib/simulator/hbp09/hooks.mjs#artBonus,ALIGNED,,FOCUSED_PASS,Website hbp09-executable.test.mjs 54/54 directly checks 2nd-only blue-to-purple color; Android package tool and Arts tests pass 23/23; no direct Android color assertion
hBP09-109:abilityText,hBP09-109,メイクアップ,abilityText,EFFECT_TEXT,website/public/cards.json#/cards[id=hbp09-hBP09-109_U;hbp09-hBP09-109_S]/abilityText,"website/lib/simulator/hbp09/hooks.mjs#artBonus,endPerformance; website/lib/simulator/hbp09/runtime.mjs#makeup; android-current/web/lib/simulator/hbp09/hooks.mjs#artBonus,endPerformance; android-current/web/lib/simulator/hbp09/runtime.mjs#makeup",ALIGNED,,FOCUSED_PASS,Website hbp09-executable and Makeup focused tests pass 68/68; packaged Android Offline/Firebase tests pass 24/24 including Makeup behavior
hBP09-110:abilityText,hBP09-110,雪夜月,abilityText,EFFECT_TEXT,website/public/cards.json#/cards[id=hbp09-hBP09-110_U]/abilityText,"website/lib/simulator/hbp09/hooks.mjs#endPerformance; website/lib/simulator/hbp09/runtime.mjs#chooseCards,move,draw; android-current/web/lib/simulator/hbp09/hooks.mjs#endPerformance; android-current/web/lib/simulator/hbp09/runtime.mjs#chooseCards,move,draw",ALIGNED,,FOCUSED_PASS,Website hbp09-executable.test.mjs 54/54 directly checks actual Tool archive then one draw and the no-Arts branch; no direct Android end-step assertion
hBP09-111:abilityText,hBP09-111,Pemaloe,abilityText,EFFECT_TEXT,website/public/cards.json#/cards[id=hbp09-hBP09-111_C;hbp09-hBP09-111_S]/abilityText,"website/lib/simulator/hbp09/hooks.mjs#onDown; website/lib/simulator/engine.mjs#koFanTransfer,koFanTransferPick,koFanTransferTarget,attachmentTargets; android-current/web/lib/simulator/hbp09/hooks.mjs#onDown",FIXED,website/lib/simulator/hbp09/hooks.mjs; website/lib/simulator/engine.mjs; android-current/web/lib/simulator/hbp09/hooks.mjs; android-current/web/lib/simulator/engine.mjs; website/tests/hbp09-executable.test.mjs; android-current/tests/hbp09-release.test.mjs,FOCUSED_PASS,Minimal regression failed pre-fix with min=0 in Website and packaged Android; post-fix Website transfer and packaged Offline prompt plus Firebase PvP completion pass
hEB01-001:oshiSkill,hEB01-001,ときのそら,oshiSkill,EFFECT_TEXT,website/public/cards.json#/cards[id=heb01-hEB01-001-OSR-1;heb01-hEB01-001-OUR-2;heb01-hEB01-001-SEC-3]/oshiSkill,website/lib/simulator/engine.mjs#hbp09Legacy_resolveNormalOshiSkill:hEB01-001; android-current/web/lib/simulator/engine.mjs#hbp09Legacy_resolveNormalOshiSkill:hEB01-001,ALIGNED,,FOCUSED_PASS,Dynamic direct tests ran against Website and current Android source; focused Oshi and engine regressions passed
hEB01-001:stageSkill,hEB01-001,ときのそら,stageSkill,EFFECT_TEXT,website/public/cards.json#/cards[id=heb01-hEB01-001-OSR-1;heb01-hEB01-001-OUR-2;heb01-hEB01-001-SEC-3]/stageSkill,website/lib/simulator/engine.mjs#resolveEndOshiStageSkills:hEB01-001; android-current/web/lib/simulator/engine.mjs#resolveEndOshiStageSkills:hEB01-001,ALIGNED,,FOCUSED_PASS,Dynamic direct tests ran against Website and current Android source; focused Oshi and engine regressions passed
hEB01-002:oshiSkill,hEB01-002,宝鐘マリン,oshiSkill,EFFECT_TEXT,website/public/cards.json#/cards[id=heb01-hEB01-002-OSR-1;heb01-hEB01-002-OUR-2;heb01-hEB01-002-SEC-3]/oshiSkill,"website/lib/simulator/engine.mjs#hbp09Legacy_resolveNormalOshiSkill:hEB01-002,resolveStageTargetChoice:oshiMarineSpecialDamage; android-current/web/lib/simulator/engine.mjs#hbp09Legacy_resolveNormalOshiSkill:hEB01-002,resolveStageTargetChoice:oshiMarineSpecialDamage",ALIGNED,,FOCUSED_PASS,Dynamic direct tests ran against Website and current Android source; focused Oshi and engine regressions passed
hEB01-002:stageSkill,hEB01-002,宝鐘マリン,stageSkill,EFFECT_TEXT,website/public/cards.json#/cards[id=heb01-hEB01-002-OSR-1;heb01-hEB01-002-OUR-2;heb01-hEB01-002-SEC-3]/stageSkill,"website/lib/simulator/engine.mjs#queuePerformanceStartGiftEffects:hEB01-002,oshiMarineStageBloomCard,oshiMarineStageBloom; android-current/web/lib/simulator/engine.mjs#queuePerformanceStartGiftEffects:hEB01-002,oshiMarineStageBloomCard,oshiMarineStageBloom",ALIGNED,,FOCUSED_PASS,Dynamic direct tests ran against Website and current Android source; focused Oshi and engine regressions passed
hEB01-003:oshiSkill,hEB01-003,博衣こより,oshiSkill,EFFECT_TEXT,website/public/cards.json#/cards[id=heb01-hEB01-003-OSR-1;heb01-hEB01-003-OUR-2;heb01-hEB01-003-SEC-3]/oshiSkill,website/lib/simulator/engine.mjs#hbp09Legacy_resolveNormalOshiSkill:KOYORI_OSHI; android-current/web/lib/simulator/engine.mjs#hbp09Legacy_resolveNormalOshiSkill:KOYORI_OSHI,ALIGNED,,FOCUSED_PASS,Dynamic direct tests ran against Website and current Android source; focused Oshi and engine regressions passed
hEB01-003:stageSkill,hEB01-003,博衣こより,stageSkill,EFFECT_TEXT,website/public/cards.json#/cards[id=heb01-hEB01-003-OSR-1;heb01-hEB01-003-OUR-2;heb01-hEB01-003-SEC-3]/stageSkill,"website/lib/simulator/engine.mjs#revealCount:assistantCount,totalCheer; android-current/web/lib/simulator/engine.mjs#revealCount:assistantCount,totalCheer",ALIGNED,,FOCUSED_PASS,Dynamic direct tests ran against Website and current Android source; focused Oshi and engine regressions passed
hEB01-004:arts.0,hEB01-004,ときのそら,arts.0,EFFECT_TEXT,website/public/cards.json#/cards[id=heb01-hEB01-004-C-1;heb01-hEB01-004-SR-2]/arts.0,"website/lib/simulator/engine.mjs#attack,resolveGenericArtEffects; android-current/web/lib/simulator/engine.mjs#attack,resolveGenericArtEffects",ALIGNED,,FOCUSED_PASS,"Dynamic deterministic checks ran against Website and current Android source; focused Sora search, deployment, repeat-Arts, knockout, and engine regressions passed"
hEB01-005:arts.0,hEB01-005,ときのそら,arts.0,BASIC_ACTION,website/public/cards.json#/cards[id=heb01-hEB01-005-U-1;heb01-hEB01-005-SR-2]/arts.0,"website/lib/simulator/engine.mjs#attack,resolveGenericArtEffects; android-current/web/lib/simulator/engine.mjs#attack,resolveGenericArtEffects",ALIGNED,,FOCUSED_PASS,"Dynamic deterministic checks ran against Website and current Android source; focused Sora search, deployment, repeat-Arts, knockout, and engine regressions passed"
hEB01-005:keyword,hEB01-005,ときのそら,keyword,EFFECT_TEXT,website/public/cards.json#/cards[id=heb01-hEB01-005-U-1;heb01-hEB01-005-SR-2]/keyword,"website/lib/simulator/engine.mjs#queueCollabEffects,hbp09Legacy_queueCollabEffects:hEB01-005; android-current/web/lib/simulator/engine.mjs#queueCollabEffects,hbp09Legacy_queueCollabEffects:hEB01-005",ALIGNED,,FOCUSED_PASS,"Dynamic deterministic checks ran against Website and current Android source; focused Sora search, deployment, repeat-Arts, knockout, and engine regressions passed"
hEB01-006:arts.0,hEB01-006,ときのそら,arts.0,EFFECT_TEXT,website/public/cards.json#/cards[id=heb01-hEB01-006-C-1;heb01-hEB01-006-SR-2]/arts.0,"website/lib/simulator/engine.mjs#attack,hbp09Legacy_resolveGenericArtEffects:artConditionApplies; android-current/web/lib/simulator/engine.mjs#attack,hbp09Legacy_resolveGenericArtEffects:artConditionApplies",ALIGNED,,FOCUSED_PASS,"Dynamic deterministic checks ran against Website and current Android source; focused Sora search, deployment, repeat-Arts, knockout, and engine regressions passed"
hEB01-006:keyword,hEB01-006,ときのそら,keyword,EFFECT_TEXT,website/public/cards.json#/cards[id=heb01-hEB01-006-C-1;heb01-hEB01-006-SR-2]/keyword,"website/lib/simulator/engine.mjs#hbp09Legacy_queueGiftKnockoutEffects:hEB01-006,resolveChoice:archiveToHand; android-current/web/lib/simulator/engine.mjs#hbp09Legacy_queueGiftKnockoutEffects:hEB01-006,resolveChoice:archiveToHand",ALIGNED,,FOCUSED_PASS,"Dynamic deterministic checks ran against Website and current Android source; focused Sora search, deployment, repeat-Arts, knockout, and engine regressions passed"
hEB01-007:arts.0,hEB01-007,ときのそら,arts.0,BASIC_ACTION,website/public/cards.json#/cards[id=heb01-hEB01-007-U-1;heb01-hEB01-007-SR-2]/arts.0,"website/lib/simulator/engine.mjs#attack,resolveGenericArtEffects; android-current/web/lib/simulator/engine.mjs#attack,resolveGenericArtEffects",ALIGNED,,FOCUSED_PASS,"Dynamic deterministic checks ran against Website and current Android source; focused Sora search, deployment, repeat-Arts, knockout, and engine regressions passed"
hEB01-007:keyword,hEB01-007,ときのそら,keyword,EFFECT_TEXT,website/public/cards.json#/cards[id=heb01-hEB01-007-U-1;heb01-hEB01-007-SR-2]/keyword,"website/lib/simulator/engine.mjs#queueBloomEffects,hbp09Legacy_queueBloomEffects:hEB01-007,handToBottom; android-current/web/lib/simulator/engine.mjs#queueBloomEffects,hbp09Legacy_queueBloomEffects:hEB01-007,handToBottom",ALIGNED,,FOCUSED_PASS,"Dynamic deterministic checks ran against Website and current Android source; focused Sora search, deployment, repeat-Arts, knockout, and engine regressions passed"
hEB01-008:arts.0,hEB01-008,ときのそら,arts.0,BASIC_ACTION,website/public/cards.json#/cards[id=heb01-hEB01-008-R-1;heb01-hEB01-008-SR-2]/arts.0,"website/lib/simulator/engine.mjs#attack,resolveGenericArtEffects; android-current/web/lib/simulator/engine.mjs#attack,resolveGenericArtEffects",ALIGNED,,FOCUSED_PASS,"Dynamic deterministic checks ran against Website and current Android source; focused Sora search, deployment, repeat-Arts, knockout, and engine regressions passed"
hEB01-008:keyword,hEB01-008,ときのそら,keyword,EFFECT_TEXT,website/public/cards.json#/cards[id=heb01-hEB01-008-R-1;heb01-hEB01-008-SR-2]/keyword,"website/lib/simulator/engine.mjs#queueBloomEffects,queueDeckToHand:hEB01-008; android-current/web/lib/simulator/engine.mjs#queueBloomEffects,queueDeckToHand:hEB01-008",ALIGNED,,FOCUSED_PASS,"Dynamic deterministic checks ran against Website and current Android source; focused Sora search, deployment, repeat-Arts, knockout, and engine regressions passed"
hEB01-009:arts.0,hEB01-009,ときのそら,arts.0,EFFECT_TEXT,website/public/cards.json#/cards[id=heb01-hEB01-009-R-1;heb01-hEB01-009-SR-2]/arts.0,"website/lib/simulator/engine.mjs#hbp09Legacy_resolveGenericArtEffects:hEB01-009:0,artArchiveHolomemShuffleDraw; android-current/web/lib/simulator/engine.mjs#hbp09Legacy_resolveGenericArtEffects:hEB01-009:0,artArchiveHolomemShuffleDraw",ALIGNED,,FOCUSED_PASS,"Dynamic deterministic checks ran against Website and current Android source; focused Sora search, deployment, repeat-Arts, knockout, and engine regressions passed"
hEB01-009:keyword,hEB01-009,ときのそら,keyword,EFFECT_TEXT,website/public/cards.json#/cards[id=heb01-hEB01-009-R-1;heb01-hEB01-009-SR-2]/keyword,"website/lib/simulator/engine.mjs#queueCollabEffects,queueDeckToHand:hEB01-009; android-current/web/lib/simulator/engine.mjs#queueCollabEffects,queueDeckToHand:hEB01-009",ALIGNED,,FOCUSED_PASS,"Dynamic deterministic checks ran against Website and current Android source; focused Sora search, deployment, repeat-Arts, knockout, and engine regressions passed"
hEB01-010:arts.0,hEB01-010,ときのそら,arts.0,EFFECT_TEXT,website/public/cards.json#/cards[id=heb01-hEB01-010-RR-1;heb01-hEB01-010-UR-2;heb01-hEB01-010-SR-3]/arts.0,"website/lib/simulator/engine.mjs#hbp09Legacy_resolveGenericArtEffects:hEB01-010:0,resolveChoice:artRestBackRepeat,attack:pendingRepeatArts; android-current/web/lib/simulator/engine.mjs#hbp09Legacy_resolveGenericArtEffects:hEB01-010:0,resolveChoice:artRestBackRepeat,attack:pendingRepeatArts",ALIGNED,,FOCUSED_PASS,"Dynamic deterministic checks ran against Website and current Android source; focused Sora search, deployment, repeat-Arts, knockout, and engine regressions passed"
hEB01-010:keyword,hEB01-010,ときのそら,keyword,EFFECT_TEXT,website/public/cards.json#/cards[id=heb01-hEB01-010-RR-1;heb01-hEB01-010-UR-2;heb01-hEB01-010-SR-3]/keyword,"website/lib/simulator/engine.mjs#hbp09Legacy_queueBloomEffects:hEB01-010,soraSummerRoll,swapCenter; android-current/web/lib/simulator/engine.mjs#hbp09Legacy_queueBloomEffects:hEB01-010,soraSummerRoll,swapCenter",ALIGNED,,FOCUSED_PASS,"Dynamic deterministic checks ran against Website and current Android source; focused Sora search, deployment, repeat-Arts, knockout, and engine regressions passed"
hEB01-011:arts.0,hEB01-011,宝鐘マリン,arts.0,EFFECT_TEXT,website/public/cards.json#/cards[id=heb01-hEB01-011-C-1;heb01-hEB01-011-SR-2]/arts.0,engine.mjs#attack -> queueGenericArtCostEffects/completeArtCheerCost -> resolveGenericArtEffects,ALIGNED,,FOCUSED_PASS,tests/simulator-heb01-011-020-text-alignment.test.mjs (Website + current Android source)
hEB01-012:arts.0,hEB01-012,宝鐘マリン,arts.0,BASIC_ACTION,website/public/cards.json#/cards[id=heb01-hEB01-012-U-1;heb01-hEB01-012-SR-2]/arts.0,engine.mjs#attack -> resolveGenericArtEffects,ALIGNED,,FOCUSED_PASS,tests/simulator-heb01-011-020-text-alignment.test.mjs (Website + current Android source)
hEB01-012:keyword,hEB01-012,宝鐘マリン,keyword,EFFECT_TEXT,website/public/cards.json#/cards[id=heb01-hEB01-012-U-1;heb01-hEB01-012-SR-2]/keyword,engine.mjs#queueCollabEffects -> hbp09Legacy_queueCollabEffects -> resolveChoice,ALIGNED,,FOCUSED_PASS,tests/simulator-heb01-011-020-text-alignment.test.mjs (Website + current Android source)
hEB01-013:arts.0,hEB01-013,宝鐘マリン,arts.0,BASIC_ACTION,website/public/cards.json#/cards[id=heb01-hEB01-013-C-1;heb01-hEB01-013-SR-2]/arts.0,engine.mjs#attack -> resolveGenericArtEffects,ALIGNED,,FOCUSED_PASS,tests/simulator-heb01-011-020-text-alignment.test.mjs (Website + current Android source)
hEB01-013:keyword,hEB01-013,宝鐘マリン,keyword,EFFECT_TEXT,website/public/cards.json#/cards[id=heb01-hEB01-013-C-1;heb01-hEB01-013-SR-2]/keyword,engine.mjs#queueSimpleTriggeredKeyword -> resolveGenericKeywordRemainder,ALIGNED,,FOCUSED_PASS,tests/simulator-heb01-011-020-text-alignment.test.mjs (Website + current Android source)
hEB01-014:arts.0,hEB01-014,宝鐘マリン,arts.0,BASIC_ACTION,website/public/cards.json#/cards[id=heb01-hEB01-014-U-1;heb01-hEB01-014-SR-2]/arts.0,engine.mjs#attack -> resolveGenericArtEffects,ALIGNED,,FOCUSED_PASS,tests/simulator-heb01-011-020-text-alignment.test.mjs (Website + current Android source)
hEB01-014:keyword,hEB01-014,宝鐘マリン,keyword,EFFECT_TEXT,website/public/cards.json#/cards[id=heb01-hEB01-014-U-1;heb01-hEB01-014-SR-2]/keyword,engine.mjs#queueSimpleTriggeredKeyword -> resolveGenericKeywordRemainder,ALIGNED,,FOCUSED_PASS,tests/simulator-heb01-011-020-text-alignment.test.mjs (Website + current Android source)
hEB01-015:arts.0,hEB01-015,宝鐘マリン,arts.0,EFFECT_TEXT,website/public/cards.json#/cards[id=heb01-hEB01-015-R-1;heb01-hEB01-015-SR-2]/arts.0,engine.mjs#attack -> resolveGenericArtEffects,ALIGNED,,FOCUSED_PASS,tests/simulator-heb01-011-020-text-alignment.test.mjs (Website + current Android source)
hEB01-015:extra,hEB01-015,宝鐘マリン,extra,EFFECT_TEXT,website/public/cards.json#/cards[id=heb01-hEB01-015-R-1;heb01-hEB01-015-SR-2]/extra,engine.mjs#resolveChoice -> resolveGenericKeywordRemainder,ALIGNED,,FOCUSED_PASS,tests/simulator-heb01-011-020-text-alignment.test.mjs (Website + current Android source)
hEB01-016:arts.0,hEB01-016,宝鐘マリン,arts.0,EFFECT_TEXT,website/public/cards.json#/cards[id=heb01-hEB01-016-R-1;heb01-hEB01-016-SR-2]/arts.0,engine.mjs#artConditionApplies + resolveGenericArtEffects; catalog special-target metadata,FIXED,cards.json (Website + Android): removed unrelated White-target +50 metadata,FOCUSED_PASS,tests/simulator-heb01-011-020-text-alignment.test.mjs (Website + current Android source)
hEB01-017:arts.0,hEB01-017,宝鐘マリン,arts.0,EFFECT_TEXT,website/public/cards.json#/cards[id=heb01-hEB01-017-RR-1;heb01-hEB01-017-UR-2;heb01-hEB01-017-SR-3]/arts.0,engine.mjs#queueGenericArtCostEffects + resolveChoice(artUnderCardCost) + resolveGenericArtEffects; catalog special-target metadata,FIXED,engine.mjs (Website + Android): wrong-Oshi cost branch no longer falls through; cards.json (Website + Android): removed unrelated Red-target +50 metadata,FOCUSED_PASS,tests/simulator-heb01-011-020-text-alignment.test.mjs (Website + current Android source)
hEB01-017:keyword,hEB01-017,宝鐘マリン,keyword,EFFECT_TEXT,website/public/cards.json#/cards[id=heb01-hEB01-017-RR-1;heb01-hEB01-017-UR-2;heb01-hEB01-017-SR-3]/keyword,engine.mjs#queueSimpleTriggeredKeyword -> resolveGenericKeywordRemainder,ALIGNED,,FOCUSED_PASS,tests/simulator-heb01-011-020-text-alignment.test.mjs (Website + current Android source)
hEB01-018:arts.0,hEB01-018,博衣こより,arts.0,EFFECT_TEXT,website/public/cards.json#/cards[id=heb01-hEB01-018-C-1;heb01-hEB01-018-SR-2]/arts.0,engine.mjs#artConditionApplies + resolveKoyoriArtEffects + resolveGenericArtEffects + knockOutUnit,FIXED,engine.mjs (Website + Android): require tagged #こよラボ Support and apply +20 once through Koyori handler; generic fixed-bonus parser excludes this Arts,FOCUSED_PASS,tests/simulator-heb01-011-020-text-alignment.test.mjs (Website + current Android source)
hEB01-018:keyword,hEB01-018,博衣こより,keyword,EFFECT_TEXT,website/public/cards.json#/cards[id=heb01-hEB01-018-C-1;heb01-hEB01-018-SR-2]/keyword,engine.mjs#queueSimpleTriggeredKeyword -> resolveGenericKeywordRemainder,ALIGNED,,FOCUSED_PASS,tests/simulator-heb01-011-020-text-alignment.test.mjs (Website + current Android source)
hEB01-019:arts.0,hEB01-019,博衣こより,arts.0,BASIC_ACTION,website/public/cards.json#/cards[id=heb01-hEB01-019-U-1;heb01-hEB01-019-SR-2]/arts.0,engine.mjs#attack -> resolveGenericArtEffects,ALIGNED,,FOCUSED_PASS,tests/simulator-heb01-011-020-text-alignment.test.mjs (Website + current Android source)
hEB01-019:keyword,hEB01-019,博衣こより,keyword,EFFECT_TEXT,website/public/cards.json#/cards[id=heb01-hEB01-019-U-1;heb01-hEB01-019-SR-2]/keyword,engine.mjs#queueCollabEffects -> hbp09Legacy_queueCollabEffects -> resolveChoice,ALIGNED,,FOCUSED_PASS,tests/simulator-heb01-011-020-text-alignment.test.mjs (Website + current Android source)
hEB01-020:arts.0,hEB01-020,博衣こより,arts.0,BASIC_ACTION,website/public/cards.json#/cards[id=heb01-hEB01-020-C-1;heb01-hEB01-020-SR-2]/arts.0,engine.mjs#attack -> resolveGenericArtEffects,ALIGNED,,FOCUSED_PASS,tests/simulator-heb01-011-020-text-alignment.test.mjs (Website + current Android source)
hEB01-020:arts.1,hEB01-020,博衣こより,arts.1,EFFECT_TEXT,website/public/cards.json#/cards[id=heb01-hEB01-020-C-1;heb01-hEB01-020-SR-2]/arts.1,engine.mjs#attack -> resolveGenericArtEffects,ALIGNED,,FOCUSED_PASS,tests/simulator-heb01-011-020-text-alignment.test.mjs (Website + current Android source)
hEB01-021:arts.0,hEB01-021,博衣こより,arts.0,BASIC_ACTION,website/public/cards.json#/cards[id=heb01-hEB01-021-U-1;heb01-hEB01-021-SR-2]/arts.0,engine.mjs#attack -> effectiveArtCost + dealArtsDamage,ALIGNED,,FOCUSED_PASS,tests/simulator-heb01-021-030-text-alignment.test.mjs (Website + current Android source)
hEB01-021:keyword,hEB01-021,博衣こより,keyword,EFFECT_TEXT,website/public/cards.json#/cards[id=heb01-hEB01-021-U-1;heb01-hEB01-021-SR-2]/keyword,engine.mjs#queueCollabEffects -> hbp09Legacy_queueCollabEffects -> healDistribution,ALIGNED,,FOCUSED_PASS,tests/simulator-heb01-021-030-text-alignment.test.mjs (Website + current Android source)
hEB01-022:arts.0,hEB01-022,博衣こより,arts.0,EFFECT_TEXT,website/public/cards.json#/cards[id=heb01-hEB01-022-R-1;heb01-hEB01-022-SR-2]/arts.0,engine.mjs#resolveKoyoriArtEffects + art fixed-bonus parser; stage-2nd gate,FIXED,engine.mjs (Website + Android): exclude hEB01-022 from generic unconditional fixed +20; card-specific branch applies only when a 2nd is on stage,FOCUSED_PASS,tests/simulator-heb01-021-030-text-alignment.test.mjs (Website + current Android source)
hEB01-022:keyword,hEB01-022,博衣こより,keyword,EFFECT_TEXT,website/public/cards.json#/cards[id=heb01-hEB01-022-R-1;heb01-hEB01-022-SR-2]/keyword,engine.mjs#queueBloomEffects -> archiveAssistants -> resolveChoice,ALIGNED,,FOCUSED_PASS,tests/simulator-heb01-021-030-text-alignment.test.mjs (Website + current Android source)
hEB01-023:arts.0,hEB01-023,博衣こより,arts.0,EFFECT_TEXT,website/public/cards.json#/cards[id=heb01-hEB01-023-R-1;heb01-hEB01-023-SR-2]/arts.0,engine.mjs#resolveKoyoriArtEffects draw-to-Assistant-count + resolveGenericArtEffects; Arts special-target catalog data,FIXED,cards.json (Website + Android): clear unprinted White +50 specialTargets/specialValues,FOCUSED_PASS,tests/simulator-heb01-021-030-text-alignment.test.mjs (Website + current Android source)
hEB01-023:keyword,hEB01-023,博衣こより,keyword,EFFECT_TEXT,website/public/cards.json#/cards[id=heb01-hEB01-023-R-1;heb01-hEB01-023-SR-2]/keyword,engine.mjs#queueBloomEffects -> koyoriBottom -> chooseArchiveSupportForAttach -> attachArchivedSupport,ALIGNED,,FOCUSED_PASS,tests/simulator-heb01-021-030-text-alignment.test.mjs (Website + current Android source)
hEB01-024:arts.0,hEB01-024,博衣こより,arts.0,EFFECT_TEXT,website/public/cards.json#/cards[id=heb01-hEB01-024-RR-1;heb01-hEB01-024-UR-2;heb01-hEB01-024-SR-3]/arts.0,"engine.mjs#resolveKoyoriArtEffects -> revealCount, per-Holomen bonus, healDistribution and shuffle; Arts special-target catalog data",FIXED,cards.json (Website + Android): clear unprinted White +50 specialTargets/specialValues,FOCUSED_PASS,tests/simulator-heb01-021-030-text-alignment.test.mjs (Website + current Android source)
hEB01-024:keyword,hEB01-024,博衣こより,keyword,EFFECT_TEXT,website/public/cards.json#/cards[id=heb01-hEB01-024-RR-1;heb01-hEB01-024-UR-2;heb01-hEB01-024-SR-3]/keyword,engine.mjs#giftText -> hbp09Legacy_holomemHpBonus + effectiveArtCost colorless reduction,ALIGNED,,FOCUSED_PASS,tests/simulator-heb01-021-030-text-alignment.test.mjs (Website + current Android source)
hEB01-025:abilityText,hEB01-025,サマーパソコン,abilityText,EFFECT_TEXT,website/public/cards.json#/cards[id=heb01-hEB01-025-C-1]/abilityText,effect-catalog.mjs#summerComputer -> playExtendedSupportPartThree -> queueDeckCardsToStage/deckToHand,ALIGNED,,FOCUSED_PASS,tests/simulator-heb01-021-030-text-alignment.test.mjs (Website + current Android source)
hEB01-026:abilityText,hEB01-026,クマリン,abilityText,EFFECT_TEXT,website/public/cards.json#/cards[id=heb01-hEB01-026-U-1]/abilityText,"effect-catalog.mjs#kumarine -> Marine Oshi gate, draw and kumarineBottom resolution",ALIGNED,,FOCUSED_PASS,tests/simulator-heb01-021-030-text-alignment.test.mjs (Website + current Android source)
hEB01-027:abilityText,hEB01-027,サマーライブ,abilityText,EFFECT_TEXT,website/public/cards.json#/cards[id=heb01-hEB01-027-C-1]/abilityText,effect-catalog.mjs#summerLive -> addPlayerModifier + queueArchiveCheerToTarget,ALIGNED,,FOCUSED_PASS,tests/simulator-heb01-021-030-text-alignment.test.mjs (Website + current Android source)
hEB01-028:abilityText,hEB01-028,スイカ割り,abilityText,EFFECT_TEXT,website/public/cards.json#/cards[id=heb01-hEB01-028-C-1]/abilityText,effect-catalog.mjs#watermelonSmash -> 2nd-stage filter -> watermelonTarget -> Arts knockout draw modifier,ALIGNED,,FOCUSED_PASS,tests/simulator-heb01-021-030-text-alignment.test.mjs (Website + current Android source)
hEB01-029:abilityText,hEB01-029,スプラッシュシュート,abilityText,EFFECT_TEXT,website/public/cards.json#/cards[id=heb01-hEB01-029-C-1]/abilityText,effect-catalog.mjs#splashShoot -> Summer Center/Collab gate + commitNamedSupport + specialDamage,ALIGNED,,FOCUSED_PASS,tests/simulator-heb01-021-030-text-alignment.test.mjs (Website + current Android source)
hEB01-030:abilityText,hEB01-030,ホロライブ・サマー,abilityText,EFFECT_TEXT,website/public/cards.json#/cards[id=heb01-hEB01-030-U-1]/abilityText,AUTOMATED_EVENT_CARDS -> playAutomatedEvent -> summerPick,ALIGNED,,FOCUSED_PASS,tests/simulator-heb01-021-030-text-alignment.test.mjs (Website + current Android source)
hEB01-031:abilityText,hEB01-031,水遊び,abilityText,EFFECT_TEXT,website/public/cards.json#/cards[id=heb01-hEB01-031-C-1]/abilityText,engine.mjs#waterPlay -> enqueueArchiveCheerToTarget / attachArchiveCheerCard (#サマー),ALIGNED,,FOCUSED_PASS,simulator-heb01-031-034-text-alignment.test.mjs (Website+Android)
hEB01-032:abilityText,hEB01-032,STAR STAR☆T,abilityText,EFFECT_TEXT,website/public/cards.json#/cards[id=heb01-hEB01-032-U-1]/abilityText,engine.mjs#playFromHand/isActionCandidateLegal + starStarT draw-3/handToBottom,FIXED,engine.mjs#hasStarStarTFirstTurnPermission in Website+Android,FOCUSED_PASS,simulator-heb01-031-034-text-alignment.test.mjs (Website+Android)
hEB01-033:abilityText,hEB01-033,ビーチボール,abilityText,EFFECT_TEXT,website/public/cards.json#/cards[id=heb01-hEB01-033-C-1]/abilityText,engine.mjs#attachmentArtsBonus + hEB01BeachBallAfterArts moveAttachment,ALIGNED,,FOCUSED_PASS,simulator-heb01-031-034-text-alignment.test.mjs (Website+Android)
hEB01-034:abilityText,hEB01-034,なんでも爆解！,abilityText,EFFECT_TEXT,website/public/cards.json#/cards[id=heb01-hEB01-034-U-1]/abilityText,engine.mjs#attachmentArtsBonus + endToolDamage -> specialDamage resolver,FIXED,engine.mjs#endToolDamage now queues shared specialDamage in Website+Android,FOCUSED_PASS,simulator-heb01-031-034-text-alignment.test.mjs (Website+Android)
hPR-001:arts.0,hPR-001,さくらみこ,arts.0,BASIC_ACTION,website/public/cards.json#/cards[id=197]/arts.0,engine.mjs#basic Arts cost/damage and Spot deployment path,ALIGNED,,FOCUSED_PASS,simulator-pr-001-002-text-alignment.test.mjs (Website+Android)
hPR-001:extra,hPR-001,さくらみこ,extra,EFFECT_TEXT,website/public/cards.json#/cards[id=197]/extra,engine.mjs#bloomTargets (Spot excluded; playFromHand deploys Spot),ALIGNED,,FOCUSED_PASS,simulator-pr-001-002-text-alignment.test.mjs (Website+Android)
hPR-001:keyword,hPR-001,さくらみこ,keyword,EFFECT_TEXT,website/public/cards.json#/cards[id=197]/keyword,engine.mjs#queueSimpleTriggeredKeyword promoFlowerRoll -> cheerDeckSearch -> eventCheerTarget,ALIGNED,,FOCUSED_PASS,simulator-pr-001-002-text-alignment.test.mjs (Website+Android)
hPR-002:abilityText,hPR-002,ReGLOSS,abilityText,EFFECT_TEXT,website/public/cards.json#/cards[id=530;202;516]/abilityText,effect-catalog.mjs#TOP_LOOK_EFFECTS -> playTopLookSupport (4; #ReGLOSS; hand <=6; LIMITED),FIXED,engine.mjs#isActionCandidateLegal now applies configured handLimit,FOCUSED_PASS,simulator-pr-001-002-text-alignment.test.mjs (Website+Android)
hSD01-001:oshiSkill,hSD01-001,ときのそら,oshiSkill,EFFECT_TEXT,website/public/cards.json#/cards[id=1]/oshiSkill,engine.mjs#resolveNormalOshiSkill hSD01-001 Cheer source/other-Holomem target + once-per-turn/cost,ALIGNED,,FOCUSED_PASS,simulator-hsd01-001-003-text-alignment.test.mjs (Website+Android)
hSD01-001:spOshiSkill,hSD01-001,ときのそら,spOshiSkill,EFFECT_TEXT,website/public/cards.json#/cards[id=1]/spOshiSkill,engine.mjs#resolveSpOshiSkill hSD01-001 opponent Center/Back swap + White Center +50 + once/game/cost,ALIGNED,,FOCUSED_PASS,simulator-hsd01-001-003-text-alignment.test.mjs (Website+Android)
hSD01-002:oshiSkill,hSD01-002,AZKi,oshiSkill,EFFECT_TEXT,website/public/cards.json#/cards[id=2]/oshiSkill,engine.mjs#interactiveDice AZKi declared next die and paid once-per-turn Holo Power,ALIGNED,,FOCUSED_PASS,simulator-hsd01-001-003-text-alignment.test.mjs (Website+Android)
hSD01-002:spOshiSkill,hSD01-002,AZKi,spOshiSkill,EFFECT_TEXT,website/public/cards.json#/cards[id=2]/spOshiSkill,engine.mjs#resolveSpOshiSkill hSD01-002 any archived Cheer -> one Green Holomem + zero/multi choice + once/game/cost,ALIGNED,,FOCUSED_PASS,simulator-hsd01-001-003-text-alignment.test.mjs (Website+Android)
hSD01-003:arts.0,hSD01-003,ときのそら,arts.0,BASIC_ACTION,website/public/cards.json#/cards[id=3]/arts.0,engine.mjs#attack basic 30 damage and one Colorless cost,ALIGNED,,FOCUSED_PASS,simulator-hsd01-001-003-text-alignment.test.mjs (Website+Android)
hSD01-004:arts.0,hSD01-004,ときのそら,arts.0,BASIC_ACTION,website/public/cards.json#/cards[id=4;186]/arts.0,engine.mjs#attack 20 damage and one Colorless Cheer cost,ALIGNED,,FOCUSED_PASS,simulator-hsd01-004-005-text-alignment.test.mjs (Website+Android)
hSD01-004:keyword,hSD01-004,ときのそら,keyword,EFFECT_TEXT,website/public/cards.json#/cards[id=4;186]/keyword,engine.mjs#collab hSD01-004 grants only Center Arts +20 until turn end,ALIGNED,,FOCUSED_PASS,simulator-hsd01-004-005-text-alignment.test.mjs (Website+Android)
hSD01-005:arts.0,hSD01-005,ときのそら,arts.0,BASIC_ACTION,website/public/cards.json#/cards[id=5;2181]/arts.0,engine.mjs#attack 30 damage with one White Cheer,ALIGNED,,FOCUSED_PASS,simulator-hsd01-004-005-text-alignment.test.mjs (Website+Android)
hSD01-005:arts.1,hSD01-005,ときのそら,arts.1,BASIC_ACTION,website/public/cards.json#/cards[id=5;2181]/arts.1,engine.mjs#attack 50 damage with White plus Colorless Cheer,ALIGNED,,FOCUSED_PASS,simulator-hsd01-004-005-text-alignment.test.mjs (Website+Android)
hSD01-006:arts.0,hSD01-006,ときのそら,arts.0,BASIC_ACTION,website/public/cards.json#/cards[id=6;495]/arts.0,engine.mjs#attack 50 Arts with White plus Colorless cost,ALIGNED,,FOCUSED_PASS,simulator-hsd01-006-text-alignment.test.mjs (Website+Android)
hSD01-006:arts.1,hSD01-006,ときのそら,arts.1,EFFECT_TEXT,website/public/cards.json#/cards[id=6;495]/arts.1,engine.mjs#attack hSD01-006 Arts +50 only while own stage contains AZKi,ALIGNED,,FOCUSED_PASS,simulator-hsd01-006-text-alignment.test.mjs (Website+Android)
hSD01-006:extra,hSD01-006,ときのそら,extra,EFFECT_TEXT,website/public/cards.json#/cards[id=6;495]/extra,engine.mjs#knockOutUnit cardIsBuzz lifeCount=2 resolves printed Buzz -2 LIFE,ALIGNED,,FOCUSED_PASS,simulator-hsd01-006-text-alignment.test.mjs (Website+Android)
hSD01-007:arts.0,hSD01-007,IRyS,arts.0,BASIC_ACTION,website/public/cards.json#/cards[id=7;223]/arts.0,engine.mjs#attack 20 damage and one White Cheer cost,ALIGNED,,FOCUSED_PASS,simulator-hsd01-007-009-text-alignment.test.mjs (Website+Android)
hSD01-007:keyword,hSD01-007,IRyS,keyword,EFFECT_TEXT,website/public/cards.json#/cards[id=7;223]/keyword,engine.mjs#queueSimpleTriggeredKeyword and giftRaoraPowerPick/giftHandToPower resolves one Power to hand then hand to Power,ALIGNED,,FOCUSED_PASS,simulator-hsd01-007-009-text-alignment.test.mjs (Website+Android)
hSD01-008:arts.0,hSD01-008,AZKi,arts.0,BASIC_ACTION,website/public/cards.json#/cards[id=8]/arts.0,engine.mjs#attack 20 damage and one Colorless Cheer cost,ALIGNED,,FOCUSED_PASS,simulator-hsd01-007-009-text-alignment.test.mjs (Website+Android)
hSD01-009:arts.0,hSD01-009,AZKi,arts.0,BASIC_ACTION,website/public/cards.json#/cards[id=9;187]/arts.0,engine.mjs#attack 10 damage and one Colorless Cheer cost,ALIGNED,,FOCUSED_PASS,simulator-hsd01-007-009-text-alignment.test.mjs (Website+Android)
hSD01-009:keyword,hSD01-009,AZKi,keyword,EFFECT_TEXT,website/public/cards.json#/cards[id=9;187]/keyword,engine.mjs#azkiMapRoll Cheer on roll <=4 to Back; optional movement on 1,ALIGNED,,FOCUSED_PASS,simulator-hsd01-007-009-text-alignment.test.mjs (Website+Android; die 1-6)
hSD01-010:arts.0,hSD01-010,AZKi,arts.0,BASIC_ACTION,website/public/cards.json#/cards[id=10;2182]/arts.0,engine.mjs#attack 50 damage for Green+Colorless,ALIGNED,,FOCUSED_PASS,simulator-hsd01-010-011-text-alignment.test.mjs (Website+Android)
hSD01-011:arts.0,hSD01-011,AZKi,arts.0,EFFECT_TEXT,website/public/cards.json#/cards[id=11;496]/arts.0,engine.mjs#AZKi first Arts Sora gate; Blue target +50,ALIGNED,,FOCUSED_PASS,simulator-hsd01-010-011-text-alignment.test.mjs (Website+Android)
hSD01-011:arts.1,hSD01-011,AZKi,arts.1,EFFECT_TEXT,website/public/cards.json#/cards[id=11;496]/arts.1,engine.mjs#AZKi second Arts Blue target +50 plus odd/one die bonuses,ALIGNED,,FOCUSED_PASS,simulator-hsd01-010-011-text-alignment.test.mjs (Website+Android; die 1-6)
hSD01-012:arts.0,hSD01-012,アイラニ・イオフィフティーン,arts.0,BASIC_ACTION,website/public/cards.json#/cards[id=12;224]/arts.0,engine.mjs#attack 20 damage for one Green Cheer,ALIGNED,,FOCUSED_PASS,simulator-hsd01-012-013-text-alignment.test.mjs (Website+Android)
hSD01-012:keyword,hSD01-012,アイラニ・イオフィフティーン,keyword,EFFECT_TEXT,website/public/cards.json#/cards[id=12;224]/keyword,engine.mjs#queueSimpleTriggeredKeyword filters White/Green Archive Cheer; own Center only,FIXED,website/lib/simulator/engine.mjs + ../android-current/web/lib/simulator/engine.mjs,FOCUSED_PASS,simulator-hsd01-012-013-text-alignment.test.mjs (Website+Android)
hSD01-013:arts.0,hSD01-013,SorAZ,arts.0,EFFECT_TEXT,website/public/cards.json#/cards[id=13;833]/arts.0,engine.mjs#sorazRoll odd attaches top Cheer to source and even draws 1,ALIGNED,,FOCUSED_PASS,simulator-hsd01-012-013-text-alignment.test.mjs (Website+Android; die 1-6)
hSD01-013:extra,hSD01-013,SorAZ,extra,EFFECT_TEXT,website/public/cards.json#/cards[id=13;833]/extra,engine.mjs#cardAliases resolves treated-as names for Sora and AZKi,ALIGNED,,FOCUSED_PASS,simulator-hsd01-012-013-text-alignment.test.mjs (Website+Android; two name-gated effects)
hSD01-014:arts.0,hSD01-014,天音かなた,arts.0,BASIC_ACTION,website/public/cards.json#/cards[id=14]/arts.0,engine.mjs#attack 30 damage for White+Green Cheer,ALIGNED,,FOCUSED_PASS,simulator-hsd01-014-015-text-alignment.test.mjs (Website+Android)
hSD01-014:extra,hSD01-014,天音かなた,extra,EFFECT_TEXT,website/public/cards.json#/cards[id=14]/extra,engine.mjs#queuePlay routes Spot as stage placement and excludes it from Bloom,ALIGNED,,FOCUSED_PASS,simulator-hsd01-014-015-text-alignment.test.mjs (Website+Android)
hSD01-015:arts.0,hSD01-015,博衣こより,arts.0,BASIC_ACTION,website/public/cards.json#/cards[id=15]/arts.0,engine.mjs#attack 10 damage for one Colorless Cheer,ALIGNED,,FOCUSED_PASS,simulator-hsd01-014-015-text-alignment.test.mjs (Website+Android)
hSD01-015:extra,hSD01-015,博衣こより,extra,EFFECT_TEXT,website/public/cards.json#/cards[id=15]/extra,engine.mjs#queuePlay routes Spot as stage placement and excludes it from Bloom,ALIGNED,,FOCUSED_PASS,simulator-hsd01-014-015-text-alignment.test.mjs (Website+Android)
hSD01-015:keyword,hSD01-015,博衣こより,keyword,EFFECT_TEXT,website/public/cards.json#/cards[id=15]/keyword,engine.mjs#queueSimpleTriggeredKeyword Sora draw/AZKi top-Cheer branches,ALIGNED,,FOCUSED_PASS,simulator-hsd01-014-015-text-alignment.test.mjs (Website+Android; both aliases)
hSD01-016:abilityText,hSD01-016,春先のどか,abilityText,EFFECT_TEXT,website/public/cards.json#/cards[id=16;185;829;1145]/abilityText,effect-catalog.mjs#drawThree and commitSupport LIMITED counter,ALIGNED,,FOCUSED_PASS,simulator-hsd01-016-021-text-alignment.test.mjs (Website+Android)
hSD01-017:abilityText,hSD01-017,マネちゃん,abilityText,EFFECT_TEXT,website/public/cards.json#/cards[id=17;951;1058;505]/abilityText,effect-catalog.mjs#resetHandFive requires another hand card then shuffles and draws 5,ALIGNED,,FOCUSED_PASS,simulator-hsd01-016-021-text-alignment.test.mjs (Website+Android)
hSD01-018:abilityText,hSD01-018,サブパソコン,abilityText,EFFECT_TEXT,website/public/cards.json#/cards[id=18;842;506]/abilityText,effect-catalog.mjs#top five; required one LIMITED support,ALIGNED,,FOCUSED_PASS,simulator-hsd01-016-021-text-alignment.test.mjs (Website+Android)
hSD01-019:abilityText,hSD01-019,スゴイパソコン,abilityText,EFFECT_TEXT,website/public/cards.json#/cards[id=19;843]/abilityText,effect-catalog.mjs#pay one stage Cheer then non-Buzz 1st/2nd search,ALIGNED,,FOCUSED_PASS,simulator-hsd01-016-021-text-alignment.test.mjs (Website+Android)
hSD01-020:abilityText,hSD01-020,ホロリスの輪,abilityText,EFFECT_TEXT,website/public/cards.json#/cards[id=20]/abilityText,effect-catalog.mjs#holoFanCircle die 3+ archives Cheer to stage,ALIGNED,,FOCUSED_PASS,simulator-hsd01-016-021-text-alignment.test.mjs (Website+Android; die 1-6)
hSD01-021:abilityText,hSD01-021,First Gravity,abilityText,EFFECT_TEXT,website/public/cards.json#/cards[id=21]/abilityText,effect-catalog.mjs#top four; other hand <=6; any Sora/AZKi aliases,ALIGNED,,FOCUSED_PASS,simulator-hsd01-016-021-text-alignment.test.mjs (Website+Android; 0-3 picks)
hSD02-001:oshiSkill,hSD02-001,百鬼あやめ,oshiSkill,EFFECT_TEXT,website/public/cards.json#/cards[id=225]/oshiSkill,"hbp09Legacy_resolveNormalOshiSkill + stage Arts modifier; phase, cost and once-per-turn gate",ALIGNED,,FOCUSED_PASS,website/tests/simulator-hsd02-001-005-text-alignment.test.mjs
hSD02-001:spOshiSkill,hSD02-001,百鬼あやめ,spOshiSkill,EFFECT_TEXT,website/public/cards.json#/cards[id=225]/spOshiSkill,"activateOshiSkill + queueArchiveToHand; Red filter, cost and once-per-game gate",ALIGNED,,FOCUSED_PASS,website/tests/simulator-hsd02-001-005-text-alignment.test.mjs
hSD02-002:arts.0,hSD02-002,百鬼あやめ,arts.0,BASIC_ACTION,website/public/cards.json#/cards[id=1585;226;1708;817]/arts.0,resolveArts; 30 damage for Red Cheer,ALIGNED,,FOCUSED_PASS,website/tests/simulator-hsd02-001-005-text-alignment.test.mjs
hSD02-002:extra,hSD02-002,百鬼あやめ,extra,EFFECT_TEXT,website/public/cards.json#/cards[id=1585;226;1708;817]/extra,cardIsUnlimitedDebut + shared unlimited-Debut deck filter,ALIGNED,,FOCUSED_PASS,website/tests/simulator-hsd02-001-005-text-alignment.test.mjs
hSD02-003:arts.0,hSD02-003,百鬼あやめ,arts.0,BASIC_ACTION,website/public/cards.json#/cards[id=227]/arts.0,resolveArts; 30 damage for Colorless Cheer,ALIGNED,,FOCUSED_PASS,website/tests/simulator-hsd02-001-005-text-alignment.test.mjs
hSD02-003:keyword,hSD02-003,百鬼あやめ,keyword,EFFECT_TEXT,website/public/cards.json#/cards[id=227]/keyword,queueSimpleTriggeredKeyword; special damage only to opponent Collab,ALIGNED,,FOCUSED_PASS,website/tests/simulator-hsd02-001-005-text-alignment.test.mjs
hSD02-004:arts.0,hSD02-004,百鬼あやめ,arts.0,BASIC_ACTION,website/public/cards.json#/cards[id=228]/arts.0,resolveArts; 30 damage for Red Cheer,ALIGNED,,FOCUSED_PASS,website/tests/simulator-hsd02-001-005-text-alignment.test.mjs
hSD02-004:keyword,hSD02-004,百鬼あやめ,keyword,EFFECT_TEXT,website/public/cards.json#/cards[id=228]/keyword,queueSimpleTriggeredKeyword; Poyo余 gate and own Center Arts modifier,ALIGNED,,FOCUSED_PASS,website/tests/simulator-hsd02-001-005-text-alignment.test.mjs
hSD02-005:arts.0,hSD02-005,百鬼あやめ,arts.0,BASIC_ACTION,website/public/cards.json#/cards[id=229;2183]/arts.0,resolveArts; 20 damage for Colorless Cheer,ALIGNED,,FOCUSED_PASS,website/tests/simulator-hsd02-001-005-text-alignment.test.mjs
hSD02-005:arts.1,hSD02-005,百鬼あやめ,arts.1,BASIC_ACTION,website/public/cards.json#/cards[id=229;2183]/arts.1,resolveArts; 60 damage for Red plus Colorless Cheer,ALIGNED,,FOCUSED_PASS,website/tests/simulator-hsd02-001-005-text-alignment.test.mjs
hSD02-006:arts.0,hSD02-006,百鬼あやめ,arts.0,BASIC_ACTION,website/public/cards.json#/cards[id=230;heb01-hSD02-006-C-1;heb01-hSD02-006-SR-2]/arts.0,resolveArts; 30 damage for Red Cheer,ALIGNED,,FOCUSED_PASS,website/tests/simulator-hsd02-006-010-text-alignment.test.mjs
hSD02-006:keyword,hSD02-006,百鬼あやめ,keyword,EFFECT_TEXT,website/public/cards.json#/cards[id=230;heb01-hSD02-006-C-1;heb01-hSD02-006-SR-2]/keyword,resolveGenericKeywordRemainder; optional hand archive then 20 special damage to Center or Collab,ALIGNED,,FOCUSED_PASS,website/tests/simulator-hsd02-006-010-text-alignment.test.mjs
hSD02-007:arts.0,hSD02-007,百鬼あやめ,arts.0,BASIC_ACTION,website/public/cards.json#/cards[id=231;497;2035;heb01-hSD02-007-U-1;heb01-hSD02-007-SR-2]/arts.0,resolveArts; 30 damage for Colorless Cheer,ALIGNED,,FOCUSED_PASS,website/tests/simulator-hsd02-006-010-text-alignment.test.mjs
hSD02-007:keyword,hSD02-007,百鬼あやめ,keyword,EFFECT_TEXT,website/public/cards.json#/cards[id=231;497;2035;heb01-hSD02-007-U-1;heb01-hSD02-007-SR-2]/keyword,queueGenericTopLook; top-two add-to-hand and Archive remainder,ALIGNED,,FOCUSED_PASS,website/tests/simulator-hsd02-006-010-text-alignment.test.mjs
hSD02-008:arts.0,hSD02-008,百鬼あやめ,arts.0,BASIC_ACTION,website/public/cards.json#/cards[id=232]/arts.0,resolveArts; 40 damage for Red plus Colorless Cheer,ALIGNED,,FOCUSED_PASS,website/tests/simulator-hsd02-006-010-text-alignment.test.mjs
hSD02-008:arts.1,hSD02-008,百鬼あやめ,arts.1,EFFECT_TEXT,website/public/cards.json#/cards[id=232]/arts.1,genericKeywordHandArchiveCost + resolveGenericKeywordRemainder; optional hand archive and 50 special damage,ALIGNED,,FOCUSED_PASS,website/tests/simulator-hsd02-006-010-text-alignment.test.mjs
hSD02-008:extra,hSD02-008,百鬼あやめ,extra,EFFECT_TEXT,website/public/cards.json#/cards[id=232]/extra,cardIsBuzz + knockOutUnit; existing Buzz two-Life knockout rule,ALIGNED,,FOCUSED_PASS,website/tests/simulator-hsd02-006-010-text-alignment.test.mjs
hSD02-009:arts.0,hSD02-009,百鬼あやめ,arts.0,BASIC_ACTION,website/public/cards.json#/cards[id=233;445]/arts.0,resolveArts; 60 base plus 50 versus Yellow,ALIGNED,,FOCUSED_PASS,website/tests/simulator-hsd02-006-010-text-alignment.test.mjs
hSD02-009:arts.1,hSD02-009,百鬼あやめ,arts.1,EFFECT_TEXT,website/public/cards.json#/cards[id=233;445]/arts.1,genericKeywordHandArchiveCost; 1-3 hand cards and 40 special damage per card to Center,ALIGNED,,FOCUSED_PASS,website/tests/simulator-hsd02-006-010-text-alignment.test.mjs
hSD02-010:arts.0,hSD02-010,白上フブキ,arts.0,BASIC_ACTION,website/public/cards.json#/cards[id=234]/arts.0,resolveArts; 20 damage for Colorless Cheer,ALIGNED,,FOCUSED_PASS,website/tests/simulator-hsd02-006-010-text-alignment.test.mjs
hSD02-010:extra,hSD02-010,白上フブキ,extra,EFFECT_TEXT,website/public/cards.json#/cards[id=234]/extra,stage legality; Spot stage excluded from Bloom,ALIGNED,,FOCUSED_PASS,website/tests/simulator-hsd02-006-010-text-alignment.test.mjs
hSD02-010:keyword,hSD02-010,白上フブキ,keyword,EFFECT_TEXT,website/public/cards.json#/cards[id=234]/keyword,queueSimpleTriggeredKeyword; optional archived Mascot recovery on Collab,ALIGNED,,FOCUSED_PASS,website/tests/simulator-hsd02-006-010-text-alignment.test.mjs
hSD02-011:arts.0,hSD02-011,大神ミオ,arts.0,BASIC_ACTION,website/public/cards.json#/cards[id=235]/arts.0,resolveArts; 10 damage for one Colorless Cheer,ALIGNED,,FOCUSED_PASS,website/tests/simulator-hsd02-011-014-text-alignment.test.mjs
hSD02-011:extra,hSD02-011,大神ミオ,extra,EFFECT_TEXT,website/public/cards.json#/cards[id=235]/extra,queuePlay and bloomTargets; Spot stage excluded from Bloom,ALIGNED,,FOCUSED_PASS,website/tests/simulator-hsd02-011-014-text-alignment.test.mjs
hSD02-011:keyword,hSD02-011,大神ミオ,keyword,EFFECT_TEXT,website/public/cards.json#/cards[id=235]/keyword,genericKeywordHandArchiveCost + resolveGenericKeywordRemainder; optional Holomen cost then top Cheer to own Debut,ALIGNED,,FOCUSED_PASS,website/tests/simulator-hsd02-011-014-text-alignment.test.mjs
hSD02-012:abilityText,hSD02-012,いろはにほへっと あやふぶみ,abilityText,EFFECT_TEXT,website/public/cards.json#/cards[id=236;803]/abilityText,"TOP_LOOK_EFFECTS + playTopLookSupport; hand cap, top-four filter, any number and bottom remainder",ALIGNED,,FOCUSED_PASS,website/tests/simulator-hsd02-011-014-text-alignment.test.mjs
hSD02-013:abilityText,hSD02-013,阿修羅＆羅刹,abilityText,EFFECT_TEXT,website/public/cards.json#/cards[id=237]/abilityText,"attachmentBlocks + attachmentBlockApplies + attachmentArtsBonus; base +10, Ayame 1st+ +10 and one-Tool limit",ALIGNED,,FOCUSED_PASS,website/tests/simulator-hsd02-011-014-text-alignment.test.mjs
hSD02-014:abilityText,hSD02-014,ぽよ余,abilityText,EFFECT_TEXT,website/public/cards.json#/cards[id=238;1727]/abilityText,"attachmentHpBonus + queueAttachmentBloomEffects + attachmentTargets; +20 HP, Ayame Bloom draw and one-Mascot limit",ALIGNED,,FOCUSED_PASS,website/tests/simulator-hsd02-011-014-text-alignment.test.mjs
hSD03-001:oshiSkill,hSD03-001,猫又おかゆ,oshiSkill,EFFECT_TEXT,website/public/cards.json#/cards[id=239]/oshiSkill,"engine.mjs#hSD03-001 normal Oshi: Blue Center Arts +20, cost 2, once/turn",ALIGNED,,FOCUSED_PASS,tests/simulator-hsd03-001-005-text-alignment.test.mjs (Website/current Android)
hSD03-001:spOshiSkill,hSD03-001,猫又おかゆ,spOshiSkill,EFFECT_TEXT,website/public/cards.json#/cards[id=239]/spOshiSkill,engine.mjs#queueOshiAfterArtsDamage/queueOshiAfterSpecialDamage backshot; oshiAfterDamage payment/resolution,ALIGNED,,FOCUSED_PASS,tests/simulator-hsd03-001-005-text-alignment.test.mjs; simulator-backshot-batch258.test.mjs
hSD03-002:arts.0,hSD03-002,猫又おかゆ,arts.0,BASIC_ACTION,website/public/cards.json#/cards[id=1259;240;811;818]/arts.0,cards.json#hSD03-002 arts.0; engine.mjs#attack/effectiveArtCost,ALIGNED,,FOCUSED_PASS,tests/simulator-hsd03-001-005-text-alignment.test.mjs (Website/current Android)
hSD03-002:extra,hSD03-002,猫又おかゆ,extra,EFFECT_TEXT,website/public/cards.json#/cards[id=1259;240;811;818]/extra,cards.json#hSD03-002 unlimited/maxCopies=99; website/app/page.tsx#maxCopies deck cap,ALIGNED,,FOCUSED_PASS,tests/simulator-hsd03-001-005-text-alignment.test.mjs (both production catalogs)
hSD03-003:arts.0,hSD03-003,猫又おかゆ,arts.0,BASIC_ACTION,website/public/cards.json#/cards[id=241;562]/arts.0,cards.json#hSD03-003 arts.0; engine.mjs#attack/effectiveArtCost,ALIGNED,,FOCUSED_PASS,tests/simulator-hsd03-001-005-text-alignment.test.mjs (Website/current Android)
hSD03-003:keyword,hSD03-003,猫又おかゆ,keyword,EFFECT_TEXT,website/public/cards.json#/cards[id=241;562]/keyword,engine.mjs#queueSimpleTriggeredKeyword condition + fixed Center/Back special-damage resolution,ALIGNED,,FOCUSED_PASS,tests/simulator-hsd03-001-005-text-alignment.test.mjs (Website/current Android)
hSD03-004:arts.0,hSD03-004,猫又おかゆ,arts.0,BASIC_ACTION,website/public/cards.json#/cards[id=242]/arts.0,cards.json#hSD03-004 arts.0; engine.mjs#attack/effectiveArtCost,ALIGNED,,FOCUSED_PASS,tests/simulator-hsd03-001-005-text-alignment.test.mjs (Website/current Android)
hSD03-004:keyword,hSD03-004,猫又おかゆ,keyword,EFFECT_TEXT,website/public/cards.json#/cards[id=242]/keyword,engine.mjs#hSD03-004 starterSuiseiReveal; resolveChoice/eventCheerTarget,ALIGNED,,FOCUSED_PASS,tests/simulator-hsd03-001-005-text-alignment.test.mjs; simulator-suisei-reveal-batch259.test.mjs
hSD03-005:arts.0,hSD03-005,猫又おかゆ,arts.0,BASIC_ACTION,website/public/cards.json#/cards[id=243;2184]/arts.0,cards.json#hSD03-005 arts.0; engine.mjs#attack/effectiveArtCost,ALIGNED,,FOCUSED_PASS,tests/simulator-hsd03-001-005-text-alignment.test.mjs (Website/current Android)
hSD03-005:arts.1,hSD03-005,猫又おかゆ,arts.1,BASIC_ACTION,website/public/cards.json#/cards[id=243;2184]/arts.1,cards.json#hSD03-005 arts.1; engine.mjs#attack/effectiveArtCost,ALIGNED,,FOCUSED_PASS,tests/simulator-hsd03-001-005-text-alignment.test.mjs (Website/current Android)
hSD03-006:arts.0,hSD03-006,猫又おかゆ,arts.0,BASIC_ACTION,website/public/cards.json#/cards[id=244]/arts.0,,ALIGNED,,FOCUSED_PASS,tests/simulator-hsd03-006-010-text-alignment.test.mjs; tests/simulator-okayu-batch260.test.mjs; tests/simulator-okayu-mascot-scope-batch417.test.mjs; tests/simulator-okayu-mascot-batch415.test.mjs
hSD03-006:arts.1,hSD03-006,猫又おかゆ,arts.1,EFFECT_TEXT,website/public/cards.json#/cards[id=244]/arts.1,,ALIGNED,,FOCUSED_PASS,tests/simulator-hsd03-006-010-text-alignment.test.mjs; tests/simulator-okayu-batch260.test.mjs; tests/simulator-okayu-mascot-scope-batch417.test.mjs; tests/simulator-okayu-mascot-batch415.test.mjs
hSD03-007:arts.0,hSD03-007,猫又おかゆ,arts.0,BASIC_ACTION,website/public/cards.json#/cards[id=245;498;heb01-hSD03-007-U-1;heb01-hSD03-007-SR-2]/arts.0,,ALIGNED,,FOCUSED_PASS,tests/simulator-hsd03-006-010-text-alignment.test.mjs; tests/simulator-okayu-batch260.test.mjs; tests/simulator-okayu-mascot-scope-batch417.test.mjs; tests/simulator-okayu-mascot-batch415.test.mjs
hSD03-007:keyword,hSD03-007,猫又おかゆ,keyword,EFFECT_TEXT,website/public/cards.json#/cards[id=245;498;heb01-hSD03-007-U-1;heb01-hSD03-007-SR-2]/keyword,,ALIGNED,,FOCUSED_PASS,tests/simulator-hsd03-006-010-text-alignment.test.mjs; tests/simulator-okayu-batch260.test.mjs; tests/simulator-okayu-mascot-scope-batch417.test.mjs; tests/simulator-okayu-mascot-batch415.test.mjs
hSD03-008:arts.0,hSD03-008,猫又おかゆ,arts.0,BASIC_ACTION,website/public/cards.json#/cards[id=246]/arts.0,,ALIGNED,,FOCUSED_PASS,tests/simulator-hsd03-006-010-text-alignment.test.mjs; tests/simulator-okayu-batch260.test.mjs; tests/simulator-okayu-mascot-scope-batch417.test.mjs; tests/simulator-okayu-mascot-batch415.test.mjs
hSD03-008:extra,hSD03-008,猫又おかゆ,extra,EFFECT_TEXT,website/public/cards.json#/cards[id=246]/extra,,ALIGNED,,FOCUSED_PASS,tests/simulator-hsd03-006-010-text-alignment.test.mjs; tests/simulator-okayu-batch260.test.mjs; tests/simulator-okayu-mascot-scope-batch417.test.mjs; tests/simulator-okayu-mascot-batch415.test.mjs
hSD03-008:keyword,hSD03-008,猫又おかゆ,keyword,EFFECT_TEXT,website/public/cards.json#/cards[id=246]/keyword,,ALIGNED,,FOCUSED_PASS,tests/simulator-hsd03-006-010-text-alignment.test.mjs; tests/simulator-okayu-batch260.test.mjs; tests/simulator-okayu-mascot-scope-batch417.test.mjs; tests/simulator-okayu-mascot-batch415.test.mjs
hSD03-009:arts.0,hSD03-009,猫又おかゆ,arts.0,BASIC_ACTION,website/public/cards.json#/cards[id=247;446]/arts.0,,ALIGNED,,FOCUSED_PASS,tests/simulator-hsd03-006-010-text-alignment.test.mjs; tests/simulator-okayu-batch260.test.mjs; tests/simulator-okayu-mascot-scope-batch417.test.mjs; tests/simulator-okayu-mascot-batch415.test.mjs
hSD03-009:arts.1,hSD03-009,猫又おかゆ,arts.1,EFFECT_TEXT,website/public/cards.json#/cards[id=247;446]/arts.1,,ALIGNED,,FOCUSED_PASS,tests/simulator-hsd03-006-010-text-alignment.test.mjs; tests/simulator-okayu-batch260.test.mjs; tests/simulator-okayu-mascot-scope-batch417.test.mjs; tests/simulator-okayu-mascot-batch415.test.mjs
hSD03-010:arts.0,hSD03-010,戌神ころね,arts.0,BASIC_ACTION,website/public/cards.json#/cards[id=248]/arts.0,,ALIGNED,,FOCUSED_PASS,tests/simulator-hsd03-006-010-text-alignment.test.mjs; tests/simulator-okayu-batch260.test.mjs; tests/simulator-okayu-mascot-scope-batch417.test.mjs; tests/simulator-okayu-mascot-batch415.test.mjs
hSD03-010:extra,hSD03-010,戌神ころね,extra,EFFECT_TEXT,website/public/cards.json#/cards[id=248]/extra,,ALIGNED,,FOCUSED_PASS,tests/simulator-hsd03-006-010-text-alignment.test.mjs; tests/simulator-okayu-batch260.test.mjs; tests/simulator-okayu-mascot-scope-batch417.test.mjs; tests/simulator-okayu-mascot-batch415.test.mjs
hSD03-010:keyword,hSD03-010,戌神ころね,keyword,EFFECT_TEXT,website/public/cards.json#/cards[id=248]/keyword,,ALIGNED,,FOCUSED_PASS,tests/simulator-hsd03-006-010-text-alignment.test.mjs; tests/simulator-okayu-batch260.test.mjs; tests/simulator-okayu-mascot-scope-batch417.test.mjs; tests/simulator-okayu-mascot-batch415.test.mjs
hSD03-011:arts.0,hSD03-011,ラプラス・ダークネス,arts.0,BASIC_ACTION,website/public/cards.json#/cards[id=249]/arts.0,,ALIGNED,,FOCUSED_PASS,tests/simulator-hsd03-011-014-text-alignment.test.mjs; tests/simulator-hsd03-001-005-text-alignment.test.mjs; tests/simulator-hsd03-006-010-text-alignment.test.mjs; tests/simulator-okayu-batch260.test.mjs; tests/simulator-okayu-mascot-scope-batch417.test.mjs; tests/simulator-okayu-mascot-batch415.test.mjs; tests/simulator-backshot-batch258.test.mjs; tests/simulator-suisei-reveal-batch259.test.mjs
hSD03-011:arts.1,hSD03-011,ラプラス・ダークネス,arts.1,EFFECT_TEXT,website/public/cards.json#/cards[id=249]/arts.1,,ALIGNED,,FOCUSED_PASS,tests/simulator-hsd03-011-014-text-alignment.test.mjs; tests/simulator-hsd03-001-005-text-alignment.test.mjs; tests/simulator-hsd03-006-010-text-alignment.test.mjs; tests/simulator-okayu-batch260.test.mjs; tests/simulator-okayu-mascot-scope-batch417.test.mjs; tests/simulator-okayu-mascot-batch415.test.mjs; tests/simulator-backshot-batch258.test.mjs; tests/simulator-suisei-reveal-batch259.test.mjs
hSD03-011:extra,hSD03-011,ラプラス・ダークネス,extra,EFFECT_TEXT,website/public/cards.json#/cards[id=249]/extra,,ALIGNED,,FOCUSED_PASS,tests/simulator-hsd03-011-014-text-alignment.test.mjs; tests/simulator-hsd03-001-005-text-alignment.test.mjs; tests/simulator-hsd03-006-010-text-alignment.test.mjs; tests/simulator-okayu-batch260.test.mjs; tests/simulator-okayu-mascot-scope-batch417.test.mjs; tests/simulator-okayu-mascot-batch415.test.mjs; tests/simulator-backshot-batch258.test.mjs; tests/simulator-suisei-reveal-batch259.test.mjs
hSD03-012:abilityText,hSD03-012,泥棒建設,abilityText,EFFECT_TEXT,website/public/cards.json#/cards[id=250]/abilityText,,ALIGNED,,FOCUSED_PASS,tests/simulator-hsd03-011-014-text-alignment.test.mjs; tests/simulator-hsd03-001-005-text-alignment.test.mjs; tests/simulator-hsd03-006-010-text-alignment.test.mjs; tests/simulator-okayu-batch260.test.mjs; tests/simulator-okayu-mascot-scope-batch417.test.mjs; tests/simulator-okayu-mascot-batch415.test.mjs; tests/simulator-backshot-batch258.test.mjs; tests/simulator-suisei-reveal-batch259.test.mjs
hSD03-013:abilityText,hSD03-013,おかにゃん,abilityText,EFFECT_TEXT,website/public/cards.json#/cards[id=251;1410]/abilityText,,ALIGNED,,FOCUSED_PASS,tests/simulator-hsd03-011-014-text-alignment.test.mjs; tests/simulator-hsd03-001-005-text-alignment.test.mjs; tests/simulator-hsd03-006-010-text-alignment.test.mjs; tests/simulator-okayu-batch260.test.mjs; tests/simulator-okayu-mascot-scope-batch417.test.mjs; tests/simulator-okayu-mascot-batch415.test.mjs; tests/simulator-backshot-batch258.test.mjs; tests/simulator-suisei-reveal-batch259.test.mjs
hSD03-014:abilityText,hSD03-014,おにぎりゃー,abilityText,EFFECT_TEXT,website/public/cards.json#/cards[id=252]/abilityText,,ALIGNED,,FOCUSED_PASS,tests/simulator-hsd03-011-014-text-alignment.test.mjs; tests/simulator-hsd03-001-005-text-alignment.test.mjs; tests/simulator-hsd03-006-010-text-alignment.test.mjs; tests/simulator-okayu-batch260.test.mjs; tests/simulator-okayu-mascot-scope-batch417.test.mjs; tests/simulator-okayu-mascot-batch415.test.mjs; tests/simulator-backshot-batch258.test.mjs; tests/simulator-suisei-reveal-batch259.test.mjs
hSD04-001:oshiSkill,hSD04-001,癒月ちょこ,oshiSkill,EFFECT_TEXT,website/public/cards.json#/cards[id=253]/oshiSkill,,ALIGNED,,FOCUSED_PASS,tests/simulator-hsd04-001-005-text-alignment.test.mjs; tests/simulator-purple-oshi-batch262.test.mjs; tests/simulator-choco-search-batch263.test.mjs
hSD04-001:spOshiSkill,hSD04-001,癒月ちょこ,spOshiSkill,EFFECT_TEXT,website/public/cards.json#/cards[id=253]/spOshiSkill,,ALIGNED,,FOCUSED_PASS,tests/simulator-hsd04-001-005-text-alignment.test.mjs; tests/simulator-purple-oshi-batch262.test.mjs; tests/simulator-choco-search-batch263.test.mjs
hSD04-002:arts.0,hSD04-002,癒月ちょこ,arts.0,BASIC_ACTION,website/public/cards.json#/cards[id=1261;254;819]/arts.0,,ALIGNED,,FOCUSED_PASS,tests/simulator-hsd04-001-005-text-alignment.test.mjs; tests/simulator-purple-oshi-batch262.test.mjs; tests/simulator-choco-search-batch263.test.mjs
hSD04-002:extra,hSD04-002,癒月ちょこ,extra,EFFECT_TEXT,website/public/cards.json#/cards[id=1261;254;819]/extra,,ALIGNED,,FOCUSED_PASS,tests/simulator-hsd04-001-005-text-alignment.test.mjs; tests/simulator-purple-oshi-batch262.test.mjs; tests/simulator-choco-search-batch263.test.mjs
hSD04-003:arts.0,hSD04-003,癒月ちょこ,arts.0,BASIC_ACTION,website/public/cards.json#/cards[id=255]/arts.0,,ALIGNED,,FOCUSED_PASS,tests/simulator-hsd04-001-005-text-alignment.test.mjs; tests/simulator-purple-oshi-batch262.test.mjs; tests/simulator-choco-search-batch263.test.mjs
hSD04-003:keyword,hSD04-003,癒月ちょこ,keyword,EFFECT_TEXT,website/public/cards.json#/cards[id=255]/keyword,,ALIGNED,,FOCUSED_PASS,tests/simulator-hsd04-001-005-text-alignment.test.mjs; tests/simulator-purple-oshi-batch262.test.mjs; tests/simulator-choco-search-batch263.test.mjs
hSD04-004:arts.0,hSD04-004,癒月ちょこ,arts.0,BASIC_ACTION,website/public/cards.json#/cards[id=256]/arts.0,,ALIGNED,,FOCUSED_PASS,tests/simulator-hsd04-001-005-text-alignment.test.mjs; tests/simulator-purple-oshi-batch262.test.mjs; tests/simulator-choco-search-batch263.test.mjs
hSD04-004:keyword,hSD04-004,癒月ちょこ,keyword,EFFECT_TEXT,website/public/cards.json#/cards[id=256]/keyword,,ALIGNED,,FOCUSED_PASS,tests/simulator-hsd04-001-005-text-alignment.test.mjs; tests/simulator-purple-oshi-batch262.test.mjs; tests/simulator-choco-search-batch263.test.mjs
hSD04-005:arts.0,hSD04-005,癒月ちょこ,arts.0,BASIC_ACTION,website/public/cards.json#/cards[id=257;2185]/arts.0,,ALIGNED,,FOCUSED_PASS,tests/simulator-hsd04-001-005-text-alignment.test.mjs; tests/simulator-purple-oshi-batch262.test.mjs; tests/simulator-choco-search-batch263.test.mjs
hSD04-005:arts.1,hSD04-005,癒月ちょこ,arts.1,BASIC_ACTION,website/public/cards.json#/cards[id=257;2185]/arts.1,,ALIGNED,,FOCUSED_PASS,tests/simulator-hsd04-001-005-text-alignment.test.mjs; tests/simulator-purple-oshi-batch262.test.mjs; tests/simulator-choco-search-batch263.test.mjs
hSD04-006:arts.0,hSD04-006,癒月ちょこ,arts.0,EFFECT_TEXT,website/public/cards.json#/cards[id=258]/arts.0,engine.mjs#hbp09Legacy_resolveGenericArtEffects + dealArtsDamage.healSourceByArtsDamage,FIXED,hSD04-006 generic parser previously made 10 special damage and an unrelated optional heal; now handled only by final actual-damage resolver,FOCUSED_PASS,tests/simulator-hsd04-006-010-text-alignment.test.mjs Website/current Android; 251/251 related regressions
hSD04-007:arts.0,hSD04-007,癒月ちょこ,arts.0,EFFECT_TEXT,website/public/cards.json#/cards[id=259;499;heb01-hSD04-007-U-1;heb01-hSD04-007-SR-2]/arts.0,engine.mjs#hbp09Legacy_resolveGenericArtEffects hSD04-007 back-only mandatory heal,ALIGNED,,FOCUSED_PASS,tests/simulator-hsd04-006-010-text-alignment.test.mjs Website/current Android; 251/251 related regressions
hSD04-007:keyword,hSD04-007,癒月ちょこ,keyword,EFFECT_TEXT,website/public/cards.json#/cards[id=259;499;heb01-hSD04-007-U-1;heb01-hSD04-007-SR-2]/keyword,engine.mjs#hbp09Legacy_queueBloomEffects hSD04-007 supportEvent-only archive return,ALIGNED,,FOCUSED_PASS,tests/simulator-hsd04-006-010-text-alignment.test.mjs Website/current Android; 251/251 related regressions
hSD04-008:arts.0,hSD04-008,癒月ちょこ,arts.0,BASIC_ACTION,website/public/cards.json#/cards[id=260]/arts.0,engine.mjs#card.arts plus generic Arts damage resolution,ALIGNED,,FOCUSED_PASS,tests/simulator-hsd04-006-010-text-alignment.test.mjs Website/current Android; 251/251 related regressions
hSD04-008:arts.1,hSD04-008,癒月ちょこ,arts.1,EFFECT_TEXT,website/public/cards.json#/cards[id=260]/arts.1,engine.mjs#queueGenericArtCostEffects hSD04-008:1 Food Event filter and +20,ALIGNED,,FOCUSED_PASS,tests/simulator-hsd04-006-010-text-alignment.test.mjs Website/current Android; 251/251 related regressions
hSD04-008:extra,hSD04-008,癒月ちょこ,extra,EFFECT_TEXT,website/public/cards.json#/cards[id=260]/extra,engine.mjs#shared Buzz knockout Life settlement,ALIGNED,,FOCUSED_PASS,tests/simulator-hsd04-006-010-text-alignment.test.mjs Website/current Android; Buzz Life regressions; 251/251 related regressions
hSD04-009:arts.0,hSD04-009,癒月ちょこ,arts.0,BASIC_ACTION,website/public/cards.json#/cards[id=261;447]/arts.0,engine.mjs#card.arts Green specialValues bonus and generic damage,ALIGNED,,FOCUSED_PASS,tests/simulator-hsd04-006-010-text-alignment.test.mjs Website/current Android; 251/251 related regressions
hSD04-009:arts.1,hSD04-009,癒月ちょこ,arts.1,EFFECT_TEXT,website/public/cards.json#/cards[id=261;447]/arts.1,engine.mjs#hbp09Legacy_resolveGenericArtEffects currentTurnEvents Event count,ALIGNED,,FOCUSED_PASS,tests/simulator-hsd04-006-010-text-alignment.test.mjs Website/current Android; simulator-choco-events-batch265.test.mjs; 251/251 related regressions
hSD04-010:arts.0,hSD04-010,大空スバル,arts.0,BASIC_ACTION,website/public/cards.json#/cards[id=262]/arts.0,engine.mjs#card.arts plus generic Arts damage resolution,ALIGNED,,FOCUSED_PASS,tests/simulator-hsd04-006-010-text-alignment.test.mjs Website/current Android; 251/251 related regressions
hSD04-010:extra,hSD04-010,大空スバル,extra,EFFECT_TEXT,website/public/cards.json#/cards[id=262]/extra,engine.mjs#validateBloomTarget rejects Spot Bloom,ALIGNED,,FOCUSED_PASS,tests/simulator-hsd04-006-010-text-alignment.test.mjs Website/current Android; 251/251 related regressions
hSD04-010:keyword,hSD04-010,大空スバル,keyword,EFFECT_TEXT,website/public/cards.json#/cards[id=262]/keyword,engine.mjs#queueSimpleTriggeredKeyword hSD04-010 Center condition and unrestricted stage target,FIXED,hSD04-010 generic parser misread condition name as attachment target; explicit unrestricted Cheer destination in both engines,FOCUSED_PASS,tests/simulator-hsd04-006-010-text-alignment.test.mjs Website/current Android; 251/251 related regressions
hSD04-011:arts.0,hSD04-011,姫森ルーナ,arts.0,BASIC_ACTION,website/public/cards.json#/cards[id=263]/arts.0,engine.mjs#printed Arts resolution,ALIGNED,,FOCUSED_PASS,simulator-hsd04-011-014-text-alignment.test.mjs
hSD04-011:extra,hSD04-011,姫森ルーナ,extra,EFFECT_TEXT,website/public/cards.json#/cards[id=263]/extra,engine.mjs#queuePlay and bloomTargets,ALIGNED,,FOCUSED_PASS,simulator-hsd04-011-014-text-alignment.test.mjs
hSD04-011:keyword,hSD04-011,姫森ルーナ,keyword,EFFECT_TEXT,website/public/cards.json#/cards[id=263]/keyword,engine.mjs#queueCollabEffects and giftRaoraPowerPick/giftHandToPower,ALIGNED,,FOCUSED_PASS,simulator-hsd04-011-014-text-alignment.test.mjs
hSD04-012:abilityText,hSD04-012,スバちょこルーナ,abilityText,EFFECT_TEXT,website/public/cards.json#/cards[id=264]/abilityText,effect-catalog.mjs#TOP_LOOK_EFFECTS and engine.mjs#playFromHand/playTopLookSupport/resolveChoice,ALIGNED,,FOCUSED_PASS,simulator-hsd04-011-014-text-alignment.test.mjs
hSD04-013:abilityText,hSD04-013,ちょこのオムライス,abilityText,EFFECT_TEXT,website/public/cards.json#/cards[id=265]/abilityText,effect-catalog.mjs#EXTENDED_SUPPORT_EFFECTS and engine.mjs#playExtendedSupport/chocoOmeletteTarget,ALIGNED,,FOCUSED_PASS,simulator-hsd04-011-014-text-alignment.test.mjs
hSD04-014:abilityText,hSD04-014,しょこら,abilityText,EFFECT_TEXT,website/public/cards.json#/cards[id=266]/abilityText,engine.mjs#attachmentTargets/attachmentHpBonus/queueAttachmentBloomEffects,ALIGNED,,FOCUSED_PASS,simulator-hsd04-011-014-text-alignment.test.mjs
hSD05-001:oshiSkill,hSD05-001,轟はじめ,oshiSkill,EFFECT_TEXT,website/public/cards.json#/cards[id=517]/oshiSkill,engine.mjs#resolveNormalOshiSkill white-center cost and turn gate,ALIGNED,,FOCUSED_PASS,simulator-hsd05-001-005-text-alignment.test.mjs
hSD05-001:spOshiSkill,hSD05-001,轟はじめ,spOshiSkill,EFFECT_TEXT,website/public/cards.json#/cards[id=517]/spOshiSkill,oshi-skill-catalog.mjs#REACTIVE_SP_OSHI and engine.mjs#oshiDamageReaction,ALIGNED,,FOCUSED_PASS,simulator-hsd05-001-005-text-alignment.test.mjs;simulator-reaction-audit.test.mjs
hSD05-002:arts.0,hSD05-002,轟はじめ,arts.0,BASIC_ACTION,website/public/cards.json#/cards[id=518;858;hbp09-hSD05-002_C_02;hbp09-hSD05-002_HR]/arts.0,engine.mjs#attack plus card catalog unlimited metadata,ALIGNED,,FOCUSED_PASS,simulator-hsd05-001-005-text-alignment.test.mjs
hSD05-002:extra,hSD05-002,轟はじめ,extra,EFFECT_TEXT,website/public/cards.json#/cards[id=518;858;hbp09-hSD05-002_C_02;hbp09-hSD05-002_HR]/extra,cards.json#unlimited/maxCopies,ALIGNED,,FOCUSED_PASS,simulator-hsd05-001-005-text-alignment.test.mjs
hSD05-003:arts.0,hSD05-003,轟はじめ,arts.0,BASIC_ACTION,website/public/cards.json#/cards[id=519]/arts.0,engine.mjs#attack,ALIGNED,,FOCUSED_PASS,simulator-hsd05-001-005-text-alignment.test.mjs
hSD05-003:keyword,hSD05-003,轟はじめ,keyword,EFFECT_TEXT,website/public/cards.json#/cards[id=519]/keyword,engine.mjs#queueSimpleTriggeredKeyword Collab Center modifier,ALIGNED,,FOCUSED_PASS,simulator-hsd05-001-005-text-alignment.test.mjs
hSD05-004:arts.0,hSD05-004,轟はじめ,arts.0,BASIC_ACTION,website/public/cards.json#/cards[id=520]/arts.0,engine.mjs#attack,ALIGNED,,FOCUSED_PASS,simulator-hsd05-001-005-text-alignment.test.mjs
hSD05-005:arts.0,hSD05-005,轟はじめ,arts.0,BASIC_ACTION,website/public/cards.json#/cards[id=521]/arts.0,engine.mjs#attack,ALIGNED,,FOCUSED_PASS,simulator-hsd05-001-005-text-alignment.test.mjs
hSD05-005:arts.1,hSD05-005,轟はじめ,arts.1,BASIC_ACTION,website/public/cards.json#/cards[id=521]/arts.1,engine.mjs#attack,ALIGNED,,FOCUSED_PASS,simulator-hsd05-001-005-text-alignment.test.mjs
hSD05-006:arts.0,hSD05-006,轟はじめ,arts.0,BASIC_ACTION,website/public/cards.json#/cards[id=522]/arts.0,engine.mjs#attack,ALIGNED,,FOCUSED_PASS,simulator-hsd05-006-010-text-alignment.test.mjs
hSD05-006:arts.1,hSD05-006,轟はじめ,arts.1,EFFECT_TEXT,website/public/cards.json#/cards[id=522]/arts.1,engine.mjs#specialArtsBonus different-name ReGLOSS count,ALIGNED,,FOCUSED_PASS,simulator-hsd05-006-010-text-alignment.test.mjs
hSD05-007:arts.0,hSD05-007,轟はじめ,arts.0,BASIC_ACTION,website/public/cards.json#/cards[id=523;heb01-hSD05-007-U-1;heb01-hSD05-007-SR-2]/arts.0,engine.mjs#attack,ALIGNED,,FOCUSED_PASS,simulator-hsd05-006-010-text-alignment.test.mjs
hSD05-007:keyword,hSD05-007,轟はじめ,keyword,EFFECT_TEXT,website/public/cards.json#/cards[id=523;heb01-hSD05-007-U-1;heb01-hSD05-007-SR-2]/keyword,engine.mjs#queueBloomEffects generic draw trigger,ALIGNED,,FOCUSED_PASS,simulator-hsd05-006-010-text-alignment.test.mjs
hSD05-008:arts.0,hSD05-008,轟はじめ,arts.0,EFFECT_TEXT,website/public/cards.json#/cards[id=524]/arts.0,engine.mjs#resolveGenericArtEffects artBuffTarget,ALIGNED,,FOCUSED_PASS,simulator-hsd05-006-010-text-alignment.test.mjs
hSD05-008:extra,hSD05-008,轟はじめ,extra,EFFECT_TEXT,website/public/cards.json#/cards[id=524]/extra,engine.mjs#Buzz knockout Life loss,ALIGNED,,FOCUSED_PASS,simulator-hsd05-006-010-text-alignment.test.mjs
hSD05-009:arts.0,hSD05-009,轟はじめ,arts.0,EFFECT_TEXT,website/public/cards.json#/cards[id=525;764]/arts.0,engine.mjs#specialArtsBonus and color target modifier,ALIGNED,,FOCUSED_PASS,simulator-hsd05-006-010-text-alignment.test.mjs
hSD05-009:keyword,hSD05-009,轟はじめ,keyword,EFFECT_TEXT,website/public/cards.json#/cards[id=525;764]/keyword,engine.mjs#queueSimpleTriggeredKeyword deckToHandShuffle,ALIGNED,,FOCUSED_PASS,simulator-hsd05-006-010-text-alignment.test.mjs
hSD05-010:arts.0,hSD05-010,儒烏風亭らでん,arts.0,EFFECT_TEXT,website/public/cards.json#/cards[id=526]/arts.0,engine.mjs#resolveGenericArtEffects archiveCheerToStage,ALIGNED,,FOCUSED_PASS,simulator-hsd05-006-010-text-alignment.test.mjs
hSD05-011:arts.0,hSD05-011,一条莉々華,arts.0,BASIC_ACTION,website/public/cards.json#/cards[id=527;1723]/arts.0,engine.mjs#artsDamage/effectiveArtCost (Website and Android source),ALIGNED,,FOCUSED_PASS,tests/simulator-hsd05-011-014-text-alignment.test.mjs: 20 Arts for one Colorless; hSD05-011 Collab draw also tested
hSD05-011:keyword,hSD05-011,一条莉々華,keyword,EFFECT_TEXT,website/public/cards.json#/cards[id=527;1723]/keyword,engine.mjs#simpleKeywordCondition + queueSimpleTriggeredKeyword draw resolver (Website and Android source),ALIGNED,,FOCUSED_PASS,tests/simulator-hsd05-011-014-text-alignment.test.mjs: draws at hand<=5 only when own Center has #ReGLOSS
hSD05-012:arts.0,hSD05-012,火威青,arts.0,BASIC_ACTION,website/public/cards.json#/cards[id=528]/arts.0,engine.mjs#artsDamage/effectiveArtCost (Website and Android source),ALIGNED,,FOCUSED_PASS,tests/simulator-hsd05-011-014-text-alignment.test.mjs: 20 Arts for one Colorless; Collab special damage tested
hSD05-012:keyword,hSD05-012,火威青,keyword,EFFECT_TEXT,website/public/cards.json#/cards[id=528]/keyword,engine.mjs#queueSimpleTriggeredKeyword specialDamage and stageTarget resolution (Website and Android source),ALIGNED,,FOCUSED_PASS,tests/simulator-hsd05-011-014-text-alignment.test.mjs: 10 special damage can target opponent Center or Back only
hSD05-013:arts.0,hSD05-013,音乃瀬奏,arts.0,BASIC_ACTION,website/public/cards.json#/cards[id=529]/arts.0,engine.mjs#artsDamage/effectiveArtCost (Website and Android source),ALIGNED,,FOCUSED_PASS,tests/simulator-hsd05-011-014-text-alignment.test.mjs: 20 Arts for one Colorless; Cheer transfer tested
hSD05-013:keyword,hSD05-013,音乃瀬奏,keyword,EFFECT_TEXT,website/public/cards.json#/cards[id=529]/keyword,engine.mjs#queueGenericStageCheerMove + resolveChoice genericMoveCheer (Website and Android source),ALIGNED,,FOCUSED_PASS,tests/simulator-hsd05-011-014-text-alignment.test.mjs: moves Cheer to a different own Holomen; effect source is excluded
hSD05-014:abilityText,hSD05-014,ばんぺん,abilityText,EFFECT_TEXT,website/public/cards.json#/cards[id=531]/abilityText,engine.mjs#attachmentTargets/attachmentArtsBonus/attachmentHpBonus (Website and Android source),ALIGNED,,FOCUSED_PASS,tests/simulator-hsd05-011-014-text-alignment.test.mjs: Arts+10
hSD06-001:oshiSkill,hSD06-001,風真いろは,oshiSkill,EFFECT_TEXT,website/public/cards.json#/cards[id=532]/oshiSkill,engine.mjs#resolveOshiSkill Green Center Arts modifier (Website and Android source),ALIGNED,,FOCUSED_PASS,tests/simulator-hsd06-001-005-text-alignment.test.mjs: cost 2 Power; own Green Center +20 this turn; once-per-turn gate
hSD06-001:spOshiSkill,hSD06-001,風真いろは,spOshiSkill,EFFECT_TEXT,website/public/cards.json#/cards[id=532]/spOshiSkill,engine.mjs#resolveSpOshiSkill Green-stage healing (Website and Android source),ALIGNED,,FOCUSED_PASS,tests/simulator-hsd06-001-005-text-alignment.test.mjs: cost 1 Power; heal every own Green Holomen 20; once-per-game gate
hSD06-002:arts.0,hSD06-002,風真いろは,arts.0,BASIC_ACTION,website/public/cards.json#/cards[id=534]/arts.0,engine.mjs#artsDamage/effectiveArtCost (Website and Android source),ALIGNED,,FOCUSED_PASS,tests/simulator-hsd06-001-005-text-alignment.test.mjs: 20 Arts for one Colorless
hSD06-002:keyword,hSD06-002,風真いろは,keyword,EFFECT_TEXT,website/public/cards.json#/cards[id=534]/keyword,engine.mjs#queueSimpleTriggeredKeyword heal resolver (Website and Android source),ALIGNED,,FOCUSED_PASS,tests/simulator-hsd06-001-005-text-alignment.test.mjs: Collab selects and heals an own Holomen 10
hSD06-003:arts.0,hSD06-003,風真いろは,arts.0,EFFECT_TEXT,website/public/cards.json#/cards[id=535]/arts.0,engine.mjs#hbp09Legacy_resolveGenericArtEffects center-damage gate (Website and Android source),ALIGNED,,FOCUSED_PASS,tests/simulator-hsd06-001-005-text-alignment.test.mjs: base 30 Green; +10 iff own Center has damage
hSD06-004:arts.0,hSD06-004,風真いろは,arts.0,BASIC_ACTION,website/public/cards.json#/cards[id=536]/arts.0,engine.mjs#artsDamage/effectiveArtCost (Website and Android source),ALIGNED,,FOCUSED_PASS,tests/simulator-hsd06-001-005-text-alignment.test.mjs: 60 Arts for Green plus Colorless
hSD06-005:arts.0,hSD06-005,風真いろは,arts.0,BASIC_ACTION,website/public/cards.json#/cards[id=537;1721;heb01-hSD06-005-C-1;heb01-hSD06-005-SR-2]/arts.0,engine.mjs#artsDamage/effectiveArtCost (Website and Android source),ALIGNED,,FOCUSED_PASS,tests/simulator-hsd06-001-005-text-alignment.test.mjs: 30 Arts for Green; Bloom trigger verified
hSD06-005:keyword,hSD06-005,風真いろは,keyword,EFFECT_TEXT,website/public/cards.json#/cards[id=537;1721;heb01-hSD06-005-C-1;heb01-hSD06-005-SR-2]/keyword,engine.mjs#queueSimpleTriggeredKeyword/eventCheerTarget (Website and Android source),ALIGNED,,FOCUSED_PASS,tests/simulator-hsd06-001-005-text-alignment.test.mjs: top Cheer attaches to own #秘密結社holoX Holomen only
hSD06-006:arts.0,hSD06-006,風真いろは,arts.0,BASIC_ACTION,website/public/cards.json#/cards[id=539;1452]/arts.0,engine.mjs#artsDamage/effectiveArtCost (Website and Android source),ALIGNED,,FOCUSED_PASS,tests/simulator-hsd06-006-010-text-alignment.test.mjs: 50 Arts for Green plus Colorless
hSD06-006:extra,hSD06-006,風真いろは,extra,EFFECT_TEXT,website/public/cards.json#/cards[id=539;1452]/extra,engine.mjs#Buzz knockout settlement (Website and Android source),ALIGNED,,FOCUSED_PASS,tests/simulator-hsd06-006-010-text-alignment.test.mjs: Buzz knockout costs exactly two Life
hSD06-006:keyword,hSD06-006,風真いろは,keyword,EFFECT_TEXT,website/public/cards.json#/cards[id=539;1452]/keyword,engine.mjs#queueSimpleTriggeredKeyword named-support deck search (Website and Android source),ALIGNED,,FOCUSED_PASS,tests/simulator-hsd06-006-010-text-alignment.test.mjs: searches Chaki-maru or Pokobee; adds one and shuffles
hSD06-007:arts.0,hSD06-007,風真いろは,arts.0,EFFECT_TEXT,website/public/cards.json#/cards[id=540;765]/arts.0,engine.mjs#generic Arts stage-cheer threshold parser (Website and Android source),FIXED,engine.mjs#skip unconditional fixed bonus; add threshold-gated own-stage Cheer bonus,FOCUSED_PASS,tests/simulator-hsd06-006-010-text-alignment.test.mjs: +50 only at 5 own stage Cheer; separate Blue target +50; suppress Bloom heal during Arts
hSD06-007:keyword,hSD06-007,風真いろは,keyword,EFFECT_TEXT,website/public/cards.json#/cards[id=540;765]/keyword,engine.mjs#queueSimpleTriggeredKeyword Bloom heal (Website and Android source),FIXED,engine.mjs#prevent Bloom-only heal handler from firing during Arts resolution,FOCUSED_PASS,tests/simulator-hsd06-006-010-text-alignment.test.mjs: heals #秘密結社holoX only on Bloom; no heal target prompt from Arts
hSD06-008:arts.0,hSD06-008,博衣こより,arts.0,BASIC_ACTION,website/public/cards.json#/cards[id=541;1718]/arts.0,engine.mjs#artsDamage/effectiveArtCost (Website and Android source),ALIGNED,,FOCUSED_PASS,tests/simulator-hsd06-006-010-text-alignment.test.mjs: 10 Arts for one Colorless
hSD06-008:keyword,hSD06-008,博衣こより,keyword,EFFECT_TEXT,website/public/cards.json#/cards[id=541;1718]/keyword,engine.mjs#simpleKeywordCondition + queueSimpleTriggeredKeyword draw resolver (Website and Android source),ALIGNED,,FOCUSED_PASS,tests/simulator-hsd06-006-010-text-alignment.test.mjs: draws at hand<=5 only with #秘密結社holoX Center
hSD06-009:arts.0,hSD06-009,鷹嶺ルイ,arts.0,EFFECT_TEXT,website/public/cards.json#/cards[id=542]/arts.0,engine.mjs#genericArtsArchiveToHand (Website and Android source),ALIGNED,,FOCUSED_PASS,tests/simulator-hsd06-006-010-text-alignment.test.mjs: optional recovery restricted to archived holoX Debut
hSD06-010:arts.0,hSD06-010,ラプラス・ダークネス,arts.0,EFFECT_TEXT,website/public/cards.json#/cards[id=543]/arts.0,engine.mjs#Collab art-position and SP-used-turn modifiers (Website and Android source),ALIGNED,,FOCUSED_PASS,tests/simulator-hsd06-006-010-text-alignment.test.mjs: Collab-only; +50 iff SP Oshi was used this turn
hSD06-011:abilityText,hSD06-011,ﾁｬｷ丸,abilityText,EFFECT_TEXT,website/public/cards.json#/cards[id=544;1728]/abilityText,Website+Android engine.mjs#queueAttachmentDamagedTriggers/attachmentArtsBonus/attachmentTargets,ALIGNED,,FOCUSED_PASS,simulator-hsd06-011-012-text-alignment.test.mjs (16/16 paired source tests)
hSD06-012:abilityText,hSD06-012,ぽこべぇ,abilityText,EFFECT_TEXT,website/public/cards.json#/cards[id=545]/abilityText,Website+Android engine.mjs#attachmentHpBonus/attachmentTargets,ALIGNED,,FOCUSED_PASS,simulator-hsd06-011-012-text-alignment.test.mjs (16/16 paired source tests)
hSD07-001:oshiSkill,hSD07-001,不知火フレア,oshiSkill,EFFECT_TEXT,website/public/cards.json#/cards[id=546]/oshiSkill,Website+Android engine.mjs#activateOshiSkill/hbp09Legacy_resolveNormalOshiSkill,ALIGNED,,FOCUSED_PASS,simulator-hsd07-001-005-text-alignment.test.mjs (16/16 paired source tests)
hSD07-001:spOshiSkill,hSD07-001,不知火フレア,spOshiSkill,EFFECT_TEXT,website/public/cards.json#/cards[id=546]/spOshiSkill,Website+Android engine.mjs#activateOshiSkill/hbp09Legacy_resolveSpOshiSkill/oshiStarterOwnSwap,ALIGNED,,FOCUSED_PASS,simulator-hsd07-001-005-text-alignment.test.mjs (16/16 paired source tests)
hSD07-002:arts.0,hSD07-002,不知火フレア,arts.0,BASIC_ACTION,website/public/cards.json#/cards[id=1263;547;1374;859]/arts.0,cards.json#arts; Website+Android engine.mjs#attack/effectiveArtCost,ALIGNED,,FOCUSED_PASS,simulator-hsd07-001-005-text-alignment.test.mjs (16/16 paired source tests)
hSD07-002:arts.1,hSD07-002,不知火フレア,arts.1,BASIC_ACTION,website/public/cards.json#/cards[id=1263;547;1374;859]/arts.1,cards.json#arts; Website+Android engine.mjs#attack/effectiveArtCost,ALIGNED,,FOCUSED_PASS,simulator-hsd07-001-005-text-alignment.test.mjs (16/16 paired source tests)
hSD07-002:extra,hSD07-002,不知火フレア,extra,EFFECT_TEXT,website/public/cards.json#/cards[id=1263;547;1374;859]/extra,cards.json#extra; Website+Android engine.mjs#validateBattleDeck/cardIsUnlimitedDebut,ALIGNED,,FOCUSED_PASS,simulator-hsd07-001-005-text-alignment.test.mjs (16/16 paired source tests)
hSD07-003:arts.0,hSD07-003,不知火フレア,arts.0,BASIC_ACTION,website/public/cards.json#/cards[id=548]/arts.0,cards.json#arts.0; Website+Android engine.mjs#attack,ALIGNED,,FOCUSED_PASS,simulator-hsd07-001-005-text-alignment.test.mjs (16/16 paired source tests)
hSD07-003:keyword,hSD07-003,不知火フレア,keyword,EFFECT_TEXT,website/public/cards.json#/cards[id=548]/keyword,Website+Android engine.mjs#queueCollabEffects/queueSimpleTriggeredKeyword/simpleKeywordCondition/queueDeckCardsToStage/simpleSearchRule,FIXED,Website+Android engine.mjs#simpleSearchRule strips quoted card names before parsing colors,FOCUSED_PASS,simulator-hsd07-001-005-text-alignment.test.mjs (16/16 paired source tests)
hSD07-004:arts.0,hSD07-004,不知火フレア,arts.0,EFFECT_TEXT,website/public/cards.json#/cards[id=549]/arts.0,cards.json#arts.0; Website+Android engine.mjs#hbp09Legacy_resolveGenericArtEffects/attack,ALIGNED,,FOCUSED_PASS,simulator-hsd07-001-005-text-alignment.test.mjs (16/16 paired source tests)
hSD07-005:arts.0,hSD07-005,不知火フレア,arts.0,BASIC_ACTION,website/public/cards.json#/cards[id=550;2186]/arts.0,cards.json#arts; Website+Android engine.mjs#attack/effectiveArtCost,ALIGNED,,FOCUSED_PASS,simulator-hsd07-001-005-text-alignment.test.mjs (16/16 paired source tests)
hSD07-005:arts.1,hSD07-005,不知火フレア,arts.1,BASIC_ACTION,website/public/cards.json#/cards[id=550;2186]/arts.1,cards.json#arts; Website+Android engine.mjs#attack/effectiveArtCost,ALIGNED,,FOCUSED_PASS,simulator-hsd07-001-005-text-alignment.test.mjs (16/16 paired source tests)
hSD07-006:arts.0,hSD07-006,不知火フレア,arts.0,EFFECT_TEXT,website/public/cards.json#/cards[id=551]/arts.0,engine.mjs#artConditionApplies and resolveGenericArtEffects life threshold +30,ALIGNED,,FOCUSED_PASS,website/tests/simulator-hsd07-006-010-text-alignment.test.mjs — 20/20 paired Website/current Android source checks
hSD07-006:keyword,hSD07-006,不知火フレア,keyword,EFFECT_TEXT,website/public/cards.json#/cards[id=551]/keyword,"engine.mjs#queueSimpleTriggeredKeyword exact Elfriend deck search, hand add, shuffle",ALIGNED,,FOCUSED_PASS,website/tests/simulator-hsd07-006-010-text-alignment.test.mjs — 20/20 paired Website/current Android source checks
hSD07-007:arts.0,hSD07-007,不知火フレア,arts.0,BASIC_ACTION,website/public/cards.json#/cards[id=552;1705]/arts.0,engine.mjs#base Arts resolver; Yellow + Colorless cost and 40 damage,ALIGNED,,FOCUSED_PASS,website/tests/simulator-hsd07-006-010-text-alignment.test.mjs — 20/20 paired Website/current Android source checks
hSD07-007:keyword,hSD07-007,不知火フレア,keyword,EFFECT_TEXT,website/public/cards.json#/cards[id=552;1705]/keyword,engine.mjs#queueBloomEffects backstage-only swap at Collab remaining HP <=70,ALIGNED,,FOCUSED_PASS,website/tests/simulator-hsd07-006-010-text-alignment.test.mjs — 20/20 paired Website/current Android source checks
hSD07-008:arts.0,hSD07-008,不知火フレア,arts.0,EFFECT_TEXT,website/public/cards.json#/cards[id=553]/arts.0,engine.mjs#resolveGenericArtEffects optional archived Elfriend attachment to source Flare,ALIGNED,,FOCUSED_PASS,website/tests/simulator-hsd07-006-010-text-alignment.test.mjs — 20/20 paired Website/current Android source checks
hSD07-008:extra,hSD07-008,不知火フレア,extra,EFFECT_TEXT,website/public/cards.json#/cards[id=553]/extra,engine.mjs#knockOutUnit Buzz two-Life loss,ALIGNED,,FOCUSED_PASS,website/tests/simulator-hsd07-006-010-text-alignment.test.mjs — 20/20 paired Website/current Android source checks
hSD07-009:arts.0,hSD07-009,不知火フレア,arts.0,EFFECT_TEXT,website/public/cards.json#/cards[id=554;766]/arts.0,engine.mjs#artConditionApplies and resolveGenericArtEffects life threshold +70,ALIGNED,,FOCUSED_PASS,website/tests/simulator-hsd07-006-010-text-alignment.test.mjs — 20/20 paired Website/current Android source checks
hSD07-009:keyword,hSD07-009,不知火フレア,keyword,EFFECT_TEXT,website/public/cards.json#/cards[id=554;766]/keyword,"engine.mjs#gift damage adjustment, Center-only -10",ALIGNED,,FOCUSED_PASS,website/tests/simulator-hsd07-006-010-text-alignment.test.mjs — 20/20 paired Website/current Android source checks
hSD07-010:arts.0,hSD07-010,白銀ノエル,arts.0,BASIC_ACTION,website/public/cards.json#/cards[id=555]/arts.0,engine.mjs#base Arts resolver; Colorless cost and 20 damage,ALIGNED,,FOCUSED_PASS,website/tests/simulator-hsd07-006-010-text-alignment.test.mjs — 20/20 paired Website/current Android source checks
hSD07-010:keyword,hSD07-010,白銀ノエル,keyword,EFFECT_TEXT,website/public/cards.json#/cards[id=555]/keyword,engine.mjs#queueCollabEffects -> queueSimpleTriggeredKeyword; Center Arts +10 this turn,ALIGNED,,FOCUSED_PASS,website/tests/simulator-hsd07-006-010-text-alignment.test.mjs — 20/20 paired Website/current Android source checks
hSD07-011:arts.0,hSD07-011,さくらみこ,arts.0,BASIC_ACTION,website/public/cards.json#/cards[id=556]/arts.0,engine.mjs#attack; printed Arts cost and damage via production attack resolver,ALIGNED,,FOCUSED_PASS,"tests/simulator-hsd07-011-014-text-alignment.test.mjs (Website/current Android 10/10); focused adjacent regressions (13 files, 123/123)"
hSD07-011:keyword,hSD07-011,さくらみこ,keyword,EFFECT_TEXT,website/public/cards.json#/cards[id=556]/keyword,engine.mjs#queueSimpleTriggeredKeyword -> specialDamage; fixed 10 to opponent Center,ALIGNED,,FOCUSED_PASS,"tests/simulator-hsd07-011-014-text-alignment.test.mjs (Website/current Android 10/10); focused adjacent regressions (13 files, 123/123)"
hSD07-012:arts.0,hSD07-012,尾丸ポルカ,arts.0,BASIC_ACTION,website/public/cards.json#/cards[id=557]/arts.0,engine.mjs#attack; printed Arts cost and damage via production attack resolver,ALIGNED,,FOCUSED_PASS,"tests/simulator-hsd07-011-014-text-alignment.test.mjs (Website/current Android 10/10); focused adjacent regressions (13 files, 123/123)"
hSD07-012:keyword,hSD07-012,尾丸ポルカ,keyword,EFFECT_TEXT,website/public/cards.json#/cards[id=557]/keyword,engine.mjs#queueSimpleTriggeredKeyword -> Center-name and strict hand-count gate -> drawCards(1),ALIGNED,,FOCUSED_PASS,"tests/simulator-hsd07-011-014-text-alignment.test.mjs (Website/current Android 10/10); focused adjacent regressions (13 files, 123/123)"
hSD07-013:arts.0,hSD07-013,星街すいせい,arts.0,BASIC_ACTION,website/public/cards.json#/cards[id=558]/arts.0,engine.mjs#attack; printed Arts cost and damage via production attack resolver,ALIGNED,,FOCUSED_PASS,"tests/simulator-hsd07-011-014-text-alignment.test.mjs (Website/current Android 10/10); focused adjacent regressions (13 files, 123/123)"
hSD07-013:keyword,hSD07-013,星街すいせい,keyword,EFFECT_TEXT,website/public/cards.json#/cards[id=558]/keyword,engine.mjs#hSD07-013 Collab -> enqueueArchiveCheerToTarget -> archiveCheerToStage -> attachArchiveCheerCard,ALIGNED,,FOCUSED_PASS,"tests/simulator-hsd07-011-014-text-alignment.test.mjs (Website/current Android 10/10); focused adjacent regressions (13 files, 123/123)"
hSD07-014:abilityText,hSD07-014,不知火建設,abilityText,EFFECT_TEXT,website/public/cards.json#/cards[id=559;860]/abilityText,effect-catalog.mjs#TOP_LOOK_EFFECTS -> engine.mjs#playTopLookSupport -> topLookToHand/bottomOrder; hand/LIMITED gates,ALIGNED,,FOCUSED_PASS,"tests/simulator-hsd07-011-014-text-alignment.test.mjs (Website/current Android 10/10); focused adjacent regressions (13 files, 123/123)"
hSD07-015:abilityText,hSD07-015,エルフレンド,abilityText,EFFECT_TEXT,website/public/cards.json#/cards[id=560]/abilityText,engine.mjs#attachmentTargets -> attachSupport; attachmentHpBonus -> attachmentBlocks HP+10 per attached copy,ALIGNED,,FOCUSED_PASS,"tests/simulator-hsd07-015-text-alignment.test.mjs (Website/current Android 6/6); hSD07 and Fan/attachment regressions (7 files, 60/60)"
hSD08-001:oshiSkill,hSD08-001,天音かなた,oshiSkill,EFFECT_TEXT,website/public/cards.json#/cards[id=1138]/oshiSkill,engine.mjs#activateOshiSkill -> resolveNormalOshiSkill -> white Center Arts modifier; 2 Power/turn gate,ALIGNED,,FOCUSED_PASS,tests/simulator-hsd08-001-007-text-alignment.test.mjs (Website/current Android 18/18); 8-file Oshi/search/starter/engine regressions (191/191)
hSD08-001:spOshiSkill,hSD08-001,天音かなた,spOshiSkill,EFFECT_TEXT,website/public/cards.json#/cards[id=1138]/spOshiSkill,oshi-skill-catalog#REACTIVE_SP_OSHI + engine.mjs#prepareOshiDamageReaction -> payReactiveOshi -> dealArtsDamage reduction,ALIGNED,,FOCUSED_PASS,tests/simulator-hsd08-001-007-text-alignment.test.mjs (Website/current Android 18/18); 8-file Oshi/search/starter/engine regressions (191/191)
hSD08-002:arts.0,hSD08-002,天音かなた,arts.0,BASIC_ACTION,website/public/cards.json#/cards[id=1139;1155]/arts.0,engine.mjs#attack; printed Arts damage and Colorless cost via production resolver,ALIGNED,,FOCUSED_PASS,tests/simulator-hsd08-001-007-text-alignment.test.mjs (Website/current Android 18/18); 8-file Oshi/search/starter/engine regressions (191/191)
hSD08-002:keyword,hSD08-002,天音かなた,keyword,EFFECT_TEXT,website/public/cards.json#/cards[id=1139;1155]/keyword,engine.mjs#queueSimpleTriggeredKeyword -> queueGenericTopLook -> genericTopLook/bottomOrder; 5-card #Summer Debut filter,ALIGNED,,FOCUSED_PASS,tests/simulator-hsd08-001-007-text-alignment.test.mjs (Website/current Android 18/18); 8-file Oshi/search/starter/engine regressions (191/191)
hSD08-003:arts.0,hSD08-003,天音かなた,arts.0,EFFECT_TEXT,website/public/cards.json#/cards[id=1140]/arts.0,engine.mjs#attack + calculate art bonus; per-own-#Summer count and Green special-value catalog metadata,ALIGNED,,FOCUSED_PASS,tests/simulator-hsd08-001-007-text-alignment.test.mjs (Website/current Android 18/18); 8-file Oshi/search/starter/engine regressions (191/191)
hSD08-003:keyword,hSD08-003,天音かなた,keyword,EFFECT_TEXT,website/public/cards.json#/cards[id=1140]/keyword,"engine.mjs#queueBloomEffects -> queueDeckToHand; #4期生 Debut filter, add-to-hand, deck shuffle",ALIGNED,,FOCUSED_PASS,tests/simulator-hsd08-001-007-text-alignment.test.mjs (Website/current Android 18/18); 8-file Oshi/search/starter/engine regressions (191/191)
hSD08-004:arts.0,hSD08-004,天音かなた,arts.0,EFFECT_TEXT,website/public/cards.json#/cards[id=1141;1453]/arts.0,engine.mjs#attack specialTargets + queueArtKnockoutEffects#hSD08-004; once-per-turn Center-KO -> opposing 2nd special damage,ALIGNED,,FOCUSED_PASS,tests/simulator-hsd08-001-007-text-alignment.test.mjs (Website/current Android 18/18); 8-file Oshi/search/starter/engine regressions (191/191)
hSD08-004:keyword,hSD08-004,天音かなた,keyword,EFFECT_TEXT,website/public/cards.json#/cards[id=1141;1453]/keyword,"engine.mjs#giftArtsBonus -> hbp09Legacy_giftArtsBonus; center-only Gift, own Collab #4期生 Debut +40",ALIGNED,,FOCUSED_PASS,tests/simulator-hsd08-001-007-text-alignment.test.mjs (Website/current Android 18/18); 8-file Oshi/search/starter/engine regressions (191/191)
hSD08-005:arts.0,hSD08-005,姫森ルーナ,arts.0,BASIC_ACTION,website/public/cards.json#/cards[id=1142;1156]/arts.0,engine.mjs#attack; printed Arts damage and Colorless cost via production resolver,ALIGNED,,FOCUSED_PASS,tests/simulator-hsd08-001-007-text-alignment.test.mjs (Website/current Android 18/18); 8-file Oshi/search/starter/engine regressions (191/191)
hSD08-005:keyword,hSD08-005,姫森ルーナ,keyword,EFFECT_TEXT,website/public/cards.json#/cards[id=1142;1156]/keyword,"engine.mjs#queueGiftKnockoutEffects; opponent-turn KO, Life comparison and Archive PC supportItem filter",ALIGNED,,FOCUSED_PASS,tests/simulator-hsd08-001-007-text-alignment.test.mjs (Website/current Android 18/18); 8-file Oshi/search/starter/engine regressions (191/191)
hSD08-006:arts.0,hSD08-006,常闇トワ,arts.0,BASIC_ACTION,website/public/cards.json#/cards[id=1143;1157]/arts.0,engine.mjs#attack; printed Arts damage and Colorless cost via production resolver,ALIGNED,,FOCUSED_PASS,tests/simulator-hsd08-001-007-text-alignment.test.mjs (Website/current Android 18/18); 8-file Oshi/search/starter/engine regressions (191/191)
hSD08-006:keyword,hSD08-006,常闇トワ,keyword,EFFECT_TEXT,website/public/cards.json#/cards[id=1143;1157]/keyword,"engine.mjs#queueSimpleTriggeredKeyword hSD08-006; second-player first-turn gate -> 20, otherwise 10 special damage",ALIGNED,,FOCUSED_PASS,tests/simulator-hsd08-001-007-text-alignment.test.mjs (Website/current Android 18/18); 8-file Oshi/search/starter/engine regressions (191/191)
hSD08-007:arts.0,hSD08-007,角巻わため,arts.0,BASIC_ACTION,website/public/cards.json#/cards[id=1144;1158;heb01-hSD08-007-C-1;heb01-hSD08-007-SR-2]/arts.0,engine.mjs#attack; printed Arts damage and Colorless cost via production resolver,ALIGNED,,FOCUSED_PASS,tests/simulator-hsd08-001-007-text-alignment.test.mjs (Website/current Android 18/18); 8-file Oshi/search/starter/engine regressions (191/191)
hSD08-007:keyword,hSD08-007,角巻わため,keyword,EFFECT_TEXT,website/public/cards.json#/cards[id=1144;1158;heb01-hSD08-007-C-1;heb01-hSD08-007-SR-2]/keyword,engine.mjs#queueSimpleTriggeredKeyword -> enqueueArchiveCheerToTarget -> archiveCheerToStage; #4期生 2nd target,ALIGNED,,FOCUSED_PASS,tests/simulator-hsd08-001-007-text-alignment.test.mjs (Website/current Android 18/18); 8-file Oshi/search/starter/engine regressions (191/191)
hSD09-001:oshiSkill,hSD09-001,宝鐘マリン,oshiSkill,EFFECT_TEXT,website/public/cards.json#/cards[id=1147]/oshiSkill,engine.mjs#resolveNormalOshiSkill Red Center +20 for current turn; 2-Power and once-per-turn gate,ALIGNED,,FOCUSED_PASS,tests/simulator-hsd09-001-007-text-alignment.test.mjs
hSD09-001:spOshiSkill,hSD09-001,宝鐘マリン,spOshiSkill,EFFECT_TEXT,website/public/cards.json#/cards[id=1147]/spOshiSkill,engine.mjs#resolveSpOshiSkill mandatory one Red Holomen from Archive; 1-Power and once-per-game gate,ALIGNED,,FOCUSED_PASS,tests/simulator-hsd09-001-007-text-alignment.test.mjs
hSD09-002:arts.0,hSD09-002,宝鐘マリン,arts.0,BASIC_ACTION,website/public/cards.json#/cards[id=1148;1160;heb01-hSD09-002-U-1;heb01-hSD09-002-SR-2]/arts.0,engine.mjs#cardArts 20 damage for Colorless,ALIGNED,,FOCUSED_PASS,tests/simulator-hsd09-001-007-text-alignment.test.mjs
hSD09-002:keyword,hSD09-002,宝鐘マリン,keyword,EFFECT_TEXT,website/public/cards.json#/cards[id=1148;1160;heb01-hSD09-002-U-1;heb01-hSD09-002-SR-2]/keyword,engine.mjs#queueSimpleTriggeredKeyword look at five; mandatory #Summer Debut to hand; order remaining at deck bottom,ALIGNED,,FOCUSED_PASS,tests/simulator-hsd09-001-007-text-alignment.test.mjs
hSD09-003:arts.0,hSD09-003,宝鐘マリン,arts.0,BASIC_ACTION,website/public/cards.json#/cards[id=1149]/arts.0,engine.mjs#cardArts 50 damage for Red and Colorless,ALIGNED,,FOCUSED_PASS,tests/simulator-hsd09-001-007-text-alignment.test.mjs
hSD09-003:extra,hSD09-003,宝鐘マリン,extra,EFFECT_TEXT,website/public/cards.json#/cards[id=1149]/extra,engine.mjs#knockOutUnit Buzz Extra resolves exactly two Life loss,ALIGNED,,FOCUSED_PASS,tests/simulator-hsd09-001-007-text-alignment.test.mjs
hSD09-003:keyword,hSD09-003,宝鐘マリン,keyword,EFFECT_TEXT,website/public/cards.json#/cards[id=1149]/keyword,engine.mjs#queueSimpleTriggeredKeyword distinct #3期生 names times 10 special damage to opponent Center,ALIGNED,,FOCUSED_PASS,tests/simulator-hsd09-001-007-text-alignment.test.mjs
hSD09-004:arts.0,hSD09-004,宝鐘マリン,arts.0,EFFECT_TEXT,website/public/cards.json#/cards[id=1150;1454]/arts.0,engine.mjs#resolveGenericArtEffects other #3期生 name draws one; catalogue adds 50 vs Yellow,ALIGNED,,FOCUSED_PASS,tests/simulator-hsd09-001-007-text-alignment.test.mjs
hSD09-004:arts.1,hSD09-004,宝鐘マリン,arts.1,EFFECT_TEXT,website/public/cards.json#/cards[id=1150;1454]/arts.1,engine.mjs#resolveGenericArtEffects distinct #3期生 names times 10 to opponent Center and Collab; catalogue adds 50 vs Yellow,ALIGNED,,FOCUSED_PASS,tests/simulator-hsd09-001-007-text-alignment.test.mjs
hSD09-005:arts.0,hSD09-005,白銀ノエル,arts.0,BASIC_ACTION,website/public/cards.json#/cards[id=1151;1161]/arts.0,engine.mjs#cardArts 20 damage for Colorless,ALIGNED,,FOCUSED_PASS,tests/simulator-hsd09-001-007-text-alignment.test.mjs
hSD09-005:keyword,hSD09-005,白銀ノエル,keyword,EFFECT_TEXT,website/public/cards.json#/cards[id=1151;1161]/keyword,engine.mjs#queueSimpleTriggeredKeyword own Center 2nd gains 10 Arts per distinct #3期生 name this turn,ALIGNED,,FOCUSED_PASS,tests/simulator-hsd09-001-007-text-alignment.test.mjs
hSD09-006:arts.0,hSD09-006,兎田ぺこら,arts.0,BASIC_ACTION,website/public/cards.json#/cards[id=1152;1162]/arts.0,engine.mjs#cardArts 10 damage for Colorless,ALIGNED,,FOCUSED_PASS,tests/simulator-hsd09-001-007-text-alignment.test.mjs
hSD09-006:keyword,hSD09-006,兎田ぺこら,keyword,EFFECT_TEXT,website/public/cards.json#/cards[id=1152;1162]/keyword,engine.mjs#queueSimpleTriggeredKeyword top Cheer to own #3期生 only on second player first turn,ALIGNED,,FOCUSED_PASS,tests/simulator-hsd09-001-007-text-alignment.test.mjs
hSD09-007:arts.0,hSD09-007,不知火フレア,arts.0,BASIC_ACTION,website/public/cards.json#/cards[id=1153;1163]/arts.0,engine.mjs#cardArts 80 damage for three Colorless,ALIGNED,,FOCUSED_PASS,tests/simulator-hsd09-001-007-text-alignment.test.mjs
hSD09-007:keyword,hSD09-007,不知火フレア,keyword,EFFECT_TEXT,website/public/cards.json#/cards[id=1153;1163]/keyword,engine.mjs#giftKnockoutLifeReduction opponent-turn Collab KO while own Life is strictly lower reduces loss by one,ALIGNED,,FOCUSED_PASS,tests/simulator-hsd09-001-007-text-alignment.test.mjs
hSD10-001:oshiSkill,hSD10-001,輪堂千速,oshiSkill,EFFECT_TEXT,website/public/cards.json#/cards[id=1456]/oshiSkill,engine.mjs#resolveNormalOshiSkill Bloom-this-turn gate; +30 to one selected #FLOW GLOW,ALIGNED,,FOCUSED_PASS,tests/simulator-hsd10-001-005-text-alignment.test.mjs
hSD10-001:spOshiSkill,hSD10-001,輪堂千速,spOshiSkill,EFFECT_TEXT,website/public/cards.json#/cards[id=1456]/spOshiSkill,engine.mjs#resolveSpOshiSkill top Cheer then selected #FLOW GLOW gains +20 per Cheer,ALIGNED,,FOCUSED_PASS,tests/simulator-hsd10-001-005-text-alignment.test.mjs
hSD10-002:arts.0,hSD10-002,輪堂千速,arts.0,BASIC_ACTION,website/public/cards.json#/cards[id=1900;1457;1722]/arts.0,engine.mjs#cardArts 30 damage for one Colorless,ALIGNED,,FOCUSED_PASS,tests/simulator-hsd10-001-005-text-alignment.test.mjs
hSD10-002:extra,hSD10-002,輪堂千速,extra,EFFECT_TEXT,website/public/cards.json#/cards[id=1900;1457;1722]/extra,cards.json unlimited Debut metadata; validateBattleDeck accepts five copies,ALIGNED,,FOCUSED_PASS,tests/simulator-hsd10-001-005-text-alignment.test.mjs
hSD10-003:arts.0,hSD10-003,輪堂千速,arts.0,BASIC_ACTION,website/public/cards.json#/cards[id=1458]/arts.0,engine.mjs#cardArts 30 damage for one Colorless,ALIGNED,,FOCUSED_PASS,tests/simulator-hsd10-001-005-text-alignment.test.mjs
hSD10-003:arts.1,hSD10-003,輪堂千速,arts.1,BASIC_ACTION,website/public/cards.json#/cards[id=1458]/arts.1,engine.mjs#cardArts 80 damage for Green and two Colorless,ALIGNED,,FOCUSED_PASS,tests/simulator-hsd10-001-005-text-alignment.test.mjs
hSD10-004:arts.0,hSD10-004,輪堂千速,arts.0,EFFECT_TEXT,website/public/cards.json#/cards[id=1459]/arts.0,engine.mjs#resolveGenericArtEffects three #FLOW GLOW gate; optional Cheer to own Back,ALIGNED,,FOCUSED_PASS,tests/simulator-hsd10-001-005-text-alignment.test.mjs
hSD10-004:keyword,hSD10-004,輪堂千速,keyword,EFFECT_TEXT,website/public/cards.json#/cards[id=1459]/keyword,engine.mjs#giftSkill Chihaya Oshi opponent 1st and this-turn-bloom gate; one restricted extra 2nd Bloom,ALIGNED,,FOCUSED_PASS,tests/simulator-hsd10-001-005-text-alignment.test.mjs
hSD10-005:arts.0,hSD10-005,輪堂千速,arts.0,EFFECT_TEXT,website/public/cards.json#/cards[id=1460]/arts.0,engine.mjs#resolveGenericArtEffects on-turn Bloom gate; +20 Arts to every own stage Rindo Chihaya,FIXED,website/lib/simulator/engine.mjs; android-current/web/lib/simulator/engine.mjs,FOCUSED_PASS,tests/simulator-hsd10-001-005-text-alignment.test.mjs
hSD10-005:keyword,hSD10-005,輪堂千速,keyword,EFFECT_TEXT,website/public/cards.json#/cards[id=1460]/keyword,engine.mjs#queueSimpleTriggeredKeyword optional 1-3 archived #FLOW GLOW to deck bottom; three enables optional top Cheer,ALIGNED,,FOCUSED_PASS,tests/simulator-hsd10-001-005-text-alignment.test.mjs
hSD10-006:arts.0,hSD10-006,輪堂千速,arts.0,EFFECT_TEXT,website/public/cards.json#/cards[id=1461;2144]/arts.0,engine.mjs#cardArts + bloom-gated 50; White-target +50,ALIGNED,,FOCUSED_PASS,tests/simulator-hsd10-006-009-text-alignment.test.mjs
hSD10-006:arts.1,hSD10-006,輪堂千速,arts.1,EFFECT_TEXT,website/public/cards.json#/cards[id=1461;2144]/arts.1,engine.mjs#cardArts + knockout overkill handler; skip premature generic Cheer parse; one own Back target per full 30 excess,FIXED,lib/simulator/engine.mjs; ../../android-current/web/lib/simulator/engine.mjs,FOCUSED_PASS,tests/simulator-hsd10-006-009-text-alignment.test.mjs
hSD10-007:arts.0,hSD10-007,綺々羅々ヴィヴィ,arts.0,BASIC_ACTION,website/public/cards.json#/cards[id=1462;1725;hbp09-hSD10-007_C_02]/arts.0,engine.mjs#cardArts 20 damage for one Colorless,ALIGNED,,FOCUSED_PASS,tests/simulator-hsd10-006-009-text-alignment.test.mjs
hSD10-007:extra,hSD10-007,綺々羅々ヴィヴィ,extra,EFFECT_TEXT,website/public/cards.json#/cards[id=1462;1725;hbp09-hSD10-007_C_02]/extra,cards.json unlimited Debut metadata; validateBattleDeck copy-limit path,ALIGNED,,FOCUSED_PASS,tests/simulator-hsd10-006-009-text-alignment.test.mjs
hSD10-008:arts.0,hSD10-008,綺々羅々ヴィヴィ,arts.0,BASIC_ACTION,website/public/cards.json#/cards[id=1463]/arts.0,engine.mjs#cardArts 30 damage for one Colorless,ALIGNED,,FOCUSED_PASS,tests/simulator-hsd10-006-009-text-alignment.test.mjs
hSD10-008:keyword,hSD10-008,綺々羅々ヴィヴィ,keyword,EFFECT_TEXT,website/public/cards.json#/cards[id=1463]/keyword,"engine.mjs#generic Collab reveal mode; private modeOptions to owner, reveal all opponent hand entries, draw iff Support",ALIGNED,,FOCUSED_PASS,tests/simulator-hsd10-006-009-text-alignment.test.mjs
hSD10-009:arts.0,hSD10-009,綺々羅々ヴィヴィ,arts.0,EFFECT_TEXT,website/public/cards.json#/cards[id=1464;2145]/arts.0,engine.mjs#cardArts 80 +10 per opponent hand card and Blue +50,ALIGNED,,FOCUSED_PASS,tests/simulator-hsd10-006-009-text-alignment.test.mjs
hSD10-009:keyword,hSD10-009,綺々羅々ヴィヴィ,keyword,EFFECT_TEXT,website/public/cards.json#/cards[id=1464;2145]/keyword,"engine.mjs#hSD10-009 Collab top-N equal opposing hand size, choose one, shuffle remainder",ALIGNED,,FOCUSED_PASS,tests/simulator-hsd10-006-009-text-alignment.test.mjs
hSD10-010:arts.0,hSD10-010,響咲リオナ,arts.0,EFFECT_TEXT,website/public/cards.json#/cards[id=1465;2146]/arts.0,engine.mjs#resolveGenericArtEffects tagged-stage Arts threshold (+30); damage resolver,ALIGNED,,FOCUSED_PASS,tests/simulator-hsd10-010-013-text-alignment.test.mjs
hSD10-010:extra,hSD10-010,響咲リオナ,extra,EFFECT_TEXT,website/public/cards.json#/cards[id=1465;2146]/extra,engine.mjs#bloomTargets / legalBloomStage Spot-as-Bloom-base restriction,ALIGNED,,FOCUSED_PASS,tests/simulator-hsd10-010-013-text-alignment.test.mjs
hSD10-010:keyword,hSD10-010,響咲リオナ,keyword,EFFECT_TEXT,website/public/cards.json#/cards[id=1465;2146]/keyword,engine.mjs#queueSimpleTriggeredKeyword; genericKeywordHandArchiveCost; deckToHandShuffle conjunctive search,ALIGNED,,FOCUSED_PASS,tests/simulator-hsd10-010-013-text-alignment.test.mjs
hSD10-011:abilityText,hSD10-011,WHAT'S UP!!!!! KEEEEEP GROWING!!!!!,abilityText,EFFECT_TEXT,website/public/cards.json#/cards[id=1466]/abilityText,engine.mjs#playExtendedSupport keepGrowing; resolveChoice keepGrowingCheer,ALIGNED,,FOCUSED_PASS,tests/simulator-hsd10-010-013-text-alignment.test.mjs
hSD10-012:abilityText,hSD10-012,FLOW GLOW,abilityText,EFFECT_TEXT,website/public/cards.json#/cards[id=1467;1749]/abilityText,engine.mjs#playTopLookSupport TOP_LOOK_EFFECTS; topLookToHand and bottomOrder resolution,ALIGNED,,FOCUSED_PASS,tests/simulator-hsd10-010-013-text-alignment.test.mjs
hSD10-013:abilityText,hSD10-013,ふぐ太郎,abilityText,EFFECT_TEXT,website/public/cards.json#/cards[id=1468]/abilityText,engine.mjs#attachmentArtsBonus; endPuffer; hSD10PufferActivate; finalizeCardsToStage returnPuffer,FIXED,engine.mjs#endPuffer/hSD10PufferActivate optional activation; confirmed trigger turn and gated cost/resolve in Website + Android,FOCUSED_PASS,tests/simulator-hsd10-010-013-text-alignment.test.mjs
hSD11-001:oshiSkill,hSD11-001,虎金妃笑虎,oshiSkill,EFFECT_TEXT,website/public/cards.json#/cards[id=1469]/oshiSkill,engine.mjs#manualOshiAvailable; hSD11-001 applyOshiSkill; oshiArchiveCheerFixedTarget; archiveCheerToStage,ALIGNED,,FOCUSED_PASS,tests/simulator-hsd11-001-005-text-alignment.test.mjs
hSD11-001:spOshiSkill,hSD11-001,虎金妃笑虎,spOshiSkill,EFFECT_TEXT,website/public/cards.json#/cards[id=1469]/spOshiSkill,engine.mjs#queueHsd11SpOshiTrigger; hSD11FlowGlowArchiveSp; payReactiveOshi; specialDamage,ALIGNED,,FOCUSED_PASS,tests/simulator-hsd11-001-005-text-alignment.test.mjs
hSD11-002:arts.0,hSD11-002,虎金妃笑虎,arts.0,BASIC_ACTION,website/public/cards.json#/cards[id=1907;1470;1726]/arts.0,engine.mjs#attack cost and damage resolution; hSD11-002 Arts data,ALIGNED,,FOCUSED_PASS,tests/simulator-hsd11-001-005-text-alignment.test.mjs
hSD11-002:extra,hSD11-002,虎金妃笑虎,extra,EFFECT_TEXT,website/public/cards.json#/cards[id=1907;1470;1726]/extra,cards.json#hSD11-002 unlimited/maxCopies=99; engine.mjs#validateBattleDeck,ALIGNED,,FOCUSED_PASS,tests/simulator-hsd11-001-005-text-alignment.test.mjs
hSD11-003:arts.0,hSD11-003,虎金妃笑虎,arts.0,BASIC_ACTION,website/public/cards.json#/cards[id=1471]/arts.0,engine.mjs#attack cost and damage resolution; hSD11-003 Arts[0],ALIGNED,,FOCUSED_PASS,tests/simulator-hsd11-001-005-text-alignment.test.mjs
hSD11-003:arts.1,hSD11-003,虎金妃笑虎,arts.1,BASIC_ACTION,website/public/cards.json#/cards[id=1471]/arts.1,engine.mjs#attack cost and damage resolution; hSD11-003 Arts[1],ALIGNED,,FOCUSED_PASS,tests/simulator-hsd11-001-005-text-alignment.test.mjs
hSD11-004:arts.0,hSD11-004,虎金妃笑虎,arts.0,EFFECT_TEXT,website/public/cards.json#/cards[id=1472]/arts.0,engine.mjs#resolveGenericArtEffects; eventCheerTarget top Cheer recipient filter,ALIGNED,,FOCUSED_PASS,tests/simulator-hsd11-001-005-text-alignment.test.mjs
hSD11-004:keyword,hSD11-004,虎金妃笑虎,keyword,EFFECT_TEXT,website/public/cards.json#/cards[id=1472]/keyword,engine.mjs#queueGenericKeywordCostEffects; resolveGenericKeywordRemainder; queueHsd11SpOshiTrigger,ALIGNED,,FOCUSED_PASS,tests/simulator-hsd11-001-005-text-alignment.test.mjs
hSD11-005:arts.0,hSD11-005,虎金妃笑虎,arts.0,EFFECT_TEXT,website/public/cards.json#/cards[id=1473]/arts.0,engine.mjs#simpleKeywordCondition; totalCheer threshold in Art damage calculation,ALIGNED,,FOCUSED_PASS,tests/simulator-hsd11-001-005-text-alignment.test.mjs
hSD11-005:keyword,hSD11-005,虎金妃笑虎,keyword,EFFECT_TEXT,website/public/cards.json#/cards[id=1473]/keyword,engine.mjs#queueSimpleTriggeredKeyword; enqueueArchiveCheerToTarget; archiveCheerToStage,ALIGNED,,FOCUSED_PASS,tests/simulator-hsd11-001-005-text-alignment.test.mjs
hSD11-006:arts.0,hSD11-006,虎金妃笑虎,arts.0,EFFECT_TEXT,website/public/cards.json#/cards[id=1474;2147]/arts.0,website/lib/simulator/engine.mjs#hSD11-006-arts-cheer-cost-and-special-target,ALIGNED,,FOCUSED_PASS,tests/simulator-hsd11-006-009-text-alignment.test.mjs
hSD11-006:keyword,hSD11-006,虎金妃笑虎,keyword,EFFECT_TEXT,website/public/cards.json#/cards[id=1474;2147]/keyword,website/lib/simulator/engine.mjs#queuePerformanceStartGiftEffects,ALIGNED,,FOCUSED_PASS,tests/simulator-hsd11-006-009-text-alignment.test.mjs
hSD11-007:arts.0,hSD11-007,水宮枢,arts.0,EFFECT_TEXT,website/public/cards.json#/cards[id=2321;1475;2447;1724]/arts.0,website/lib/simulator/engine.mjs#hSD11-007-arts-baton-modifier,ALIGNED,,FOCUSED_PASS,tests/simulator-hsd11-006-009-text-alignment.test.mjs
hSD11-007:extra,hSD11-007,水宮枢,extra,EFFECT_TEXT,website/public/cards.json#/cards[id=2321;1475;2447;1724]/extra,website/lib/simulator/cards.json#hSD11-007-unlimited-deck-limit,ALIGNED,,FOCUSED_PASS,tests/simulator-hsd11-006-009-text-alignment.test.mjs
hSD11-008:arts.0,hSD11-008,水宮枢,arts.0,EFFECT_TEXT,website/public/cards.json#/cards[id=1476;1742]/arts.0,website/lib/simulator/engine.mjs#hSD11-008-arts-baton-threshold,ALIGNED,,FOCUSED_PASS,tests/simulator-hsd11-006-009-text-alignment.test.mjs
hSD11-008:keyword,hSD11-008,水宮枢,keyword,EFFECT_TEXT,website/public/cards.json#/cards[id=1476;1742]/keyword,website/lib/simulator/engine.mjs#hSD11-008-collab-baton-modifier,ALIGNED,,FOCUSED_PASS,tests/simulator-hsd11-006-009-text-alignment.test.mjs
hSD11-009:arts.0,hSD11-009,水宮枢,arts.0,EFFECT_TEXT,website/public/cards.json#/cards[id=1477;2148]/arts.0,website/lib/simulator/engine.mjs#hSD11-009-arts-baton-special-damage,ALIGNED,,FOCUSED_PASS,tests/simulator-hsd11-006-009-text-alignment.test.mjs
hSD11-009:keyword,hSD11-009,水宮枢,keyword,EFFECT_TEXT,website/public/cards.json#/cards[id=1477;2148]/keyword,website/lib/simulator/engine.mjs#hSD11-009-collab-baton-modifier,ALIGNED,,FOCUSED_PASS,tests/simulator-hsd11-006-009-text-alignment.test.mjs
hSD12-001:oshiSkill,hSD12-001,シオリ・ノヴェラ,oshiSkill,EFFECT_TEXT,website/public/cards.json#/cards[id=1750]/oshiSkill,"engine.mjs#queueNormalOshiSkill hSD12-001; inspect top three, select a Support, bottom the rest in selected order",ALIGNED,,FOCUSED_PASS,"website/tests/simulator-hsd12-001-006-text-alignment.test.mjs (three-card reveal, Support/no-Support branches, Holo Power and ordered bottom)"
hSD12-001:spOshiSkill,hSD12-001,シオリ・ノヴェラ,spOshiSkill,EFFECT_TEXT,website/public/cards.json#/cards[id=1750]/spOshiSkill,engine.mjs#queueSpOshiSkill hSD12-001; special damage is 10 per archived Support and target is opposing non-Debut Back,ALIGNED,,FOCUSED_PASS,website/tests/simulator-hsd12-001-006-text-alignment.test.mjs (Support count and legal-target restriction)
hSD12-002:oshiSkill,hSD12-002,古石ビジュー,oshiSkill,EFFECT_TEXT,website/public/cards.json#/cards[id=1751]/oshiSkill,engine.mjs#queueNormalOshiSkill hSD12-002; archive each player’s Cheer top and draw by distinct archived colors,ALIGNED,,FOCUSED_PASS,website/tests/simulator-hsd12-001-006-text-alignment.test.mjs (same-color and two-color archive cases)
hSD12-002:spOshiSkill,hSD12-002,古石ビジュー,spOshiSkill,EFFECT_TEXT,website/public/cards.json#/cards[id=1751]/spOshiSkill,engine.mjs#queueSpOshiSkill hSD12-002; Center special damage counts archived Cheer and #Advent Holomen,ALIGNED,,FOCUSED_PASS,website/tests/simulator-hsd12-001-006-text-alignment.test.mjs (qualifying Cheer/#Advent versus unrelated Archive cards)
hSD12-003:arts.0,hSD12-003,シオリ・ノヴェラ,arts.0,BASIC_ACTION,website/public/cards.json#/cards[id=1752;1743]/arts.0,engine.mjs#attack and effectiveArtCost; printed Colorless cost and 20 damage use shared Arts resolution,ALIGNED,,FOCUSED_PASS,website/tests/simulator-hsd12-001-006-text-alignment.test.mjs (paired Website/current-Android direct state assertions)
hSD12-003:keyword,hSD12-003,シオリ・ノヴェラ,keyword,EFFECT_TEXT,website/public/cards.json#/cards[id=1752;1743]/keyword,engine.mjs#queueCollabEffects hSD12-003; select one opposing Back for 10 special damage,ALIGNED,,FOCUSED_PASS,website/tests/simulator-hsd12-001-006-text-alignment.test.mjs (selected Back receives exactly 10 special damage)
hSD12-004:arts.0,hSD12-004,シオリ・ノヴェラ,arts.0,EFFECT_TEXT,website/public/cards.json#/cards[id=1753]/arts.0,engine.mjs#attack intrinsicBackAttack hSD12-004:0; shared attack resolver permits opposing Back targets,ALIGNED,,FOCUSED_PASS,website/tests/simulator-hsd12-001-006-text-alignment.test.mjs (Back target and printed 20 damage)
hSD12-004:arts.1,hSD12-004,シオリ・ノヴェラ,arts.1,EFFECT_TEXT,website/public/cards.json#/cards[id=1753]/arts.1,engine.mjs#hSD12-004:1; require >=4 archived Supports before attaching Cheer Deck top to own #Advent,FIXED,Website and current Android engines now guard the resolution with archivedSupportCount >= 4,FOCUSED_PASS,website/tests/simulator-hsd12-001-006-text-alignment.test.mjs (four-Support positive and three-Support negative boundary)
hSD12-005:arts.0,hSD12-005,シオリ・ノヴェラ,arts.0,BASIC_ACTION,website/public/cards.json#/cards[id=1754]/arts.0,engine.mjs#attack and effectiveArtCost; printed Colorless cost and 40 damage use shared Arts resolution,ALIGNED,,FOCUSED_PASS,website/tests/simulator-hsd12-001-006-text-alignment.test.mjs (paired Website/current-Android direct state assertions)
hSD12-005:keyword,hSD12-005,シオリ・ノヴェラ,keyword,EFFECT_TEXT,website/public/cards.json#/cards[id=1754]/keyword,engine.mjs#queueCollabEffects hSD12-005; move one Archive Cheer to own #Advent Holomen,ALIGNED,,FOCUSED_PASS,website/tests/simulator-hsd12-001-006-text-alignment.test.mjs (Archive Cheer transfer and #Advent target filter)
hSD12-006:arts.0,hSD12-006,シオリ・ノヴェラ,arts.0,EFFECT_TEXT,website/public/cards.json#/cards[id=1755]/arts.0,"engine.mjs#hSD12-006:0; after printed Arts damage, target one opposing Holomen for 20 special damage",ALIGNED,,FOCUSED_PASS,website/tests/simulator-hsd12-001-006-text-alignment.test.mjs (chosen opposing target receives the special-damage follow-up)
hSD12-006:extra,hSD12-006,シオリ・ノヴェラ,extra,EFFECT_TEXT,website/public/cards.json#/cards[id=1755]/extra,engine.mjs#cardIsBuzz and knockOutUnit; hSD12-006 Buzz removes two Life on knockout,ALIGNED,,FOCUSED_PASS,website/tests/simulator-hsd12-001-006-text-alignment.test.mjs (knockout removes exactly two Life)
hSD12-006:keyword,hSD12-006,シオリ・ノヴェラ,keyword,EFFECT_TEXT,website/public/cards.json#/cards[id=1755]/keyword,engine.mjs#queueBloomEffects hSD12-006; optional hand Support cost searches only #Advent Debut/1st and shuffles,ALIGNED,,FOCUSED_PASS,"website/tests/simulator-hsd12-001-006-text-alignment.test.mjs (cost, stage/tag filter, exclusion and deck shuffle)"
hSD12-007:arts.0,hSD12-007,シオリ・ノヴェラ,arts.0,EFFECT_TEXT,website/public/cards.json#/cards[id=1756;2149]/arts.0,engine.mjs#hSD12-007:0; count own stage #Advent Holomen and target only opposing non-Debut,ALIGNED,,FOCUSED_PASS,website/tests/simulator-hsd12-007-012-text-alignment.test.mjs (stage count includes source; opposing Debut excluded; 110 plus counted special damage)
hSD12-007:keyword,hSD12-007,シオリ・ノヴェラ,keyword,EFFECT_TEXT,website/public/cards.json#/cards[id=1756;2149]/keyword,engine.mjs#hbp09Legacy_queueGiftKnockoutEffects hSD12-007; one non-LIMITED archived Support to hand once per physical source,FIXED,Website and current Android now key the once-per-turn Gift usage to the source Holomen instance ID,FOCUSED_PASS,website/tests/simulator-hsd12-007-012-text-alignment.test.mjs (paired RED showed second physical Shiori copy was blocked; paired GREEN confirms both copies retrieve distinct Supports)
hSD12-008:arts.0,hSD12-008,古石ビジュー,arts.0,BASIC_ACTION,website/public/cards.json#/cards[id=1757;2054]/arts.0,engine.mjs#attack and effectiveArtCost; printed Colorless cost and 30 damage use shared Arts resolution,ALIGNED,,FOCUSED_PASS,website/tests/simulator-hsd12-007-012-text-alignment.test.mjs (paired Website/current-Android direct state assertions)
hSD12-008:keyword,hSD12-008,古石ビジュー,keyword,EFFECT_TEXT,website/public/cards.json#/cards[id=1757;2054]/keyword,engine.mjs#queueCollabEffects hSD12-008; second player first-turn draw equals total Cheer on both stages,ALIGNED,,FOCUSED_PASS,website/tests/simulator-hsd12-007-012-text-alignment.test.mjs (four Cheer draw; first-player and later-turn negative cases)
hSD12-009:arts.0,hSD12-009,古石ビジュー,arts.0,BASIC_ACTION,website/public/cards.json#/cards[id=1758]/arts.0,engine.mjs#attack and effectiveArtCost; printed Colorless cost and 30 damage use shared Arts resolution,ALIGNED,,FOCUSED_PASS,website/tests/simulator-hsd12-007-012-text-alignment.test.mjs (paired Website/current-Android direct state assertions)
hSD12-009:keyword,hSD12-009,古石ビジュー,keyword,EFFECT_TEXT,website/public/cards.json#/cards[id=1758]/keyword,"engine.mjs#queueBloomEffects hSD12-009; reveal three, add at most one #Advent Holomen, bottom remaining cards in chosen order",ALIGNED,,FOCUSED_PASS,"website/tests/simulator-hsd12-007-012-text-alignment.test.mjs (two legal matches, one chosen; ordered remainder and no-match bottom branch)"
hSD12-010:arts.0,hSD12-010,古石ビジュー,arts.0,BASIC_ACTION,website/public/cards.json#/cards[id=1759]/arts.0,engine.mjs#attack and effectiveArtCost; printed Colorless cost and 30 damage use shared Arts resolution,ALIGNED,,FOCUSED_PASS,website/tests/simulator-hsd12-007-012-text-alignment.test.mjs (paired Website/current-Android direct state assertions)
hSD12-010:arts.1,hSD12-010,古石ビジュー,arts.1,EFFECT_TEXT,website/public/cards.json#/cards[id=1759]/arts.1,"engine.mjs#queueGenericArtCostEffects hSD12-010:1; optional non-Purple attached Cheer archive, then one Archive Holomem to hand",ALIGNED,,FOCUSED_PASS,"website/tests/simulator-hsd12-007-012-text-alignment.test.mjs (Purple excluded, White/Green legal, return from Archive and decline branch)"
hSD12-011:arts.0,hSD12-011,古石ビジュー,arts.0,EFFECT_TEXT,website/public/cards.json#/cards[id=1760;2150]/arts.0,engine.mjs#effectiveArtCost hSD12-011; reduce Colorless by distinct Cheer colors in both Archives and retain Yellow +50,ALIGNED,,FOCUSED_PASS,"website/tests/simulator-hsd12-007-012-text-alignment.test.mjs (duplicate Red counts once, Blue adds second color, Yellow target bonus; insufficient Cheer negative case)"
hSD12-011:keyword,hSD12-011,古石ビジュー,keyword,EFFECT_TEXT,website/public/cards.json#/cards[id=1760;2150]/keyword,"engine.mjs#queueBloomEffects and hSD12-011-archive; draw one, optional stage Cheer archive, then grant chosen own Holomen +40 Arts",ALIGNED,,FOCUSED_PASS,"website/tests/simulator-hsd12-007-012-text-alignment.test.mjs (draw, archive/target/buff acceptance and decline path)"
hSD12-012:arts.0,hSD12-012,ネリッサ・レイヴンクロフト,arts.0,EFFECT_TEXT,website/public/cards.json#/cards[id=1761]/arts.0,engine.mjs#effectiveArtCost hSD12-012; own Life <=3 reduces Colorless by two,ALIGNED,,FOCUSED_PASS,website/tests/simulator-hsd12-007-012-text-alignment.test.mjs (three-Life pass and four-Life cost failure)
hSD12-013:arts.0,hSD12-013,モココ・アビスガード,arts.0,BASIC_ACTION,website/public/cards.json#/cards[id=1762;2197]/arts.0,engine.mjs#attack/effectiveArtCost; printed Colorless cost and 30 damage use shared Arts resolution,ALIGNED,,FOCUSED_PASS,website/tests/simulator-hsd12-013-016-text-alignment.test.mjs (paired Website/current-Android direct state assertions)
hSD12-013:keyword,hSD12-013,モココ・アビスガード,keyword,EFFECT_TEXT,website/public/cards.json#/cards[id=1762;2197]/keyword,engine.mjs#queueCollabEffects hSD12-013; all own stage Holomen must be #Advent; optional Back Debut to Main Deck bottom then draw 2,ALIGNED,,FOCUSED_PASS,"website/tests/simulator-hsd12-013-016-text-alignment.test.mjs (Advent gate, legal Debut target, decline, deck-bottom order and two-card draw)"
hSD12-014:arts.0,hSD12-014,フワワ・アビスガード,arts.0,BASIC_ACTION,website/public/cards.json#/cards[id=1763;2198]/arts.0,engine.mjs#attack/effectiveArtCost; printed Colorless cost and 30 damage use shared Arts resolution,ALIGNED,,FOCUSED_PASS,website/tests/simulator-hsd12-013-016-text-alignment.test.mjs (paired Website/current-Android direct state assertions)
hSD12-014:keyword,hSD12-014,フワワ・アビスガード,keyword,EFFECT_TEXT,website/public/cards.json#/cards[id=1763;2198]/keyword,"engine.mjs#queueCollabEffects hSD12-014; Advent gate; return own Back Debut to Main Deck bottom, then attach only Cheer Deck top",ALIGNED,,FOCUSED_PASS,"website/tests/simulator-hsd12-013-016-text-alignment.test.mjs (gate, returned Debut bottom, Cheer Deck top identity and legal own-stage destination)"
hSD12-015:abilityText,hSD12-015,脱獄を果たした共犯者たち,abilityText,EFFECT_TEXT,website/public/cards.json#/cards[id=1764]/abilityText,"engine.mjs#commitNamedSupport successfulEscape; Advent gate, opposing Center special damage 20, Archive Cheer attach and once-per-turn use",ALIGNED,,FOCUSED_PASS,"website/tests/simulator-hsd12-013-016-text-alignment.test.mjs (gate failure, special damage, Archive Cheer selection and own-stage attachment)"
hSD12-016:abilityText,hSD12-016,GEOW,abilityText,EFFECT_TEXT,website/public/cards.json#/cards[id=1765]/abilityText,engine.mjs#attachmentHpBonus and mascot hand-attachment trigger; general +20 HP; 1st+ Biboo optional Cheer archive/deck Cheer attach; one mascot per Holomen,FIXED,Website and current Android now apply the unconditional +20 HP separately from the 1st+ Biboo entry trigger,FOCUSED_PASS,website/tests/simulator-hsd12-013-016-text-alignment.test.mjs (paired RED: non-Biboo holder was KO at base HP +10; GREEN confirms +20 keeps it alive and Biboo optional Cheer sequence resolves)
hSD13-001:oshiSkill,hSD13-001,エリザベス・ローズ・ブラッドフレイム,oshiSkill,EFFECT_TEXT,website/public/cards.json#/cards[id=1769]/oshiSkill,"engine.mjs#prepareOshiDamageReaction/oshiDamageReaction; opponent Arts only, own Red 2nd/Buzz redirect and 3 Holo Power",ALIGNED,,FOCUSED_PASS,"website/tests/simulator-hsd13-001-002-text-alignment.test.mjs (paired: redirect to Red 2nd, preserve original target, pay 3; Red Debut negative case)"
hSD13-001:spOshiSkill,hSD13-001,エリザベス・ローズ・ブラッドフレイム,spOshiSkill,EFFECT_TEXT,website/public/cards.json#/cards[id=1769]/spOshiSkill,engine.mjs#resolveSpOshiSkill hSD13-001; Archive #Justice stage selection followed by 1–5 Cheer to that exact Holomen,ALIGNED,,FOCUSED_PASS,"website/tests/simulator-hsd13-001-002-text-alignment.test.mjs (paired: mandatory #Justice placement, fixed recipient, select three of five Archive Cheer)"
hSD13-002:oshiSkill,hSD13-002,ジジ・ムリン,oshiSkill,EFFECT_TEXT,website/public/cards.json#/cards[id=1770]/oshiSkill,engine.mjs#resolveNormalOshiSkill hSD13-002; pay 1 Holo Power and swap opposing Center/Collab,ALIGNED,,FOCUSED_PASS,website/tests/simulator-hsd13-001-002-text-alignment.test.mjs (paired: preserve both stack identities across opposing Center/Collab swap)
hSD13-002:spOshiSkill,hSD13-002,ジジ・ムリン,spOshiSkill,EFFECT_TEXT,website/public/cards.json#/cards[id=1770]/spOshiSkill,"engine.mjs#resolveSpOshiSkill hSD13-002; select two Gigi 2nd from deck, stage, shuffle, distribute Archive Cheer once per own Holomen",ALIGNED,,FOCUSED_PASS,"website/tests/simulator-hsd13-001-002-text-alignment.test.mjs (paired: filters out non-Gigi/1st cards, stages two selected 2nds, then attaches Archive Cheer to distinct own targets)"
hSD13-003:arts.0,hSD13-003,エリザベス・ローズ・ブラッドフレイム,arts.0,BASIC_ACTION,website/public/cards.json#/cards[id=1771;1744]/arts.0,engine.mjs#attack/effectiveArtCost; printed 30 damage for one Colorless,ALIGNED,,FOCUSED_PASS,website/tests/simulator-hsd13-003-006-text-alignment.test.mjs (paired Website/current-Android direct state assertions)
hSD13-003:extra,hSD13-003,エリザベス・ローズ・ブラッドフレイム,extra,EFFECT_TEXT,website/public/cards.json#/cards[id=1771;1744]/extra,engine.mjs#validateBattleDeck; printed unlimited-copy Debut flag and 99-copy cap,ALIGNED,,FOCUSED_PASS,website/tests/simulator-hsd13-003-006-text-alignment.test.mjs (actual 50-card deck accepts five hSD13-003 copies)
hSD13-004:arts.0,hSD13-004,エリザベス・ローズ・ブラッドフレイム,arts.0,BASIC_ACTION,website/public/cards.json#/cards[id=1772]/arts.0,engine.mjs#attack/effectiveArtCost; first printed Arts 40 for Colorless,ALIGNED,,FOCUSED_PASS,website/tests/simulator-hsd13-003-006-text-alignment.test.mjs (paired Website/current-Android direct state assertions)
hSD13-004:arts.1,hSD13-004,エリザベス・ローズ・ブラッドフレイム,arts.1,BASIC_ACTION,website/public/cards.json#/cards[id=1772]/arts.1,engine.mjs#attack/effectiveArtCost; second printed Arts 140 for Red plus three Colorless,ALIGNED,,FOCUSED_PASS,website/tests/simulator-hsd13-003-006-text-alignment.test.mjs (paired Website/current-Android direct state assertions)
hSD13-005:arts.0,hSD13-005,エリザベス・ローズ・ブラッドフレイム,arts.0,BASIC_ACTION,website/public/cards.json#/cards[id=1773]/arts.0,engine.mjs#attack/effectiveArtCost; printed 50 damage for Red plus Colorless,ALIGNED,,FOCUSED_PASS,website/tests/simulator-hsd13-003-006-text-alignment.test.mjs (paired Website/current-Android direct state assertions)
hSD13-005:keyword,hSD13-005,エリザベス・ローズ・ブラッドフレイム,keyword,EFFECT_TEXT,website/public/cards.json#/cards[id=1773]/keyword,"engine.mjs#queueGiftKnockoutEffects/erbKnockoutGift; opposing-turn #Justice knockout, top Cheer to source ERB and named once-per-turn gate",ALIGNED,,FOCUSED_PASS,website/tests/simulator-hsd13-003-006-text-alignment.test.mjs (paired: first #Justice knockout attaches top Cheer to ERB; second same-turn knockout does not reuse Gift)
hSD13-006:arts.0,hSD13-006,エリザベス・ローズ・ブラッドフレイム,arts.0,BASIC_ACTION,website/public/cards.json#/cards[id=1774]/arts.0,engine.mjs#attack/effectiveArtCost; printed 30 damage for Colorless,ALIGNED,,FOCUSED_PASS,website/tests/simulator-hsd13-003-006-text-alignment.test.mjs (paired Website/current-Android direct state assertions)
hSD13-006:keyword,hSD13-006,エリザベス・ローズ・ブラッドフレイム,keyword,EFFECT_TEXT,website/public/cards.json#/cards[id=1774]/keyword,"engine.mjs#queueBloomEffects hSD13-006; select own #Justice Holomen, grant +20 Arts this turn",ALIGNED,,FOCUSED_PASS,"website/tests/simulator-hsd13-003-006-text-alignment.test.mjs (paired: Bloom target eligibility, non-Justice excluded and modified Arts resolves at 50)"
hSD13-007:arts.0,hSD13-007,エリザベス・ローズ・ブラッドフレイム,arts.0,EFFECT_TEXT,website/public/cards.json#/cards[id=1775;2151]/arts.0,engine.mjs#attack Arts/hSD13-007; #queueArtKnockoutEffects; #specialTargets,ALIGNED,,FOCUSED_PASS,"paired Website/current-Android: Cheer-scaled 100 + 80, Purple +50; Arts knockout adds exactly the Cheer Deck top"
hSD13-007:keyword,hSD13-007,エリザベス・ローズ・ブラッドフレイム,keyword,EFFECT_TEXT,website/public/cards.json#/cards[id=1775;2151]/keyword,engine.mjs#holomemHpBonus; hbp09Legacy_holomemHpBonus per attached Cheer,ALIGNED,,FOCUSED_PASS,"paired Website/current-Android knockout threshold: one Cheer raises HP to 190 and survives 180 damage; without Cheer, 180 damage knocks out"
hSD13-008:arts.0,hSD13-008,ジジ・ムリン,arts.0,BASIC_ACTION,website/public/cards.json#/cards[id=1776;2055]/arts.0,engine.mjs#attack/effectiveArtCost; printed 20 for one Colorless Cheer,ALIGNED,,FOCUSED_PASS,paired Website/current-Android direct attack deals the printed 20 damage for one Colorless Cheer
hSD13-008:extra,hSD13-008,ジジ・ムリン,extra,EFFECT_TEXT,website/public/cards.json#/cards[id=1776;2055]/extra,engine.mjs#cardIsUnlimitedDebut; validateBattleDeck maxCopies,ALIGNED,,FOCUSED_PASS,paired Website/current-Android actual 50-card deck validation accepts five hSD13-008 copies
hSD13-008:keyword,hSD13-008,ジジ・ムリン,keyword,EFFECT_TEXT,website/public/cards.json#/cards[id=1776;2055]/keyword,engine.mjs#queueCollabEffects hSD13-008; enqueueArchiveCheerToTarget restricted to #Justice,ALIGNED,,FOCUSED_PASS,paired Website/current-Android Collab moves exactly one archived Cheer to an own #Justice target; non-Justice Back excluded and unselected Cheer remains archived
hSD13-009:arts.0,hSD13-009,ジジ・ムリン,arts.0,BASIC_ACTION,website/public/cards.json#/cards[id=1777;2194]/arts.0,engine.mjs#attack/effectiveArtCost; printed 20 for one Colorless Cheer,ALIGNED,,FOCUSED_PASS,paired Website/current-Android direct attack deals the printed 20 damage for one Colorless Cheer
hSD13-009:keyword,hSD13-009,ジジ・ムリン,keyword,EFFECT_TEXT,website/public/cards.json#/cards[id=1777;2194]/keyword,"engine.mjs#queueCollabEffects hSD13-009; queueDeckCardsToStage #Justice 1st, second-player first-turn gate and hidden-search contract",ALIGNED,,FOCUSED_PASS,paired Website/current-Android: second-player first-turn Collab selects only a #Justice 1st and stages it; first-player and later-turn gates are off; hidden search keeps the existing fail-to-find contract
hSD13-010:arts.0,hSD13-010,ジジ・ムリン,arts.0,BASIC_ACTION,website/public/cards.json#/cards[id=1778]/arts.0,engine.mjs#attack/effectiveArtCost printed Arts resolution,ALIGNED,,FOCUSED_PASS,Website+Android paired test: hSD13-010 Arts 1 pays Yellow and deals 40 (tests/simulator-hsd13-010-013-text-alignment.test.mjs)
hSD13-010:arts.1,hSD13-010,ジジ・ムリン,arts.1,BASIC_ACTION,website/public/cards.json#/cards[id=1778]/arts.1,engine.mjs#attack/effectiveArtCost printed Arts resolution,ALIGNED,,FOCUSED_PASS,Website+Android paired test: hSD13-010 Arts 2 pays Yellow+Colorless and deals 60 (tests/simulator-hsd13-010-013-text-alignment.test.mjs)
hSD13-011:arts.0,hSD13-011,ジジ・ムリン,arts.0,EFFECT_TEXT,website/public/cards.json#/cards[id=1779]/arts.0,engine.mjs#genericArtDamageBonus no-underlying-Holomen bonus,ALIGNED,,FOCUSED_PASS,Website+Android paired test: hSD13-011 Arts is 60 without an under card and 40 with one (tests/simulator-hsd13-010-013-text-alignment.test.mjs)
hSD13-011:keyword,hSD13-011,ジジ・ムリン,keyword,EFFECT_TEXT,website/public/cards.json#/cards[id=1779]/keyword,engine.mjs#queueBloomEffects gigiBloomDebutCost resolver,ALIGNED,,FOCUSED_PASS,Website+Android paired test: hSD13-011 Bloom optional Debut archive and opposing Collab special damage (tests/simulator-hsd13-010-013-text-alignment.test.mjs)
hSD13-012:arts.0,hSD13-012,ジジ・ムリン,arts.0,BASIC_ACTION,website/public/cards.json#/cards[id=1780]/arts.0,engine.mjs#attack/effectiveArtCost printed Arts resolution,ALIGNED,,FOCUSED_PASS,Website+Android paired test: hSD13-012 Arts pays Yellow+Colorless and deals 60 (tests/simulator-hsd13-010-013-text-alignment.test.mjs)
hSD13-012:keyword,hSD13-012,ジジ・ムリン,keyword,EFFECT_TEXT,website/public/cards.json#/cards[id=1780]/keyword,engine.mjs#prepareGiftDamageReaction gigiShield; giftArchiveUnderForBackShield resolver,ALIGNED,,FOCUSED_PASS,"Website+Android paired test: hSD13-012 special-damage reaction cost, protection, decline and no-cost gates (tests/simulator-hsd13-010-013-text-alignment.test.mjs)"
hSD13-013:arts.0,hSD13-013,ジジ・ムリン,arts.0,EFFECT_TEXT,website/public/cards.json#/cards[id=1781;2152]/arts.0,engine.mjs#genericArtDamageBonus; attack specialTargets bonus,ALIGNED,,FOCUSED_PASS,Website+Android paired test: hSD13-013 no-under +90 and White target +50 (tests/simulator-hsd13-010-013-text-alignment.test.mjs)
hSD13-013:keyword,hSD13-013,ジジ・ムリン,keyword,EFFECT_TEXT,website/public/cards.json#/cards[id=1781;2152]/keyword,engine.mjs#activateGiftSkill/giftGigiUnderCost resolver,ALIGNED,,FOCUSED_PASS,Website+Android paired test: hSD13-013 once-per-turn archive-under and Cheer Deck top attachment (tests/simulator-hsd13-010-013-text-alignment.test.mjs)
hSD13-014:arts.0,hSD13-014,セシリア・イマーグリーン,arts.0,EFFECT_TEXT,website/public/cards.json#/cards[id=1782]/arts.0,engine.mjs#attack hSD13-014 Arts: printed 40 and mandatory top-Cheer target restricted to #Justice,ALIGNED,,FOCUSED_PASS,tests/simulator-hsd13-014-015-text-alignment.test.mjs: paired 40 damage; top Cheer attaches to Justice only; empty Cheer Deck still resolves Arts
hSD13-014:extra,hSD13-014,セシリア・イマーグリーン,extra,EFFECT_TEXT,website/public/cards.json#/cards[id=1782]/extra,engine.mjs#bloomTargets excludes Spot as Bloom base,ALIGNED,,FOCUSED_PASS,tests/simulator-hsd13-014-015-text-alignment.test.mjs: paired negative Bloom-base check for both hSD13-014 and hSD13-015
hSD13-014:keyword,hSD13-014,セシリア・イマーグリーン,keyword,EFFECT_TEXT,website/public/cards.json#/cards[id=1782]/keyword,engine.mjs#queueStageEntryGiftEffects: Justice Debut/Spot entry; Center/Collab source; per-source turn gate,ALIGNED,,FOCUSED_PASS,"tests/simulator-hsd13-014-015-text-alignment.test.mjs: paired Debut/Spot entry, Center/Collab gate, Back exclusion and once-per-turn behavior"
hSD13-015:arts.0,hSD13-015,ラオーラ・パンテーラ,arts.0,EFFECT_TEXT,website/public/cards.json#/cards[id=1783]/arts.0,engine.mjs#genericArtDamageBonus hSD13-015: both Justice Center/Collab and distinct effective Cheer colors,ALIGNED,,FOCUSED_PASS,"tests/simulator-hsd13-014-015-text-alignment.test.mjs: paired different-color positive; matching-color, missing Cheer and either non-Justice negative cases"
hSD13-015:extra,hSD13-015,ラオーラ・パンテーラ,extra,EFFECT_TEXT,website/public/cards.json#/cards[id=1783]/extra,engine.mjs#bloomTargets excludes Spot as Bloom base,ALIGNED,,FOCUSED_PASS,tests/simulator-hsd13-014-015-text-alignment.test.mjs: paired negative Bloom-base check for both hSD13-014 and hSD13-015
hSD13-015:keyword,hSD13-015,ラオーラ・パンテーラ,keyword,EFFECT_TEXT,website/public/cards.json#/cards[id=1783]/keyword,"engine.mjs#queueCollabEffects cheerBottomThenSearch: bottom cost then reveal Cheer Deck top and attach it, then shuffle",FIXED,"website/lib/simulator/engine.mjs#cheerBottomThenSearch; android-current/web/lib/simulator/engine.mjs#cheerBottomThenSearch now resolves the top card, not arbitrary selection from the whole deck",FOCUSED_PASS,"tests/simulator-hsd13-014-015-text-alignment.test.mjs: paired RED identified arbitrary deck selection; GREEN verifies top reveal, cost to bottom, attachment, post-attachment shuffle, skip and no-cost gate"
hSD13-016:abilityText,hSD13-016,Justice,abilityText,EFFECT_TEXT,website/public/cards.json#/cards[id=1784]/abilityText,"Website lib/simulator/engine.mjs and ../../android-current/web/lib/simulator/engine.mjs#TOP_LOOK_EFFECTS, playTopLookSupport, topLookToHand and bottomOrder; actual hand-limit exclusion and per-turn LIMITED use",ALIGNED,,FOCUSED_PASS,"tests/simulator-hsd13-016-018-text-alignment.test.mjs (7 paired assertions per runtime; any-number Justice selection, chosen bottom order, hand limit and LIMITED)"
hSD13-017:abilityText,hSD13-017,"JUSTICE, JUST LIKE THAT!!!!",abilityText,EFFECT_TEXT,website/public/cards.json#/cards[id=1785]/abilityText,Website lib/simulator/engine.mjs and ../../android-current/web/lib/simulator/engine.mjs#EXTENDED_SUPPORT_EFFECTS and justiceIsThis/justiceTarget/justiceUndercards; return 1–2 under-Holomen and apply +20 Arts per card,ALIGNED,,FOCUSED_PASS,"tests/simulator-hsd13-016-018-text-alignment.test.mjs (7 paired assertions per runtime; all-Justice gate, eligible targets, one/two returns, Arts increase and LIMITED)"
hSD13-018:abilityText,hSD13-018,Popo,abilityText,EFFECT_TEXT,website/public/cards.json#/cards[id=1786]/abilityText,"Website lib/simulator/engine.mjs and ../../android-current/web/lib/simulator/engine.mjs#hbp09Legacy_attachmentTargets, hbp09Legacy_attachmentHpBonus and hbp09Legacy_attachmentArtsBonus; Gigi gate and mascot limit",ALIGNED,,FOCUSED_PASS,"tests/simulator-hsd13-016-018-text-alignment.test.mjs (7 paired assertions per runtime; +20 HP, Gigi empty-stack Arts gate and one Popo per Holomen)"
hSD14-001:oshiSkill,hSD14-001,白上フブキ,oshiSkill,EFFECT_TEXT,website/public/cards.json#/cards[id=2065]/oshiSkill,"Website lib/simulator/engine.mjs and ../../android-current/web/lib/simulator/engine.mjs#hSD14MascotFubukiTargets; target preflight is shared by action-candidate availability, activation-before-cost, and target construction",FIXED,Both engines now reject the normal Oshi skill before paying when no own Fubuki with an attached mascot is a legal target.,FOCUSED_PASS,"tests/simulator-hsd14-001-006-text-alignment.test.mjs (paired legal-target, opponent-only-target rejection, no-cost/no-use mutation, eligible target, +20 Arts and once-per-turn assertions)"
hSD14-001:spOshiSkill,hSD14-001,白上フブキ,spOshiSkill,EFFECT_TEXT,website/public/cards.json#/cards[id=2065]/spOshiSkill,"Website lib/simulator/engine.mjs and ../../android-current/web/lib/simulator/engine.mjs#hbp09Legacy_resolveSpOshiSkill; search one or two supportMascot cards, add to hand and shuffle; once per game",ALIGNED,,FOCUSED_PASS,"tests/simulator-hsd14-001-006-text-alignment.test.mjs (paired one-to-two selection bounds, mascot filtering, hand transfer, Holo Power payment and once-per-game assertions)"
hSD14-002:arts.0,hSD14-002,白上フブキ,arts.0,BASIC_ACTION,website/public/cards.json#/cards[id=2066]/arts.0,Website lib/simulator/engine.mjs and ../../android-current/web/lib/simulator/engine.mjs#attack and effectiveArtCost; printed Colorless cost and 20 damage,ALIGNED,,FOCUSED_PASS,tests/simulator-hsd14-001-006-text-alignment.test.mjs (paired exact printed damage/cost and resolved attack)
hSD14-003:arts.0,hSD14-003,白上フブキ,arts.0,BASIC_ACTION,website/public/cards.json#/cards[id=2067]/arts.0,Website lib/simulator/engine.mjs and ../../android-current/web/lib/simulator/engine.mjs#attack and effectiveArtCost; printed White cost and 30 damage,ALIGNED,,FOCUSED_PASS,tests/simulator-hsd14-001-006-text-alignment.test.mjs (paired exact printed damage/cost and resolved attack)
hSD14-004:arts.0,hSD14-004,白上フブキ,arts.0,BASIC_ACTION,website/public/cards.json#/cards[id=2068]/arts.0,Website lib/simulator/engine.mjs and ../../android-current/web/lib/simulator/engine.mjs#attack and effectiveArtCost; printed Colorless cost and 20 damage,ALIGNED,,FOCUSED_PASS,tests/simulator-hsd14-001-006-text-alignment.test.mjs (catalogue assertion plus paired basic-Arts execution)
hSD14-004:keyword,hSD14-004,白上フブキ,keyword,EFFECT_TEXT,website/public/cards.json#/cards[id=2068]/keyword,Website lib/simulator/engine.mjs and ../../android-current/web/lib/simulator/engine.mjs#hbp09Legacy_queueCollabEffects hSD14-004; second-player first-turn gate then search one mascot and shuffle,ALIGNED,,FOCUSED_PASS,"tests/simulator-hsd14-001-006-text-alignment.test.mjs (paired eligible turn, first-player exclusion, later-turn exclusion and mascot-only search)"
hSD14-005:arts.0,hSD14-005,白上フブキ,arts.0,BASIC_ACTION,website/public/cards.json#/cards[id=2069]/arts.0,Website lib/simulator/engine.mjs and ../../android-current/web/lib/simulator/engine.mjs#attack and effectiveArtCost; printed Colorless cost and 20 damage,ALIGNED,,FOCUSED_PASS,tests/simulator-hsd14-001-006-text-alignment.test.mjs (catalogue assertion plus paired basic-Arts execution)
hSD14-005:keyword,hSD14-005,白上フブキ,keyword,EFFECT_TEXT,website/public/cards.json#/cards[id=2069]/keyword,Website lib/simulator/engine.mjs and ../../android-current/web/lib/simulator/engine.mjs#hbp09Legacy_queueCollabEffects hSD14-005; own Center gains +10 Arts until turn end,ALIGNED,,FOCUSED_PASS,tests/simulator-hsd14-001-006-text-alignment.test.mjs (paired Collab resolution and actual Center Arts damage)
hSD14-006:arts.0,hSD14-006,白上フブキ,arts.0,BASIC_ACTION,website/public/cards.json#/cards[id=2070]/arts.0,Website lib/simulator/engine.mjs and ../../android-current/web/lib/simulator/engine.mjs#attack and effectiveArtCost; printed Colorless cost and 30 damage,ALIGNED,,FOCUSED_PASS,tests/simulator-hsd14-001-006-text-alignment.test.mjs (paired exact first-Arts cost and damage)
hSD14-006:arts.1,hSD14-006,白上フブキ,arts.1,BASIC_ACTION,website/public/cards.json#/cards[id=2070]/arts.1,Website lib/simulator/engine.mjs and ../../android-current/web/lib/simulator/engine.mjs#attack and effectiveArtCost; printed White/Colorless cost and 50 damage,ALIGNED,,FOCUSED_PASS,tests/simulator-hsd14-001-006-text-alignment.test.mjs (paired exact second-Arts cost and damage)
hSD14-007:arts.0,hSD14-007,白上フブキ,arts.0,BASIC_ACTION,website/public/cards.json#/cards[id=2071]/arts.0,Website lib/simulator/engine.mjs and ../../android-current/web/lib/simulator/engine.mjs#attack/effectiveArtCost; printed 20 Colorless Arts,ALIGNED,,FOCUSED_PASS,tests/simulator-hsd14-007-011-text-alignment.test.mjs (paired exact Arts cost/damage after the Bloom modifier)
hSD14-007:keyword,hSD14-007,白上フブキ,keyword,EFFECT_TEXT,website/public/cards.json#/cards[id=2071]/keyword,Website lib/simulator/engine.mjs and ../../android-current/web/lib/simulator/engine.mjs#hbp09Legacy_queueBloomEffects hSD14-007; add +10 Arts to own Center for the turn,ALIGNED,,FOCUSED_PASS,"tests/simulator-hsd14-007-011-text-alignment.test.mjs (paired Bloom resolution, Center-only target and resulting Arts damage)"
hSD14-008:arts.0,hSD14-008,白上フブキ,arts.0,EFFECT_TEXT,website/public/cards.json#/cards[id=2072]/arts.0,Website lib/simulator/engine.mjs and ../../android-current/web/lib/simulator/engine.mjs#attack Arts bonus hSD14-008; +20 only when source zone is Collab and source has a mascot,ALIGNED,,FOCUSED_PASS,tests/simulator-hsd14-007-011-text-alignment.test.mjs (paired Collab with mascot = 40 and without mascot = 20)
hSD14-008:keyword,hSD14-008,白上フブキ,keyword,EFFECT_TEXT,website/public/cards.json#/cards[id=2072]/keyword,Website lib/simulator/engine.mjs and ../../android-current/web/lib/simulator/engine.mjs#hbp09Legacy_queueCollabEffects hSD14-008; select one legal Archive mascot and attach it to this Collab Holomen,ALIGNED,,FOCUSED_PASS,"tests/simulator-hsd14-007-011-text-alignment.test.mjs (paired mandatory Archive selection, Collab-only attachment and subsequent Arts bonus)"
hSD14-009:arts.0,hSD14-009,白上フブキ,arts.0,BASIC_ACTION,website/public/cards.json#/cards[id=2073]/arts.0,Website lib/simulator/engine.mjs and ../../android-current/web/lib/simulator/engine.mjs#attack specialTargets/specialValues; 90 base damage plus 30 only against Red,ALIGNED,,FOCUSED_PASS,"tests/simulator-hsd14-007-011-text-alignment.test.mjs (paired Red 120 versus White 90, with printed cost/value assertions)"
hSD14-009:keyword,hSD14-009,白上フブキ,keyword,EFFECT_TEXT,website/public/cards.json#/cards[id=2073]/keyword,Website lib/simulator/engine.mjs and ../../android-current/web/lib/simulator/engine.mjs#queueGiftKnockoutEffects; on opponent-turn knockout draw one iff this Fubuki has an attached mascot,ALIGNED,,FOCUSED_PASS,tests/simulator-hsd14-007-011-text-alignment.test.mjs (paired opponent-turn knockout with attached-mascot positive and no-mascot negative controls)
hSD14-010:abilityText,hSD14-010,holoAN,abilityText,EFFECT_TEXT,website/public/cards.json#/cards[id=2324;2074;2202]/abilityText,Website lib/simulator/engine.mjs and ../../android-current/web/lib/simulator/engine.mjs#SIMPLE_SUPPORT_EFFECTS holoAN and playSimpleSupport; draw up to the next three cards and consume one LIMITED allowance,ALIGNED,,FOCUSED_PASS,"tests/simulator-hsd14-007-011-text-alignment.test.mjs (paired exact top-three hand transfer, deck order and one-LIMITED-per-turn gate)"
hSD14-011:abilityText,hSD14-011,ありよりのアリゲーター,abilityText,EFFECT_TEXT,website/public/cards.json#/cards[id=2075]/abilityText,"Website lib/simulator/engine.mjs and ../../android-current/web/lib/simulator/engine.mjs#attachmentHpBonus, attachmentCapacity and queueGiftKnockoutEffects; mascot +10 HP, one per Holomen, Fubuki knockout Cheer Deck top attachment",ALIGNED,,FOCUSED_PASS,"tests/simulator-hsd14-007-011-text-alignment.test.mjs (paired +10 HP survival boundary, rejected second mascot, and Fubuki knockout Cheer attachment)"
hSD15-001:oshiSkill,hSD15-001,儒烏風亭らでん,oshiSkill,EFFECT_TEXT,website/public/cards.json#/cards[id=2077]/oshiSkill,Website lib/simulator/engine.mjs and ../../android-current/web/lib/simulator/engine.mjs#hbp09Legacy_resolveNormalOshiSkill; search one support Event tagged #きのこ,ALIGNED,,FOCUSED_PASS,"tests/simulator-hsd15-001-006-text-alignment.test.mjs (paired #きのこ filter, single-card bound, hidden search semantics, shuffle and two-Holo-Power payment)"
hSD15-001:spOshiSkill,hSD15-001,儒烏風亭らでん,spOshiSkill,EFFECT_TEXT,website/public/cards.json#/cards[id=2077]/spOshiSkill,"Website lib/simulator/engine.mjs and ../../android-current/web/lib/simulator/engine.mjs#hbp09Legacy_resolveSpOshiSkill and oshiMushroomArchiveReturn; top Cheer to own Raden, then return one Archive #きのこ Event",ALIGNED,,FOCUSED_PASS,"tests/simulator-hsd15-001-006-text-alignment.test.mjs (paired ordered Cheer attachment, Raden-only target, Archive tag filter and once-per-game payment)"
hSD15-002:arts.0,hSD15-002,儒烏風亭らでん,arts.0,BASIC_ACTION,website/public/cards.json#/cards[id=2078]/arts.0,Website lib/simulator/engine.mjs and ../../android-current/web/lib/simulator/engine.mjs#attack/effectiveArtCost; printed 20 Colorless Arts,ALIGNED,,FOCUSED_PASS,tests/simulator-hsd15-001-006-text-alignment.test.mjs (paired exact damage and cost)
hSD15-003:arts.0,hSD15-003,儒烏風亭らでん,arts.0,BASIC_ACTION,website/public/cards.json#/cards[id=2079]/arts.0,Website lib/simulator/engine.mjs and ../../android-current/web/lib/simulator/engine.mjs#attack/effectiveArtCost; printed 30 Green Arts,ALIGNED,,FOCUSED_PASS,tests/simulator-hsd15-001-006-text-alignment.test.mjs (paired exact damage and cost)
hSD15-004:arts.0,hSD15-004,儒烏風亭らでん,arts.0,BASIC_ACTION,website/public/cards.json#/cards[id=2080]/arts.0,Website lib/simulator/engine.mjs and ../../android-current/web/lib/simulator/engine.mjs#attack/effectiveArtCost; printed 20 Colorless Arts,ALIGNED,,FOCUSED_PASS,tests/simulator-hsd15-001-006-text-alignment.test.mjs (paired catalogue value and Arts resolution)
hSD15-004:keyword,hSD15-004,儒烏風亭らでん,keyword,EFFECT_TEXT,website/public/cards.json#/cards[id=2080]/keyword,Website lib/simulator/engine.mjs and ../../android-current/web/lib/simulator/engine.mjs#hbp09Legacy_queueCollabEffects hSD15-004; second-player first-turn gate and Cheer Deck top to own Back,ALIGNED,,FOCUSED_PASS,"tests/simulator-hsd15-001-006-text-alignment.test.mjs (paired eligible timing, first-player/later-turn exclusions and Back-only Cheer target)"
hSD15-005:arts.0,hSD15-005,儒烏風亭らでん,arts.0,BASIC_ACTION,website/public/cards.json#/cards[id=2081]/arts.0,Website lib/simulator/engine.mjs and ../../android-current/web/lib/simulator/engine.mjs#attack/effectiveArtCost; printed 20 Colorless Arts,ALIGNED,,FOCUSED_PASS,tests/simulator-hsd15-001-006-text-alignment.test.mjs (paired catalogue value and Arts resolution)
hSD15-005:keyword,hSD15-005,儒烏風亭らでん,keyword,EFFECT_TEXT,website/public/cards.json#/cards[id=2081]/keyword,Website lib/simulator/engine.mjs and ../../android-current/web/lib/simulator/engine.mjs#queueGiftKnockoutEffects and koTransferCheer; opponent-turn knockout may move one attached Cheer to another own Holomen,ALIGNED,,FOCUSED_PASS,"tests/simulator-hsd15-001-006-text-alignment.test.mjs (paired opponent-turn condition, optional one-Cheer transfer, and defeated-unit exclusion)"
hSD15-006:arts.0,hSD15-006,儒烏風亭らでん,arts.0,BASIC_ACTION,website/public/cards.json#/cards[id=2082]/arts.0,Website lib/simulator/engine.mjs and ../../android-current/web/lib/simulator/engine.mjs#attack/effectiveArtCost; printed 40 Green/Colorless Arts,ALIGNED,,FOCUSED_PASS,tests/simulator-hsd15-001-006-text-alignment.test.mjs (paired exact first-Arts damage and cost)
hSD15-006:arts.1,hSD15-006,儒烏風亭らでん,arts.1,BASIC_ACTION,website/public/cards.json#/cards[id=2082]/arts.1,Website lib/simulator/engine.mjs and ../../android-current/web/lib/simulator/engine.mjs#attack/effectiveArtCost; printed 60 Green/Colorless/Colorless Arts,ALIGNED,,FOCUSED_PASS,tests/simulator-hsd15-001-006-text-alignment.test.mjs (paired exact second-Arts damage and cost)
hSD15-007:arts.0,hSD15-007,儒烏風亭らでん,arts.0,BASIC_ACTION,website/public/cards.json#/cards[id=2083]/arts.0,Website lib/simulator/engine.mjs and ../../android-current/web/lib/simulator/engine.mjs#attack/effectiveArtCost; printed 30 Colorless Arts,ALIGNED,,FOCUSED_PASS,tests/simulator-hsd15-007-010-text-alignment.test.mjs (paired exact catalogue damage/cost and resolved Arts damage)
hSD15-007:keyword,hSD15-007,儒烏風亭らでん,keyword,EFFECT_TEXT,website/public/cards.json#/cards[id=2083]/keyword,Website lib/simulator/engine.mjs and ../../android-current/web/lib/simulator/engine.mjs#hbp09Legacy_queueCollabEffects hSD15-007; archives main-deck top card then may stage one Archive Debut,ALIGNED,,FOCUSED_PASS,"tests/simulator-hsd15-007-010-text-alignment.test.mjs (paired deck-to-Archive movement, optionality, Debut filter, available Back selection and staging)"
hSD15-008:arts.0,hSD15-008,儒烏風亭らでん,arts.0,EFFECT_TEXT,website/public/cards.json#/cards[id=2084]/arts.0,Website lib/simulator/engine.mjs and ../../android-current/web/lib/simulator/engine.mjs#effectiveArtsDamage hSD15-008; printed 40 plus 10 after using a #きのこ Event this turn,ALIGNED,,FOCUSED_PASS,tests/simulator-hsd15-007-010-text-alignment.test.mjs (paired used-event bonus and no-event printed-damage control)
hSD15-008:keyword,hSD15-008,儒烏風亭らでん,keyword,EFFECT_TEXT,website/public/cards.json#/cards[id=2084]/keyword,Website lib/simulator/engine.mjs and ../../android-current/web/lib/simulator/engine.mjs#queueGiftKnockoutEffects hSD15-008; heal this Raden by 20 when its Arts knocks out an opponent Holomen,ALIGNED,,FOCUSED_PASS,tests/simulator-hsd15-007-010-text-alignment.test.mjs (paired knockout healing and no-knockout control)
hSD15-009:arts.0,hSD15-009,儒烏風亭らでん,arts.0,BASIC_ACTION,website/public/cards.json#/cards[id=2085]/arts.0,"Website lib/simulator/engine.mjs and ../../android-current/web/lib/simulator/engine.mjs#attack/effectiveArtCost; printed 90 Green/Colorless/Colorless Arts, plus 30 only against Blue",ALIGNED,,FOCUSED_PASS,"tests/simulator-hsd15-007-010-text-alignment.test.mjs (paired exact catalogue cost, Blue conditional bonus and non-Blue control)"
hSD15-009:keyword,hSD15-009,儒烏風亭らでん,keyword,EFFECT_TEXT,website/public/cards.json#/cards[id=2085]/keyword,Website lib/simulator/engine.mjs and ../../android-current/web/lib/simulator/engine.mjs#hbp09Legacy_resolveBloomEffect hSD15-009; second Raden gives own Center +20 Arts this turn,ALIGNED,,FOCUSED_PASS,tests/simulator-hsd15-007-010-text-alignment.test.mjs (paired Center Bloom bonus and Back Bloom exclusion)
hSD15-010:abilityText,hSD15-010,まつたけダンス,abilityText,EFFECT_TEXT,website/public/cards.json#/cards[id=2086]/abilityText,Website lib/simulator/engine.mjs and ../../android-current/web/lib/simulator/engine.mjs#resolveSupportEffect matsutakeTarget; own Raden gains +10 Arts or +20 with at least three attached Cheer,ALIGNED,,FOCUSED_PASS,tests/simulator-hsd15-007-010-text-alignment.test.mjs (paired Raden-only target set and below/at-threshold bonus)
hSD16-001:oshiSkill,hSD16-001,さくらみこ,oshiSkill,EFFECT_TEXT,website/public/cards.json#/cards[id=2088]/oshiSkill,website/lib/simulator/engine.mjs and android-current/web/lib/simulator/engine.mjs#resolveNormalOshiSkill hSD16-001; draw one when an own-stage Holomen has an attached 35P,ALIGNED,,FOCUSED_PASS,"tests/simulator-hsd16-001-006-text-alignment.test.mjs (paired attached-35P gate, one-card draw, Holo Power cost and once-per-turn state)"
hSD16-001:spOshiSkill,hSD16-001,さくらみこ,spOshiSkill,EFFECT_TEXT,website/public/cards.json#/cards[id=2088]/spOshiSkill,website/lib/simulator/engine.mjs and android-current/web/lib/simulator/engine.mjs#hSD16MikoFanTargets; own Sakura Miko with supportFan is the SP Arts +50 recipient,FIXED,website/lib/simulator/engine.mjs#hSD16MikoFanTargets/manualOshiAvailable/hbp09Legacy_activateOshiSkill; android-current/web/lib/simulator/engine.mjs#same,FOCUSED_PASS,tests/simulator-hsd16-001-006-text-alignment.test.mjs (RED: candidate was offered with no eligible own target; paired repair now rejects before payment; eligible own fan-equipped Sakura Miko receives +50)
hSD16-002:arts.0,hSD16-002,さくらみこ,arts.0,BASIC_ACTION,website/public/cards.json#/cards[id=2089]/arts.0,website/lib/simulator/engine.mjs and android-current/web/lib/simulator/engine.mjs#attack/effectiveArtCost; printed 20 Colorless Arts,ALIGNED,,FOCUSED_PASS,tests/simulator-hsd16-001-006-text-alignment.test.mjs (paired catalogue cost and exact resolved damage)
hSD16-003:arts.0,hSD16-003,さくらみこ,arts.0,BASIC_ACTION,website/public/cards.json#/cards[id=2090]/arts.0,website/lib/simulator/engine.mjs and android-current/web/lib/simulator/engine.mjs#attack/effectiveArtCost; printed 30 Red Arts,ALIGNED,,FOCUSED_PASS,tests/simulator-hsd16-001-006-text-alignment.test.mjs (paired catalogue cost and exact resolved damage)
hSD16-004:arts.0,hSD16-004,さくらみこ,arts.0,BASIC_ACTION,website/public/cards.json#/cards[id=2091]/arts.0,website/lib/simulator/engine.mjs and android-current/web/lib/simulator/engine.mjs#attack/effectiveArtCost; printed 20 Colorless Arts,ALIGNED,,FOCUSED_PASS,tests/simulator-hsd16-001-006-text-alignment.test.mjs (paired catalogue cost and exact resolved damage)
hSD16-004:keyword,hSD16-004,さくらみこ,keyword,EFFECT_TEXT,website/public/cards.json#/cards[id=2091]/keyword,website/lib/simulator/engine.mjs and android-current/web/lib/simulator/engine.mjs#hbp09Legacy_queueCollabEffects hSD16-004; second player first turn searches and attaches one deck 35P to this Collab,ALIGNED,,FOCUSED_PASS,"tests/simulator-hsd16-001-006-text-alignment.test.mjs (paired first-player-turn exclusion, second-player first-turn search, Collab recipient and deck shuffle path)"
hSD16-005:arts.0,hSD16-005,さくらみこ,arts.0,EFFECT_TEXT,website/public/cards.json#/cards[id=2092]/arts.0,website/lib/simulator/engine.mjs and android-current/web/lib/simulator/engine.mjs#resolveDiceArtEffects hSD16-005:0; draw one from deck only on die 3 or 5,ALIGNED,,FOCUSED_PASS,"tests/simulator-hsd16-001-006-text-alignment.test.mjs (paired deterministic die 3 draw, die 1 no-draw control and printed 20 damage)"
hSD16-006:arts.0,hSD16-006,さくらみこ,arts.0,BASIC_ACTION,website/public/cards.json#/cards[id=2093]/arts.0,website/lib/simulator/engine.mjs and android-current/web/lib/simulator/engine.mjs#attack/effectiveArtCost; printed 20 Colorless Arts,ALIGNED,,FOCUSED_PASS,tests/simulator-hsd16-001-006-text-alignment.test.mjs (paired catalogue cost and exact resolved damage)
hSD16-006:arts.1,hSD16-006,さくらみこ,arts.1,BASIC_ACTION,website/public/cards.json#/cards[id=2093]/arts.1,website/lib/simulator/engine.mjs and android-current/web/lib/simulator/engine.mjs#attack/effectiveArtCost; printed 50 Red/Colorless Arts,ALIGNED,,FOCUSED_PASS,tests/simulator-hsd16-001-006-text-alignment.test.mjs (paired catalogue cost and exact resolved damage)
hSD16-007:arts.0,hSD16-007,さくらみこ,arts.0,EFFECT_TEXT,website/public/cards.json#/cards[id=2094]/arts.0,website/lib/simulator/engine.mjs and android-current/web/lib/simulator/engine.mjs#resolveDiceArtEffects hSD16-007:0; the +10 die check applies from Center only,ALIGNED,,FOCUSED_PASS,"tests/simulator-hsd16-007-009-text-alignment.test.mjs (paired Center die 3 bonus, die 1 no-bonus control and Collab rejection)"
hSD16-007:keyword,hSD16-007,さくらみこ,keyword,EFFECT_TEXT,website/public/cards.json#/cards[id=2094]/keyword,website/lib/simulator/engine.mjs and android-current/web/lib/simulator/engine.mjs#queueGiftKnockoutEffects hSD16-007; opponent-turn knockout draws one from owner's deck,ALIGNED,,FOCUSED_PASS,tests/simulator-hsd16-007-009-text-alignment.test.mjs (paired opponent-turn knockout and exact one-card draw)
hSD16-008:arts.0,hSD16-008,さくらみこ,arts.0,BASIC_ACTION,website/public/cards.json#/cards[id=2095]/arts.0,website/lib/simulator/engine.mjs and android-current/web/lib/simulator/engine.mjs#attack/effectiveArtCost; printed 30 Arts for one Colorless Cheer,ALIGNED,,FOCUSED_PASS,tests/simulator-hsd16-007-009-text-alignment.test.mjs (paired printed catalogue damage and cost)
hSD16-008:keyword,hSD16-008,さくらみこ,keyword,EFFECT_TEXT,website/public/cards.json#/cards[id=2095]/keyword,website/lib/simulator/engine.mjs and android-current/web/lib/simulator/engine.mjs#hbp09Legacy_queueCollabEffects hSD16-008; roll 3/5 may return one Archive 35P to hand,ALIGNED,,FOCUSED_PASS,"tests/simulator-hsd16-007-009-text-alignment.test.mjs (paired deterministic hit/miss rolls, Archive filter, hand transfer, and normal Collab Holo Power)"
hSD16-009:arts.0,hSD16-009,さくらみこ,arts.0,BASIC_ACTION,website/public/cards.json#/cards[id=2096]/arts.0,"website/lib/simulator/engine.mjs and android-current/web/lib/simulator/engine.mjs#attack/effectiveArtCost; printed 100 Red/Colorless/Colorless Arts, +30 only against Yellow",ALIGNED,,FOCUSED_PASS,"tests/simulator-hsd16-007-009-text-alignment.test.mjs (paired exact cost, Yellow conditional bonus and non-Yellow control)"
hSD16-009:keyword,hSD16-009,さくらみこ,keyword,EFFECT_TEXT,website/public/cards.json#/cards[id=2096]/keyword,website/lib/simulator/engine.mjs and android-current/web/lib/simulator/engine.mjs#Bloom-enter effect hSD16-009; second Miko receives +10 Arts per own-stage attached 35P for the turn,ALIGNED,,FOCUSED_PASS,tests/simulator-hsd16-007-009-text-alignment.test.mjs (paired multi-zone attachment count and temporary Arts modifier)
hSD17-001:oshiSkill,hSD17-001,星街すいせい,oshiSkill,EFFECT_TEXT,website/public/cards.json#/cards[id=2098]/oshiSkill,website/lib/simulator/engine.mjs and android-current/web/lib/simulator/engine.mjs#resolveNormalOshiSkill hSD17-001; attach Cheer Deck top to one own Holomen,ALIGNED,,FOCUSED_PASS,"tests/simulator-hsd17-001-006-text-alignment.test.mjs (paired top-Cheer attachment, own-stage target, three-Holo-Power payment and once-per-turn marker)"
hSD17-001:spOshiSkill,hSD17-001,星街すいせい,spOshiSkill,EFFECT_TEXT,website/public/cards.json#/cards[id=2098]/spOshiSkill,"website/lib/simulator/engine.mjs and android-current/web/lib/simulator/engine.mjs#resolveSpOshiSkill hSD17-001; if Center is Suisei, select one opponent Back for 50 special damage",ALIGNED,,FOCUSED_PASS,"tests/simulator-hsd17-001-006-text-alignment.test.mjs (paired Center-condition hit/miss, Back-only targets, exact 50 special damage and once-per-game marker)"
hSD17-002:arts.0,hSD17-002,星街すいせい,arts.0,BASIC_ACTION,website/public/cards.json#/cards[id=2099]/arts.0,website/lib/simulator/engine.mjs and android-current/web/lib/simulator/engine.mjs#attack/effectiveArtCost; printed 20 Colorless Arts,ALIGNED,,FOCUSED_PASS,tests/simulator-hsd17-001-006-text-alignment.test.mjs (paired catalogue cost and exact resolved damage)
hSD17-003:arts.0,hSD17-003,星街すいせい,arts.0,BASIC_ACTION,website/public/cards.json#/cards[id=2100]/arts.0,website/lib/simulator/engine.mjs and android-current/web/lib/simulator/engine.mjs#attack/effectiveArtCost; printed 30 Blue Arts,ALIGNED,,FOCUSED_PASS,tests/simulator-hsd17-001-006-text-alignment.test.mjs (paired catalogue cost and exact resolved damage)
hSD17-004:arts.0,hSD17-004,星街すいせい,arts.0,BASIC_ACTION,website/public/cards.json#/cards[id=2101]/arts.0,website/lib/simulator/engine.mjs and android-current/web/lib/simulator/engine.mjs#attack/effectiveArtCost; printed 20 Colorless Arts,ALIGNED,,FOCUSED_PASS,tests/simulator-hsd17-001-006-text-alignment.test.mjs (paired catalogue cost and exact resolved damage)
hSD17-004:keyword,hSD17-004,星街すいせい,keyword,EFFECT_TEXT,website/public/cards.json#/cards[id=2101]/keyword,website/lib/simulator/engine.mjs and android-current/web/lib/simulator/engine.mjs#hbp09Legacy_queueCollabEffects hSD17-004; second-player first-turn Collab deals 20 special damage to an opponent Back,ALIGNED,,FOCUSED_PASS,"tests/simulator-hsd17-001-006-text-alignment.test.mjs (paired second-player eligible turn, selected Back damage, first-player exclusion)"
hSD17-005:arts.0,hSD17-005,星街すいせい,arts.0,EFFECT_TEXT,website/public/cards.json#/cards[id=2102]/arts.0,website/lib/simulator/engine.mjs and android-current/web/lib/simulator/engine.mjs#resolveDiceArtEffects special-damage branch hSD17-005; printed 20 Arts plus 10 special damage to an opponent Back,ALIGNED,,FOCUSED_PASS,"tests/simulator-hsd17-001-006-text-alignment.test.mjs (paired target zone, 10 special damage, and separate printed Arts resolution)"
hSD17-006:arts.0,hSD17-006,星街すいせい,arts.0,BASIC_ACTION,website/public/cards.json#/cards[id=2103]/arts.0,website/lib/simulator/engine.mjs and android-current/web/lib/simulator/engine.mjs#attack/effectiveArtCost; printed 30 Colorless Arts,ALIGNED,,FOCUSED_PASS,tests/simulator-hsd17-001-006-text-alignment.test.mjs (paired catalogue cost and exact resolved damage)
hSD17-006:arts.1,hSD17-006,星街すいせい,arts.1,BASIC_ACTION,website/public/cards.json#/cards[id=2103]/arts.1,website/lib/simulator/engine.mjs and android-current/web/lib/simulator/engine.mjs#attack/effectiveArtCost; printed 50 Blue/Colorless Arts,ALIGNED,,FOCUSED_PASS,tests/simulator-hsd17-001-006-text-alignment.test.mjs (paired catalogue cost and exact resolved damage)
hSD17-007:arts.0,hSD17-007,星街すいせい,arts.0,BASIC_ACTION,website/public/cards.json#/cards[id=2104]/arts.0,website/lib/simulator/engine.mjs and android-current/web/lib/simulator/engine.mjs#attack/effectiveArtCost; printed 30 Colorless Arts,ALIGNED,,FOCUSED_PASS,tests/simulator-hsd17-007-010-text-alignment.test.mjs (paired printed damage and cost via catalog plus Center-only effect timing)
hSD17-007:keyword,hSD17-007,星街すいせい,keyword,EFFECT_TEXT,website/public/cards.json#/cards[id=2104]/keyword,website/lib/simulator/engine.mjs and android-current/web/lib/simulator/engine.mjs#queueBloomEffects/hbp09Legacy_queueBloomEffects hSD17-007; Back Bloom deals 10 special damage to an opponent Back,ALIGNED,,FOCUSED_PASS,tests/simulator-hsd17-007-010-text-alignment.test.mjs (paired Back Bloom trigger and Center Bloom no-trigger control)
hSD17-008:arts.0,hSD17-008,星街すいせい,arts.0,EFFECT_TEXT,website/public/cards.json#/cards[id=2105]/arts.0,website/lib/simulator/engine.mjs and android-current/web/lib/simulator/engine.mjs#attack/effectiveArtCost; printed 40 Blue/Colorless Arts plus 10 special damage to opponent Back,ALIGNED,,FOCUSED_PASS,tests/simulator-hsd17-007-010-text-alignment.test.mjs (paired catalog damage/cost and separate targeted special damage)
hSD17-008:keyword,hSD17-008,星街すいせい,keyword,EFFECT_TEXT,website/public/cards.json#/cards[id=2105]/keyword,website/lib/simulator/engine.mjs and android-current/web/lib/simulator/engine.mjs#queueGiftKnockoutEffects hSD17-008; on opponent-turn knockout draw one,ALIGNED,,FOCUSED_PASS,tests/simulator-hsd17-007-010-text-alignment.test.mjs (paired opponent-turn knockout and exact single-card deck draw)
hSD17-009:arts.0,hSD17-009,星街すいせい,arts.0,BASIC_ACTION,website/public/cards.json#/cards[id=2106]/arts.0,"website/lib/simulator/engine.mjs and android-current/web/lib/simulator/engine.mjs#attack/effectiveArtCost; printed 110 Blue/Blue/Colorless Arts, +30 only against Purple",ALIGNED,,FOCUSED_PASS,"tests/simulator-hsd17-007-010-text-alignment.test.mjs (paired exact cost, Purple bonus, non-Purple control, and Collab buff interaction)"
hSD17-009:keyword,hSD17-009,星街すいせい,keyword,EFFECT_TEXT,website/public/cards.json#/cards[id=2106]/keyword,website/lib/simulator/engine.mjs and android-current/web/lib/simulator/engine.mjs#queueCollabEffects hSD17-009; own Arts +20 for this turn,ALIGNED,,FOCUSED_PASS,tests/simulator-hsd17-007-010-text-alignment.test.mjs (paired Collab modifier and resulting Arts damage)
hSD17-010:abilityText,hSD17-010,ステラ,abilityText,EFFECT_TEXT,website/public/cards.json#/cards[id=2107]/abilityText,website/lib/simulator/engine.mjs and android-current/web/lib/simulator/engine.mjs#effect-catalog stella / playExtendedSupportPartThree; 20 special damage to non-Debut opponent Back once per turn,ALIGNED,,FOCUSED_PASS,"tests/simulator-hsd17-007-010-text-alignment.test.mjs (paired Back-only non-Debut target filter, 20 damage, once-per-turn duplicate rejection)"
hSD18-001:oshiSkill,hSD18-001,森カリオペ,oshiSkill,EFFECT_TEXT,website/public/cards.json#/cards[id=2109]/oshiSkill,"website/lib/simulator/engine.mjs and android-current/web/lib/simulator/engine.mjs#hbp09Legacy_resolveNormalOshiSkill hSD18-001; pay 2 Holo Power, archive the top two Main Deck cards, then draw one",ALIGNED,,FOCUSED_PASS,"tests/simulator-hsd18-001-006-text-alignment.test.mjs (paired exact Holo Power payment, archive order, one-card draw and remaining deck)"
hSD18-001:spOshiSkill,hSD18-001,森カリオペ,spOshiSkill,EFFECT_TEXT,website/public/cards.json#/cards[id=2109]/spOshiSkill,"website/lib/simulator/engine.mjs and android-current/web/lib/simulator/engine.mjs#hbp09Legacy_resolveSpOshiSkill hSD18-001; after cost, six archived Holomen buffs each own Mori Calliope +30 Arts for the turn",ALIGNED,,FOCUSED_PASS,tests/simulator-hsd18-001-006-text-alignment.test.mjs (paired below/at-six post-cost Archive boundary and own-stage recipient scope)
hSD18-002:arts.0,hSD18-002,森カリオペ,arts.0,BASIC_ACTION,website/public/cards.json#/cards[id=2110]/arts.0,website/lib/simulator/engine.mjs and android-current/web/lib/simulator/engine.mjs#attack/effectiveArtCost; printed 20 Colorless Arts,ALIGNED,,FOCUSED_PASS,tests/simulator-hsd18-001-006-text-alignment.test.mjs (paired printed catalog damage/cost and resolved Center damage)
hSD18-003:arts.0,hSD18-003,森カリオペ,arts.0,BASIC_ACTION,website/public/cards.json#/cards[id=2111]/arts.0,website/lib/simulator/engine.mjs and android-current/web/lib/simulator/engine.mjs#attack/effectiveArtCost; printed 30 Purple Arts,ALIGNED,,FOCUSED_PASS,tests/simulator-hsd18-001-006-text-alignment.test.mjs (paired printed catalog damage/cost and resolved Center damage)
hSD18-004:arts.0,hSD18-004,森カリオペ,arts.0,BASIC_ACTION,website/public/cards.json#/cards[id=2112]/arts.0,website/lib/simulator/engine.mjs and android-current/web/lib/simulator/engine.mjs#attack/effectiveArtCost; printed 20 Colorless Arts,ALIGNED,,FOCUSED_PASS,tests/simulator-hsd18-001-006-text-alignment.test.mjs (paired printed catalog damage/cost and resolved Center damage)
hSD18-004:keyword,hSD18-004,森カリオペ,keyword,EFFECT_TEXT,website/public/cards.json#/cards[id=2112]/keyword,"website/lib/simulator/engine.mjs and android-current/web/lib/simulator/engine.mjs#hbp09Legacy_queueCollabEffects hSD18-004; on the second player's first turn archive the post-Collab Main Deck top, then draw one",ALIGNED,,FOCUSED_PASS,tests/simulator-hsd18-001-006-text-alignment.test.mjs (paired second-player first-turn order and first-player exclusion)
hSD18-005:arts.0,hSD18-005,森カリオペ,arts.0,BASIC_ACTION,website/public/cards.json#/cards[id=2113]/arts.0,website/lib/simulator/engine.mjs and android-current/web/lib/simulator/engine.mjs#attack/effectiveArtCost; printed 20 Colorless Arts,ALIGNED,,FOCUSED_PASS,tests/simulator-hsd18-001-006-text-alignment.test.mjs (paired printed catalog damage/cost and resolved Center damage)
hSD18-005:keyword,hSD18-005,森カリオペ,keyword,EFFECT_TEXT,website/public/cards.json#/cards[id=2113]/keyword,website/lib/simulator/engine.mjs and android-current/web/lib/simulator/engine.mjs#hbp09Legacy_queueCollabEffects hSD18-005; deal 10 special damage to opponent Center only if an own-stage Holomen has an equipped Tool,ALIGNED,,FOCUSED_PASS,tests/simulator-hsd18-001-006-text-alignment.test.mjs (paired equipped-Tool positive case and no-Tool control)
hSD18-006:arts.0,hSD18-006,森カリオペ,arts.0,BASIC_ACTION,website/public/cards.json#/cards[id=2114]/arts.0,website/lib/simulator/engine.mjs and android-current/web/lib/simulator/engine.mjs#attack/effectiveArtCost; printed 30 Colorless Arts,ALIGNED,,FOCUSED_PASS,tests/simulator-hsd18-001-006-text-alignment.test.mjs (paired printed catalog damage/cost and resolved Center damage)
hSD18-006:arts.1,hSD18-006,森カリオペ,arts.1,BASIC_ACTION,website/public/cards.json#/cards[id=2114]/arts.1,website/lib/simulator/engine.mjs and android-current/web/lib/simulator/engine.mjs#attack/effectiveArtCost; printed 50 Purple/Colorless Arts,ALIGNED,,FOCUSED_PASS,tests/simulator-hsd18-001-006-text-alignment.test.mjs (paired printed catalog damage/cost and resolved Center damage)
hSD18-007:arts.0,hSD18-007,森カリオペ,arts.0,EFFECT_TEXT,website/public/cards.json#/cards[id=2115]/arts.0,website/lib/simulator/engine.mjs and android-current/web/lib/simulator/engine.mjs#effectiveArtDamage/supportTool modifier; printed 30 Colorless Arts and +10 when equipped with a Tool,ALIGNED,,FOCUSED_PASS,tests/simulator-hsd18-007-009-text-alignment.test.mjs (paired no-Tool 30 and Tool-equipped 40 damage; non-Arts Tool controls its own modifier)
hSD18-007:keyword,hSD18-007,森カリオペ,keyword,EFFECT_TEXT,website/public/cards.json#/cards[id=2115]/keyword,website/lib/simulator/engine.mjs and android-current/web/lib/simulator/engine.mjs#hbp09Legacy_queueGiftKnockoutEffects hSD18-007; opponent-turn knockout archives the Main Deck top,ALIGNED,,FOCUSED_PASS,"tests/simulator-hsd18-007-009-text-alignment.test.mjs (paired combat knockout, top-card archive, deck remainder and defeated card movement)"
hSD18-008:arts.0,hSD18-008,森カリオペ,arts.0,EFFECT_TEXT,website/public/cards.json#/cards[id=2116]/arts.0,website/lib/simulator/engine.mjs and android-current/web/lib/simulator/engine.mjs#attack center-only gate + queueArchiveToHand typeCodes supportTool; return one archived Tool,ALIGNED,,FOCUSED_PASS,"tests/simulator-hsd18-007-009-text-alignment.test.mjs (paired Center Tool return, exact chosen card, 40 damage and rejection from Collab)"
hSD18-008:keyword,hSD18-008,森カリオペ,keyword,EFFECT_TEXT,website/public/cards.json#/cards[id=2116]/keyword,website/lib/simulator/engine.mjs and android-current/web/lib/simulator/engine.mjs#hbp09Legacy_queueBloomEffects hSD18-008; archive one Main Deck top card on Bloom,ALIGNED,,FOCUSED_PASS,"tests/simulator-hsd18-007-009-text-alignment.test.mjs (paired Bloom trigger, exact top-card movement and deck remainder)"
hSD18-009:arts.0,hSD18-009,森カリオペ,arts.0,BASIC_ACTION,website/public/cards.json#/cards[id=2117]/arts.0,website/lib/simulator/engine.mjs and android-current/web/lib/simulator/engine.mjs#attack specialTargets/specialValues; printed 90 Purple/Purple Arts and +30 against Green,ALIGNED,,FOCUSED_PASS,tests/simulator-hsd18-007-009-text-alignment.test.mjs (paired Green 120 damage and non-Green 90 control)
hSD18-009:keyword,hSD18-009,森カリオペ,keyword,EFFECT_TEXT,website/public/cards.json#/cards[id=2117]/keyword,website/lib/simulator/engine.mjs and android-current/web/lib/simulator/engine.mjs#simpleKeywordCondition archive Holomen threshold + queueSimpleTriggeredKeyword fixed Center specialDamage,ALIGNED,,FOCUSED_PASS,tests/simulator-hsd18-007-009-text-alignment.test.mjs (paired five/six Archive threshold and exact 20 opponent-Center damage)
hSD19-001:oshiSkill,hSD19-001,大空スバル,oshiSkill,EFFECT_TEXT,website/public/cards.json#/cards[id=2119]/oshiSkill,website/lib/simulator/engine.mjs and android-current/web/lib/simulator/engine.mjs#hbp09Legacy_resolveNormalOshiSkill hSD19-001; return one archived Holomen to hand,ALIGNED,,FOCUSED_PASS,"tests/simulator-hsd19-001-006-text-alignment.test.mjs (paired archive Holomen selection excludes Cheer, returns selected card, and consumes once-per-turn use)"
hSD19-001:spOshiSkill,hSD19-001,大空スバル,spOshiSkill,EFFECT_TEXT,website/public/cards.json#/cards[id=2119]/spOshiSkill,website/lib/simulator/engine.mjs and android-current/web/lib/simulator/engine.mjs#hbp09Legacy_resolveSpOshiSkill hSD19-001; distribute one Archive Cheer to each of one or two distinct own Subaru,ALIGNED,,FOCUSED_PASS,tests/simulator-hsd19-001-006-text-alignment.test.mjs (paired two-card distribution to distinct Subaru and no Cheer on a non-Subaru)
hSD19-002:arts.0,hSD19-002,大空スバル,arts.0,BASIC_ACTION,website/public/cards.json#/cards[id=2120]/arts.0,website/lib/simulator/engine.mjs and android-current/web/lib/simulator/engine.mjs#attack/effectiveArtCost; printed 10 Colorless Arts,ALIGNED,,FOCUSED_PASS,tests/simulator-hsd19-001-006-text-alignment.test.mjs (paired printed damage/cost and resolved damage)
hSD19-003:arts.0,hSD19-003,大空スバル,arts.0,EFFECT_TEXT,website/public/cards.json#/cards[id=2121]/arts.0,"website/lib/simulator/engine.mjs and android-current/web/lib/simulator/engine.mjs#effectiveArtsDamage/effectiveArtCost; printed 20 Yellow Arts, +10 at two or fewer own Life",ALIGNED,,FOCUSED_PASS,tests/simulator-hsd19-001-006-text-alignment.test.mjs (paired 3/2/1 Life boundary damage)
hSD19-004:arts.0,hSD19-004,大空スバル,arts.0,BASIC_ACTION,website/public/cards.json#/cards[id=2122]/arts.0,website/lib/simulator/engine.mjs and android-current/web/lib/simulator/engine.mjs#attack/effectiveArtCost; printed 20 Colorless Arts,ALIGNED,,FOCUSED_PASS,tests/simulator-hsd19-001-006-text-alignment.test.mjs (paired printed damage/cost and resolved damage)
hSD19-004:keyword,hSD19-004,大空スバル,keyword,EFFECT_TEXT,website/public/cards.json#/cards[id=2122]/keyword,website/lib/simulator/engine.mjs and android-current/web/lib/simulator/engine.mjs#hbp09Legacy_queueCollabEffects hSD19-004; optional Deck Debut on the second player's first-turn Collab,ALIGNED,,FOCUSED_PASS,tests/simulator-hsd19-001-006-text-alignment.test.mjs (paired second-player first-turn Debut search/staging and first-player exclusion)
hSD19-005:arts.0,hSD19-005,大空スバル,arts.0,BASIC_ACTION,website/public/cards.json#/cards[id=2123]/arts.0,website/lib/simulator/engine.mjs and android-current/web/lib/simulator/engine.mjs#attack/effectiveArtCost; printed 20 Colorless Arts,ALIGNED,,FOCUSED_PASS,tests/simulator-hsd19-001-006-text-alignment.test.mjs (paired printed damage/cost and resolved damage)
hSD19-005:keyword,hSD19-005,大空スバル,keyword,EFFECT_TEXT,website/public/cards.json#/cards[id=2123]/keyword,website/lib/simulator/engine.mjs and android-current/web/lib/simulator/engine.mjs#giftIncomingDamageAdjustment hSD19-005; reduce damage to this Holomen by 10 only from opponent Center,ALIGNED,,FOCUSED_PASS,tests/simulator-hsd19-001-006-text-alignment.test.mjs (paired opponent-Center 10 damage reduced to zero and opponent-Collab 10 control)
hSD19-006:arts.0,hSD19-006,大空スバル,arts.0,BASIC_ACTION,website/public/cards.json#/cards[id=2124]/arts.0,website/lib/simulator/engine.mjs and android-current/web/lib/simulator/engine.mjs#attack/effectiveArtCost; printed 20 Colorless Arts,ALIGNED,,FOCUSED_PASS,tests/simulator-hsd19-001-006-text-alignment.test.mjs (paired printed damage/cost and resolved damage)
hSD19-006:arts.1,hSD19-006,大空スバル,arts.1,BASIC_ACTION,website/public/cards.json#/cards[id=2124]/arts.1,website/lib/simulator/engine.mjs and android-current/web/lib/simulator/engine.mjs#attack/effectiveArtCost; printed 40 Yellow/Colorless Arts,ALIGNED,,FOCUSED_PASS,tests/simulator-hsd19-001-006-text-alignment.test.mjs (paired printed damage/cost and resolved damage)
hSD19-007:arts.0,hSD19-007,大空スバル,arts.0,EFFECT_TEXT,website/public/cards.json#/cards[id=2125]/arts.0,"website/lib/simulator/engine.mjs and android-current/web/lib/simulator/engine.mjs#resolveGenericArtEffects; printed 30 Colorless Arts, +20 with two or more attached Cheer",ALIGNED,,FOCUSED_PASS,tests/simulator-hsd19-007-010-text-alignment.test.mjs (paired 1/2/3 attached Cheer damage boundary)
hSD19-007:keyword,hSD19-007,大空スバル,keyword,EFFECT_TEXT,website/public/cards.json#/cards[id=2125]/keyword,website/lib/simulator/engine.mjs and android-current/web/lib/simulator/engine.mjs#hbp09Legacy_queueBloomEffects hSD19-007; attach one Archive Cheer to the Bloomed Holomen,ALIGNED,,FOCUSED_PASS,"tests/simulator-hsd19-007-010-text-alignment.test.mjs (paired Bloom, Archive Cheer selection, target completion and movement)"
hSD19-008:arts.0,hSD19-008,大空スバル,arts.0,EFFECT_TEXT,website/public/cards.json#/cards[id=2126]/arts.0,"website/lib/simulator/engine.mjs and android-current/web/lib/simulator/engine.mjs#giftZoneApplies + resolveGenericArtEffects; Collab-only, +20 if opponent has a 2nd Holomen",ALIGNED,,FOCUSED_PASS,tests/simulator-hsd19-007-010-text-alignment.test.mjs (paired Center-use rejection and Collab 1st/2nd opponent-stage damage)
hSD19-009:arts.0,hSD19-009,大空スバル,arts.0,EFFECT_TEXT,website/public/cards.json#/cards[id=2127]/arts.0,website/lib/simulator/engine.mjs and android-current/web/lib/simulator/engine.mjs#resolveGenericArtEffects + attack/specialTargets; +10 at two or fewer Life and +30 against White,ALIGNED,,FOCUSED_PASS,tests/simulator-hsd19-007-010-text-alignment.test.mjs (paired independent and combined low-Life/White target modifiers)
hSD19-010:abilityText,hSD19-010,ごきげんカレー,abilityText,EFFECT_TEXT,website/public/cards.json#/cards[id=2128]/abilityText,website/lib/simulator/engine.mjs and android-current/web/lib/simulator/engine.mjs#genericSupportEffect healing; choose one own Holomen and restore 30 HP,ALIGNED,,FOCUSED_PASS,tests/simulator-hsd19-007-010-text-alignment.test.mjs (paired selected target heals exactly 30 and other own Holomen is unchanged)
hY01-001:abilityText,hY01-001,白エール,abilityText,EFFECT_TEXT,website/public/cards.json#/cards[id=168]/abilityText,website/lib/simulator/engine.mjs and android-current/web/lib/simulator/engine.mjs#downHolomen archives attached Cheer on stage exit; batonPass archives exactly effectiveBatonCost Cheer,ALIGNED,,FOCUSED_PASS,tests/simulator-hy01-001-014-text-alignment.test.mjs (paired hY01-001 leave-stage archive and exact printed Baton-cost transfer)
hY01-002:abilityText,hY01-002,白エール,abilityText,EFFECT_TEXT,website/public/cards.json#/cards[id=196]/abilityText,website/lib/simulator/engine.mjs and android-current/web/lib/simulator/engine.mjs#downHolomen archives attached Cheer on stage exit; batonPass archives exactly effectiveBatonCost Cheer,ALIGNED,,FOCUSED_PASS,tests/simulator-hy01-001-014-text-alignment.test.mjs (paired hY01-002 leave-stage archive and exact printed Baton-cost transfer)
hY01-003:abilityText,hY01-003,白エール,abilityText,EFFECT_TEXT,website/public/cards.json#/cards[id=477]/abilityText,website/lib/simulator/engine.mjs and android-current/web/lib/simulator/engine.mjs#downHolomen archives attached Cheer on stage exit; batonPass archives exactly effectiveBatonCost Cheer,ALIGNED,,FOCUSED_PASS,tests/simulator-hy01-001-014-text-alignment.test.mjs (paired hY01-003 leave-stage archive and exact printed Baton-cost transfer)
hY01-004:abilityText,hY01-004,白エール,abilityText,EFFECT_TEXT,website/public/cards.json#/cards[id=797]/abilityText,website/lib/simulator/engine.mjs and android-current/web/lib/simulator/engine.mjs#downHolomen archives attached Cheer on stage exit; batonPass archives exactly effectiveBatonCost Cheer,ALIGNED,,FOCUSED_PASS,tests/simulator-hy01-001-014-text-alignment.test.mjs (paired hY01-004 leave-stage archive and exact printed Baton-cost transfer)
hY01-005:abilityText,hY01-005,白エール,abilityText,EFFECT_TEXT,website/public/cards.json#/cards[id=805]/abilityText,website/lib/simulator/engine.mjs and android-current/web/lib/simulator/engine.mjs#downHolomen archives attached Cheer on stage exit; batonPass archives exactly effectiveBatonCost Cheer,ALIGNED,,FOCUSED_PASS,tests/simulator-hy01-001-014-text-alignment.test.mjs (paired hY01-005 leave-stage archive and exact printed Baton-cost transfer)
hY01-006:abilityText,hY01-006,白エール,abilityText,EFFECT_TEXT,website/public/cards.json#/cards[id=1082]/abilityText,website/lib/simulator/engine.mjs and android-current/web/lib/simulator/engine.mjs#downHolomen archives attached Cheer on stage exit; batonPass archives exactly effectiveBatonCost Cheer,ALIGNED,,FOCUSED_PASS,tests/simulator-hy01-001-014-text-alignment.test.mjs (paired hY01-006 leave-stage archive and exact printed Baton-cost transfer)
hY01-007:abilityText,hY01-007,白エール,abilityText,EFFECT_TEXT,website/public/cards.json#/cards[id=1390]/abilityText,website/lib/simulator/engine.mjs and android-current/web/lib/simulator/engine.mjs#downHolomen archives attached Cheer on stage exit; batonPass archives exactly effectiveBatonCost Cheer,ALIGNED,,FOCUSED_PASS,tests/simulator-hy01-001-014-text-alignment.test.mjs (paired hY01-007 leave-stage archive and exact printed Baton-cost transfer)
hY01-008:abilityText,hY01-008,白エール,abilityText,EFFECT_TEXT,website/public/cards.json#/cards[id=]/abilityText,website/lib/simulator/engine.mjs and android-current/web/lib/simulator/engine.mjs#downHolomen archives attached Cheer on stage exit; batonPass archives exactly effectiveBatonCost Cheer,ALIGNED,,FOCUSED_PASS,tests/simulator-hy01-001-014-text-alignment.test.mjs (paired hY01-008 leave-stage archive and exact printed Baton-cost transfer)
hY01-009:abilityText,hY01-009,白エール,abilityText,EFFECT_TEXT,website/public/cards.json#/cards[id=1128]/abilityText,website/lib/simulator/engine.mjs and android-current/web/lib/simulator/engine.mjs#downHolomen archives attached Cheer on stage exit; batonPass archives exactly effectiveBatonCost Cheer,ALIGNED,,FOCUSED_PASS,tests/simulator-hy01-001-014-text-alignment.test.mjs (paired hY01-009 leave-stage archive and exact printed Baton-cost transfer)
hY01-010:abilityText,hY01-010,白エール,abilityText,EFFECT_TEXT,website/public/cards.json#/cards[id=1712]/abilityText,website/lib/simulator/engine.mjs and android-current/web/lib/simulator/engine.mjs#downHolomen archives attached Cheer on stage exit; batonPass archives exactly effectiveBatonCost Cheer,ALIGNED,,FOCUSED_PASS,tests/simulator-hy01-001-014-text-alignment.test.mjs (paired hY01-010 leave-stage archive and exact printed Baton-cost transfer)
hY01-011:abilityText,hY01-011,白エール,abilityText,EFFECT_TEXT,website/public/cards.json#/cards[id=]/abilityText,website/lib/simulator/engine.mjs and android-current/web/lib/simulator/engine.mjs#downHolomen archives attached Cheer on stage exit; batonPass archives exactly effectiveBatonCost Cheer,ALIGNED,,FOCUSED_PASS,tests/simulator-hy01-001-014-text-alignment.test.mjs (paired hY01-011 leave-stage archive and exact printed Baton-cost transfer)
hY01-012:abilityText,hY01-012,白エール,abilityText,EFFECT_TEXT,website/public/cards.json#/cards[id=2026]/abilityText,website/lib/simulator/engine.mjs and android-current/web/lib/simulator/engine.mjs#downHolomen archives attached Cheer on stage exit; batonPass archives exactly effectiveBatonCost Cheer,ALIGNED,,FOCUSED_PASS,tests/simulator-hy01-001-014-text-alignment.test.mjs (paired hY01-012 leave-stage archive and exact printed Baton-cost transfer)
hY01-013:abilityText,hY01-013,白エール,abilityText,EFFECT_TEXT,website/public/cards.json#/cards[id=2450]/abilityText,website/lib/simulator/engine.mjs and android-current/web/lib/simulator/engine.mjs#downHolomen archives attached Cheer on stage exit; batonPass archives exactly effectiveBatonCost Cheer,ALIGNED,,FOCUSED_PASS,tests/simulator-hy01-001-014-text-alignment.test.mjs (paired hY01-013 leave-stage archive and exact printed Baton-cost transfer)
hY01-014:abilityText,hY01-014,白エール,abilityText,EFFECT_TEXT,website/public/cards.json#/cards[id=heb01-hY01-014-S-1;heb01-hY01-014-SY-2]/abilityText,website/lib/simulator/engine.mjs and android-current/web/lib/simulator/engine.mjs#downHolomen archives attached Cheer on stage exit; batonPass archives exactly effectiveBatonCost Cheer,ALIGNED,,FOCUSED_PASS,tests/simulator-hy01-001-014-text-alignment.test.mjs (paired hY01-014 leave-stage archive and exact printed Baton-cost transfer)
hY02-001:abilityText,hY02-001,緑エール,abilityText,EFFECT_TEXT,website/public/cards.json#/cards[id=169]/abilityText,website/lib/simulator/engine.mjs and android-current/web/lib/simulator/engine.mjs#downHolomen archives attached Cheer on stage exit; batonPass archives exactly effectiveBatonCost Cheer,ALIGNED,,FOCUSED_PASS,tests/simulator-hy02-006-text-alignment.test.mjs (paired hY02-001 leave-stage archive and exact printed Baton-cost transfer)
hY02-002:abilityText,hY02-002,緑エール,abilityText,EFFECT_TEXT,website/public/cards.json#/cards[id=478]/abilityText,website/lib/simulator/engine.mjs and android-current/web/lib/simulator/engine.mjs#downHolomen archives attached Cheer on stage exit; batonPass archives exactly effectiveBatonCost Cheer,ALIGNED,,FOCUSED_PASS,tests/simulator-hy02-006-text-alignment.test.mjs (paired hY02-002 leave-stage archive and exact printed Baton-cost transfer)
hY02-003:abilityText,hY02-003,緑エール,abilityText,EFFECT_TEXT,website/public/cards.json#/cards[id=798]/abilityText,website/lib/simulator/engine.mjs and android-current/web/lib/simulator/engine.mjs#downHolomen archives attached Cheer on stage exit; batonPass archives exactly effectiveBatonCost Cheer,ALIGNED,,FOCUSED_PASS,tests/simulator-hy02-006-text-alignment.test.mjs (paired hY02-003 leave-stage archive and exact printed Baton-cost transfer)
hY02-004:abilityText,hY02-004,緑エール,abilityText,EFFECT_TEXT,website/public/cards.json#/cards[id=806]/abilityText,website/lib/simulator/engine.mjs and android-current/web/lib/simulator/engine.mjs#downHolomen archives attached Cheer on stage exit; batonPass archives exactly effectiveBatonCost Cheer,ALIGNED,,FOCUSED_PASS,tests/simulator-hy02-006-text-alignment.test.mjs (paired hY02-004 leave-stage archive and exact printed Baton-cost transfer)
hY02-005:abilityText,hY02-005,緑エール,abilityText,EFFECT_TEXT,website/public/cards.json#/cards[id=1083]/abilityText,website/lib/simulator/engine.mjs and android-current/web/lib/simulator/engine.mjs#downHolomen archives attached Cheer on stage exit; batonPass archives exactly effectiveBatonCost Cheer,ALIGNED,,FOCUSED_PASS,tests/simulator-hy02-006-text-alignment.test.mjs (paired hY02-005 leave-stage archive and exact printed Baton-cost transfer)
hY02-006:abilityText,hY02-006,緑エール,abilityText,EFFECT_TEXT,website/public/cards.json#/cards[id=1391]/abilityText,website/lib/simulator/engine.mjs and android-current/web/lib/simulator/engine.mjs#downHolomen archives attached Cheer on stage exit; batonPass archives exactly effectiveBatonCost Cheer,ALIGNED,,FOCUSED_PASS,tests/simulator-hy02-006-text-alignment.test.mjs (paired hY02-006 leave-stage archive and exact printed Baton-cost transfer)
hY02-007:abilityText,hY02-007,緑エール,abilityText,EFFECT_TEXT,website/public/cards.json#/cards[id=1129]/abilityText,website/lib/simulator/engine.mjs and android-current/web/lib/simulator/engine.mjs#downHolomen archives attached Cheer on stage exit; batonPass archives exactly effectiveBatonCost Cheer,ALIGNED,,FOCUSED_PASS,tests/simulator-hy02-006-text-alignment.test.mjs (paired hY02-007 leave-stage archive and exact printed Baton-cost transfer)
hY02-008:abilityText,hY02-008,緑エール,abilityText,EFFECT_TEXT,website/public/cards.json#/cards[id=1713]/abilityText,website/lib/simulator/engine.mjs and android-current/web/lib/simulator/engine.mjs#downHolomen archives attached Cheer on stage exit; batonPass archives exactly effectiveBatonCost Cheer,ALIGNED,,FOCUSED_PASS,tests/simulator-hy02-006-text-alignment.test.mjs (paired hY02-008 leave-stage archive and exact printed Baton-cost transfer)
hY02-009:abilityText,hY02-009,緑エール,abilityText,EFFECT_TEXT,website/public/cards.json#/cards[id=]/abilityText,website/lib/simulator/engine.mjs and android-current/web/lib/simulator/engine.mjs#downHolomen archives attached Cheer on stage exit; batonPass archives exactly effectiveBatonCost Cheer,ALIGNED,,FOCUSED_PASS,tests/simulator-hy02-006-text-alignment.test.mjs (paired hY02-009 leave-stage archive and exact printed Baton-cost transfer)
hY02-010:abilityText,hY02-010,緑エール,abilityText,EFFECT_TEXT,website/public/cards.json#/cards[id=2027]/abilityText,website/lib/simulator/engine.mjs and android-current/web/lib/simulator/engine.mjs#downHolomen archives attached Cheer on stage exit; batonPass archives exactly effectiveBatonCost Cheer,ALIGNED,,FOCUSED_PASS,tests/simulator-hy02-006-text-alignment.test.mjs (paired hY02-010 leave-stage archive and exact printed Baton-cost transfer)
hY02-011:abilityText,hY02-011,緑エール,abilityText,EFFECT_TEXT,website/public/cards.json#/cards[id=2451]/abilityText,website/lib/simulator/engine.mjs and android-current/web/lib/simulator/engine.mjs#downHolomen archives attached Cheer on stage exit; batonPass archives exactly effectiveBatonCost Cheer,ALIGNED,,FOCUSED_PASS,tests/simulator-hy02-006-text-alignment.test.mjs (paired hY02-011 leave-stage archive and exact printed Baton-cost transfer)
hY02-012:abilityText,hY02-012,緑エール,abilityText,EFFECT_TEXT,website/public/cards.json#/cards[id=heb01-hY02-012-S-1;heb01-hY02-012-SY-2]/abilityText,website/lib/simulator/engine.mjs and android-current/web/lib/simulator/engine.mjs#downHolomen archives attached Cheer on stage exit; batonPass archives exactly effectiveBatonCost Cheer,ALIGNED,,FOCUSED_PASS,tests/simulator-hy02-006-text-alignment.test.mjs (paired hY02-012 leave-stage archive and exact printed Baton-cost transfer)
hY03-001:abilityText,hY03-001,赤エール,abilityText,EFFECT_TEXT,website/public/cards.json#/cards[id=170]/abilityText,website/lib/simulator/engine.mjs and android-current/web/lib/simulator/engine.mjs#downHolomen archives attached Cheer on stage exit; batonPass archives exactly effectiveBatonCost Cheer,ALIGNED,,FOCUSED_PASS,tests/simulator-hy02-006-text-alignment.test.mjs (paired hY03-001 leave-stage archive and exact printed Baton-cost transfer)
hY03-002:abilityText,hY03-002,赤エール,abilityText,EFFECT_TEXT,website/public/cards.json#/cards[id=479]/abilityText,website/lib/simulator/engine.mjs and android-current/web/lib/simulator/engine.mjs#downHolomen archives attached Cheer on stage exit; batonPass archives exactly effectiveBatonCost Cheer,ALIGNED,,FOCUSED_PASS,tests/simulator-hy02-006-text-alignment.test.mjs (paired hY03-002 leave-stage archive and exact printed Baton-cost transfer)
hY03-003:abilityText,hY03-003,赤エール,abilityText,EFFECT_TEXT,website/public/cards.json#/cards[id=799]/abilityText,website/lib/simulator/engine.mjs and android-current/web/lib/simulator/engine.mjs#downHolomen archives attached Cheer on stage exit; batonPass archives exactly effectiveBatonCost Cheer,ALIGNED,,FOCUSED_PASS,tests/simulator-hy02-006-text-alignment.test.mjs (paired hY03-003 leave-stage archive and exact printed Baton-cost transfer)
hY03-004:abilityText,hY03-004,赤エール,abilityText,EFFECT_TEXT,website/public/cards.json#/cards[id=1084]/abilityText,website/lib/simulator/engine.mjs and android-current/web/lib/simulator/engine.mjs#downHolomen archives attached Cheer on stage exit; batonPass archives exactly effectiveBatonCost Cheer,ALIGNED,,FOCUSED_PASS,tests/simulator-hy02-006-text-alignment.test.mjs (paired hY03-004 leave-stage archive and exact printed Baton-cost transfer)
hY03-005:abilityText,hY03-005,赤エール,abilityText,EFFECT_TEXT,website/public/cards.json#/cards[id=837]/abilityText,website/lib/simulator/engine.mjs and android-current/web/lib/simulator/engine.mjs#downHolomen archives attached Cheer on stage exit; batonPass archives exactly effectiveBatonCost Cheer,ALIGNED,,FOCUSED_PASS,tests/simulator-hy02-006-text-alignment.test.mjs (paired hY03-005 leave-stage archive and exact printed Baton-cost transfer)
hY03-006:abilityText,hY03-006,赤エール,abilityText,EFFECT_TEXT,website/public/cards.json#/cards[id=838]/abilityText,website/lib/simulator/engine.mjs and android-current/web/lib/simulator/engine.mjs#downHolomen archives attached Cheer on stage exit; batonPass archives exactly effectiveBatonCost Cheer,ALIGNED,,FOCUSED_PASS,tests/simulator-hy02-006-text-alignment.test.mjs (paired hY03-006 leave-stage archive and exact printed Baton-cost transfer)
hY03-007:abilityText,hY03-007,赤エール,abilityText,EFFECT_TEXT,website/public/cards.json#/cards[id=839]/abilityText,website/lib/simulator/engine.mjs and android-current/web/lib/simulator/engine.mjs#downHolomen archives attached Cheer on stage exit; batonPass archives exactly effectiveBatonCost Cheer,ALIGNED,,FOCUSED_PASS,tests/simulator-hy02-006-text-alignment.test.mjs (paired hY03-007 leave-stage archive and exact printed Baton-cost transfer)
hY03-008:abilityText,hY03-008,赤エール,abilityText,EFFECT_TEXT,website/public/cards.json#/cards[id=840]/abilityText,website/lib/simulator/engine.mjs and android-current/web/lib/simulator/engine.mjs#downHolomen archives attached Cheer on stage exit; batonPass archives exactly effectiveBatonCost Cheer,ALIGNED,,FOCUSED_PASS,tests/simulator-hy02-006-text-alignment.test.mjs (paired hY03-008 leave-stage archive and exact printed Baton-cost transfer)
hY03-009:abilityText,hY03-009,赤エール,abilityText,EFFECT_TEXT,website/public/cards.json#/cards[id=1392]/abilityText,website/lib/simulator/engine.mjs and android-current/web/lib/simulator/engine.mjs#downHolomen archives attached Cheer on stage exit; batonPass archives exactly effectiveBatonCost Cheer,ALIGNED,,FOCUSED_PASS,tests/simulator-hy02-006-text-alignment.test.mjs (paired hY03-009 leave-stage archive and exact printed Baton-cost transfer)
hY03-010:abilityText,hY03-010,赤エール,abilityText,EFFECT_TEXT,website/public/cards.json#/cards[id=]/abilityText,website/lib/simulator/engine.mjs and android-current/web/lib/simulator/engine.mjs#downHolomen archives attached Cheer on stage exit; batonPass archives exactly effectiveBatonCost Cheer,ALIGNED,,FOCUSED_PASS,tests/simulator-hy02-006-text-alignment.test.mjs (paired hY03-010 leave-stage archive and exact printed Baton-cost transfer)
hY03-011:abilityText,hY03-011,赤エール,abilityText,EFFECT_TEXT,website/public/cards.json#/cards[id=1130]/abilityText,website/lib/simulator/engine.mjs and android-current/web/lib/simulator/engine.mjs#downHolomen archives attached Cheer on stage exit; batonPass archives exactly effectiveBatonCost Cheer,ALIGNED,,FOCUSED_PASS,tests/simulator-hy02-006-text-alignment.test.mjs (paired hY03-011 leave-stage archive and exact printed Baton-cost transfer)
hY03-012:abilityText,hY03-012,赤エール,abilityText,EFFECT_TEXT,website/public/cards.json#/cards[id=1131]/abilityText,website/lib/simulator/engine.mjs and android-current/web/lib/simulator/engine.mjs#downHolomen archives attached Cheer on stage exit; batonPass archives exactly effectiveBatonCost Cheer,ALIGNED,,FOCUSED_PASS,tests/simulator-hy02-006-text-alignment.test.mjs (paired hY03-012 leave-stage archive and exact printed Baton-cost transfer)
hY03-013:abilityText,hY03-013,赤エール,abilityText,EFFECT_TEXT,website/public/cards.json#/cards[id=1714]/abilityText,website/lib/simulator/engine.mjs and android-current/web/lib/simulator/engine.mjs#downHolomen archives attached Cheer on stage exit; batonPass archives exactly effectiveBatonCost Cheer,ALIGNED,,FOCUSED_PASS,tests/simulator-hy02-006-text-alignment.test.mjs (paired hY03-013 leave-stage archive and exact printed Baton-cost transfer)
hY03-014:abilityText,hY03-014,赤エール,abilityText,EFFECT_TEXT,website/public/cards.json#/cards[id=2028]/abilityText,website/lib/simulator/engine.mjs and android-current/web/lib/simulator/engine.mjs#downHolomen archives attached Cheer on stage exit; batonPass archives exactly effectiveBatonCost Cheer,ALIGNED,,FOCUSED_PASS,tests/simulator-hy02-006-text-alignment.test.mjs (paired hY03-014 leave-stage archive and exact printed Baton-cost transfer)
hY03-015:abilityText,hY03-015,赤エール,abilityText,EFFECT_TEXT,website/public/cards.json#/cards[id=2452]/abilityText,website/lib/simulator/engine.mjs and android-current/web/lib/simulator/engine.mjs#downHolomen archives attached Cheer on stage exit; batonPass archives exactly effectiveBatonCost Cheer,ALIGNED,,FOCUSED_PASS,tests/simulator-hy02-006-text-alignment.test.mjs (paired hY03-015 leave-stage archive and exact printed Baton-cost transfer)
hY03-016:abilityText,hY03-016,赤エール,abilityText,EFFECT_TEXT,website/public/cards.json#/cards[id=heb01-hY03-016-S-1;heb01-hY03-016-SY-2]/abilityText,website/lib/simulator/engine.mjs and android-current/web/lib/simulator/engine.mjs#downHolomen archives attached Cheer on stage exit; batonPass archives exactly effectiveBatonCost Cheer,ALIGNED,,FOCUSED_PASS,tests/simulator-hy02-006-text-alignment.test.mjs (paired hY03-016 leave-stage archive and exact printed Baton-cost transfer)
hY04-001:abilityText,hY04-001,青エール,abilityText,EFFECT_TEXT,website/public/cards.json#/cards[id=171]/abilityText,website/lib/simulator/engine.mjs and android-current/web/lib/simulator/engine.mjs#downHolomen archives attached Cheer on stage exit; batonPass archives exactly effectiveBatonCost Cheer,ALIGNED,,FOCUSED_PASS,tests/simulator-hy02-006-text-alignment.test.mjs (paired hY04-001 leave-stage archive and exact printed Baton-cost transfer)
hY04-002:abilityText,hY04-002,青エール,abilityText,EFFECT_TEXT,website/public/cards.json#/cards[id=480]/abilityText,website/lib/simulator/engine.mjs and android-current/web/lib/simulator/engine.mjs#downHolomen archives attached Cheer on stage exit; batonPass archives exactly effectiveBatonCost Cheer,ALIGNED,,FOCUSED_PASS,tests/simulator-hy02-006-text-alignment.test.mjs (paired hY04-002 leave-stage archive and exact printed Baton-cost transfer)
hY04-003:abilityText,hY04-003,青エール,abilityText,EFFECT_TEXT,website/public/cards.json#/cards[id=800]/abilityText,website/lib/simulator/engine.mjs and android-current/web/lib/simulator/engine.mjs#downHolomen archives attached Cheer on stage exit; batonPass archives exactly effectiveBatonCost Cheer,ALIGNED,,FOCUSED_PASS,tests/simulator-hy02-006-text-alignment.test.mjs (paired hY04-003 leave-stage archive and exact printed Baton-cost transfer)
hY04-004:abilityText,hY04-004,青エール,abilityText,EFFECT_TEXT,website/public/cards.json#/cards[id=807]/abilityText,website/lib/simulator/engine.mjs and android-current/web/lib/simulator/engine.mjs#downHolomen archives attached Cheer on stage exit; batonPass archives exactly effectiveBatonCost Cheer,ALIGNED,,FOCUSED_PASS,tests/simulator-hy02-006-text-alignment.test.mjs (paired hY04-004 leave-stage archive and exact printed Baton-cost transfer)
hY04-005:abilityText,hY04-005,青エール,abilityText,EFFECT_TEXT,website/public/cards.json#/cards[id=1085]/abilityText,website/lib/simulator/engine.mjs and android-current/web/lib/simulator/engine.mjs#downHolomen archives attached Cheer on stage exit; batonPass archives exactly effectiveBatonCost Cheer,ALIGNED,,FOCUSED_PASS,tests/simulator-hy02-006-text-alignment.test.mjs (paired hY04-005 leave-stage archive and exact printed Baton-cost transfer)
hY04-006:abilityText,hY04-006,青エール,abilityText,EFFECT_TEXT,website/public/cards.json#/cards[id=1393]/abilityText,website/lib/simulator/engine.mjs and android-current/web/lib/simulator/engine.mjs#downHolomen archives attached Cheer on stage exit; batonPass archives exactly effectiveBatonCost Cheer,ALIGNED,,FOCUSED_PASS,tests/simulator-hy02-006-text-alignment.test.mjs (paired hY04-006 leave-stage archive and exact printed Baton-cost transfer)
hY04-007:abilityText,hY04-007,青エール,abilityText,EFFECT_TEXT,website/public/cards.json#/cards[id=1165]/abilityText,website/lib/simulator/engine.mjs and android-current/web/lib/simulator/engine.mjs#downHolomen archives attached Cheer on stage exit; batonPass archives exactly effectiveBatonCost Cheer,ALIGNED,,FOCUSED_PASS,tests/simulator-hy02-006-text-alignment.test.mjs (paired hY04-007 leave-stage archive and exact printed Baton-cost transfer)
hY04-008:abilityText,hY04-008,青エール,abilityText,EFFECT_TEXT,website/public/cards.json#/cards[id=]/abilityText,website/lib/simulator/engine.mjs and android-current/web/lib/simulator/engine.mjs#downHolomen archives attached Cheer on stage exit; batonPass archives exactly effectiveBatonCost Cheer,ALIGNED,,FOCUSED_PASS,tests/simulator-hy02-006-text-alignment.test.mjs (paired hY04-008 leave-stage archive and exact printed Baton-cost transfer)
hY04-009:abilityText,hY04-009,青エール,abilityText,EFFECT_TEXT,website/public/cards.json#/cards[id=1132]/abilityText,website/lib/simulator/engine.mjs and android-current/web/lib/simulator/engine.mjs#downHolomen archives attached Cheer on stage exit; batonPass archives exactly effectiveBatonCost Cheer,ALIGNED,,FOCUSED_PASS,tests/simulator-hy02-006-text-alignment.test.mjs (paired hY04-009 leave-stage archive and exact printed Baton-cost transfer)
hY04-010:abilityText,hY04-010,青エール,abilityText,EFFECT_TEXT,website/public/cards.json#/cards[id=1715]/abilityText,website/lib/simulator/engine.mjs and android-current/web/lib/simulator/engine.mjs#downHolomen archives attached Cheer on stage exit; batonPass archives exactly effectiveBatonCost Cheer,ALIGNED,,FOCUSED_PASS,tests/simulator-hy02-006-text-alignment.test.mjs (paired hY04-010 leave-stage archive and exact printed Baton-cost transfer)
hY04-011:abilityText,hY04-011,青エール,abilityText,EFFECT_TEXT,website/public/cards.json#/cards[id=2029]/abilityText,website/lib/simulator/engine.mjs and android-current/web/lib/simulator/engine.mjs#downHolomen archives attached Cheer on stage exit; batonPass archives exactly effectiveBatonCost Cheer,ALIGNED,,FOCUSED_PASS,tests/simulator-hy02-006-text-alignment.test.mjs (paired hY04-011 leave-stage archive and exact printed Baton-cost transfer)
hY04-012:abilityText,hY04-012,青エール,abilityText,EFFECT_TEXT,website/public/cards.json#/cards[id=2453]/abilityText,website/lib/simulator/engine.mjs and android-current/web/lib/simulator/engine.mjs#downHolomen archives attached Cheer on stage exit; batonPass archives exactly effectiveBatonCost Cheer,ALIGNED,,FOCUSED_PASS,tests/simulator-hy02-006-text-alignment.test.mjs (paired hY04-012 leave-stage archive and exact printed Baton-cost transfer)
hY04-013:abilityText,hY04-013,青エール,abilityText,EFFECT_TEXT,website/public/cards.json#/cards[id=heb01-hY04-013-S-1;heb01-hY04-013-SY-2]/abilityText,website/lib/simulator/engine.mjs and android-current/web/lib/simulator/engine.mjs#downHolomen archives attached Cheer on stage exit; batonPass archives exactly effectiveBatonCost Cheer,ALIGNED,,FOCUSED_PASS,tests/simulator-hy02-006-text-alignment.test.mjs (paired hY04-013 leave-stage archive and exact printed Baton-cost transfer)
hY05-001:abilityText,hY05-001,紫エール,abilityText,EFFECT_TEXT,website/public/cards.json#/cards[id=267]/abilityText,website/lib/simulator/engine.mjs and android-current/web/lib/simulator/engine.mjs#downHolomen archives attached Cheer on stage exit; batonPass archives exactly effectiveBatonCost Cheer,ALIGNED,,FOCUSED_PASS,tests/simulator-hy02-006-text-alignment.test.mjs (paired hY05-001 leave-stage archive and exact printed Baton-cost transfer)
hY05-002:abilityText,hY05-002,紫エール,abilityText,EFFECT_TEXT,website/public/cards.json#/cards[id=481]/abilityText,website/lib/simulator/engine.mjs and android-current/web/lib/simulator/engine.mjs#downHolomen archives attached Cheer on stage exit; batonPass archives exactly effectiveBatonCost Cheer,ALIGNED,,FOCUSED_PASS,tests/simulator-hy02-006-text-alignment.test.mjs (paired hY05-002 leave-stage archive and exact printed Baton-cost transfer)
hY05-003:abilityText,hY05-003,紫エール,abilityText,EFFECT_TEXT,website/public/cards.json#/cards[id=801]/abilityText,website/lib/simulator/engine.mjs and android-current/web/lib/simulator/engine.mjs#downHolomen archives attached Cheer on stage exit; batonPass archives exactly effectiveBatonCost Cheer,ALIGNED,,FOCUSED_PASS,tests/simulator-hy02-006-text-alignment.test.mjs (paired hY05-003 leave-stage archive and exact printed Baton-cost transfer)
hY05-004:abilityText,hY05-004,紫エール,abilityText,EFFECT_TEXT,website/public/cards.json#/cards[id=1086]/abilityText,website/lib/simulator/engine.mjs and android-current/web/lib/simulator/engine.mjs#downHolomen archives attached Cheer on stage exit; batonPass archives exactly effectiveBatonCost Cheer,ALIGNED,,FOCUSED_PASS,tests/simulator-hy02-006-text-alignment.test.mjs (paired hY05-004 leave-stage archive and exact printed Baton-cost transfer)
hY05-005:abilityText,hY05-005,紫エール,abilityText,EFFECT_TEXT,website/public/cards.json#/cards[id=1394]/abilityText,website/lib/simulator/engine.mjs and android-current/web/lib/simulator/engine.mjs#downHolomen archives attached Cheer on stage exit; batonPass archives exactly effectiveBatonCost Cheer,ALIGNED,,FOCUSED_PASS,tests/simulator-hy02-006-text-alignment.test.mjs (paired hY05-005 leave-stage archive and exact printed Baton-cost transfer)
hY05-006:abilityText,hY05-006,紫エール,abilityText,EFFECT_TEXT,website/public/cards.json#/cards[id=]/abilityText,website/lib/simulator/engine.mjs and android-current/web/lib/simulator/engine.mjs#downHolomen archives attached Cheer on stage exit; batonPass archives exactly effectiveBatonCost Cheer,ALIGNED,,FOCUSED_PASS,tests/simulator-hy02-006-text-alignment.test.mjs (paired hY05-006 leave-stage archive and exact printed Baton-cost transfer)
hY05-007:abilityText,hY05-007,紫エール,abilityText,EFFECT_TEXT,website/public/cards.json#/cards[id=1133]/abilityText,website/lib/simulator/engine.mjs and android-current/web/lib/simulator/engine.mjs#downHolomen archives attached Cheer on stage exit; batonPass archives exactly effectiveBatonCost Cheer,ALIGNED,,FOCUSED_PASS,tests/simulator-hy02-006-text-alignment.test.mjs (paired hY05-007 leave-stage archive and exact printed Baton-cost transfer)
hY05-008:abilityText,hY05-008,紫エール,abilityText,EFFECT_TEXT,website/public/cards.json#/cards[id=1716]/abilityText,website/lib/simulator/engine.mjs and android-current/web/lib/simulator/engine.mjs#downHolomen archives attached Cheer on stage exit; batonPass archives exactly effectiveBatonCost Cheer,ALIGNED,,FOCUSED_PASS,tests/simulator-hy02-006-text-alignment.test.mjs (paired hY05-008 leave-stage archive and exact printed Baton-cost transfer)
hY05-009:abilityText,hY05-009,紫エール,abilityText,EFFECT_TEXT,website/public/cards.json#/cards[id=2030]/abilityText,website/lib/simulator/engine.mjs and android-current/web/lib/simulator/engine.mjs#downHolomen archives attached Cheer on stage exit; batonPass archives exactly effectiveBatonCost Cheer,ALIGNED,,FOCUSED_PASS,tests/simulator-hy02-006-text-alignment.test.mjs (paired hY05-009 leave-stage archive and exact printed Baton-cost transfer)
hY05-010:abilityText,hY05-010,紫エール,abilityText,EFFECT_TEXT,website/public/cards.json#/cards[id=2454]/abilityText,website/lib/simulator/engine.mjs and android-current/web/lib/simulator/engine.mjs#downHolomen archives attached Cheer on stage exit; batonPass archives exactly effectiveBatonCost Cheer,ALIGNED,,FOCUSED_PASS,tests/simulator-hy02-006-text-alignment.test.mjs (paired hY05-010 leave-stage archive and exact printed Baton-cost transfer)
hY05-011:abilityText,hY05-011,紫エール,abilityText,EFFECT_TEXT,website/public/cards.json#/cards[id=heb01-hY05-011-S-1;heb01-hY05-011-SY-2]/abilityText,website/lib/simulator/engine.mjs and android-current/web/lib/simulator/engine.mjs#downHolomen archives attached Cheer on stage exit; batonPass archives exactly effectiveBatonCost Cheer,ALIGNED,,FOCUSED_PASS,tests/simulator-hy02-006-text-alignment.test.mjs (paired hY05-011 leave-stage archive and exact printed Baton-cost transfer)
hY06-001:abilityText,hY06-001,黄エール,abilityText,EFFECT_TEXT,website/public/cards.json#/cards[id=561]/abilityText,website/lib/simulator/engine.mjs and android-current/web/lib/simulator/engine.mjs#downHolomen archives attached Cheer on stage exit; batonPass archives exactly effectiveBatonCost Cheer,ALIGNED,,FOCUSED_PASS,tests/simulator-hy02-006-text-alignment.test.mjs (paired hY06-001 leave-stage archive and exact printed Baton-cost transfer)
hY06-002:abilityText,hY06-002,黄エール,abilityText,EFFECT_TEXT,website/public/cards.json#/cards[id=802]/abilityText,website/lib/simulator/engine.mjs and android-current/web/lib/simulator/engine.mjs#downHolomen archives attached Cheer on stage exit; batonPass archives exactly effectiveBatonCost Cheer,ALIGNED,,FOCUSED_PASS,tests/simulator-hy02-006-text-alignment.test.mjs (paired hY06-002 leave-stage archive and exact printed Baton-cost transfer)
hY06-003:abilityText,hY06-003,黄エール,abilityText,EFFECT_TEXT,website/public/cards.json#/cards[id=808]/abilityText,website/lib/simulator/engine.mjs and android-current/web/lib/simulator/engine.mjs#downHolomen archives attached Cheer on stage exit; batonPass archives exactly effectiveBatonCost Cheer,ALIGNED,,FOCUSED_PASS,tests/simulator-hy02-006-text-alignment.test.mjs (paired hY06-003 leave-stage archive and exact printed Baton-cost transfer)
hY06-004:abilityText,hY06-004,黄エール,abilityText,EFFECT_TEXT,website/public/cards.json#/cards[id=1087]/abilityText,website/lib/simulator/engine.mjs and android-current/web/lib/simulator/engine.mjs#downHolomen archives attached Cheer on stage exit; batonPass archives exactly effectiveBatonCost Cheer,ALIGNED,,FOCUSED_PASS,tests/simulator-hy02-006-text-alignment.test.mjs (paired hY06-004 leave-stage archive and exact printed Baton-cost transfer)
hY06-005:abilityText,hY06-005,黄エール,abilityText,EFFECT_TEXT,website/public/cards.json#/cards[id=1395]/abilityText,website/lib/simulator/engine.mjs and android-current/web/lib/simulator/engine.mjs#downHolomen archives attached Cheer on stage exit; batonPass archives exactly effectiveBatonCost Cheer,ALIGNED,,FOCUSED_PASS,tests/simulator-hy02-006-text-alignment.test.mjs (paired hY06-005 leave-stage archive and exact printed Baton-cost transfer)
hY06-006:abilityText,hY06-006,黄エール,abilityText,EFFECT_TEXT,website/public/cards.json#/cards[id=1134]/abilityText,website/lib/simulator/engine.mjs and android-current/web/lib/simulator/engine.mjs#downHolomen archives attached Cheer on stage exit; batonPass archives exactly effectiveBatonCost Cheer,ALIGNED,,FOCUSED_PASS,tests/simulator-hy02-006-text-alignment.test.mjs (paired hY06-006 leave-stage archive and exact printed Baton-cost transfer)
hY06-007:abilityText,hY06-007,黄エール,abilityText,EFFECT_TEXT,website/public/cards.json#/cards[id=1717]/abilityText,website/lib/simulator/engine.mjs and android-current/web/lib/simulator/engine.mjs#downHolomen archives attached Cheer on stage exit; batonPass archives exactly effectiveBatonCost Cheer,ALIGNED,,FOCUSED_PASS,tests/simulator-hy02-006-text-alignment.test.mjs (paired hY06-007 leave-stage archive and exact printed Baton-cost transfer)
hY06-008:abilityText,hY06-008,黄エール,abilityText,EFFECT_TEXT,website/public/cards.json#/cards[id=]/abilityText,website/lib/simulator/engine.mjs and android-current/web/lib/simulator/engine.mjs#downHolomen archives attached Cheer on stage exit; batonPass archives exactly effectiveBatonCost Cheer,ALIGNED,,FOCUSED_PASS,tests/simulator-hy02-006-text-alignment.test.mjs (paired hY06-008 leave-stage archive and exact printed Baton-cost transfer)
hY06-009:abilityText,hY06-009,黄エール,abilityText,EFFECT_TEXT,website/public/cards.json#/cards[id=2031]/abilityText,website/lib/simulator/engine.mjs and android-current/web/lib/simulator/engine.mjs#downHolomen archives attached Cheer on stage exit; batonPass archives exactly effectiveBatonCost Cheer,ALIGNED,,FOCUSED_PASS,tests/simulator-hy02-006-text-alignment.test.mjs (paired hY06-009 leave-stage archive and exact printed Baton-cost transfer)
hY06-010:abilityText,hY06-010,黄エール,abilityText,EFFECT_TEXT,website/public/cards.json#/cards[id=2455]/abilityText,website/lib/simulator/engine.mjs and android-current/web/lib/simulator/engine.mjs#downHolomen archives attached Cheer on stage exit; batonPass archives exactly effectiveBatonCost Cheer,ALIGNED,,FOCUSED_PASS,tests/simulator-hy02-006-text-alignment.test.mjs (paired hY06-010 leave-stage archive and exact printed Baton-cost transfer)
hY06-011:abilityText,hY06-011,黄エール,abilityText,EFFECT_TEXT,website/public/cards.json#/cards[id=heb01-hY06-011-S-1;heb01-hY06-011-SY-2]/abilityText,website/lib/simulator/engine.mjs and android-current/web/lib/simulator/engine.mjs#downHolomen archives attached Cheer on stage exit; batonPass archives exactly effectiveBatonCost Cheer,ALIGNED,,FOCUSED_PASS,tests/simulator-hy02-006-text-alignment.test.mjs (paired hY06-011 leave-stage archive and exact printed Baton-cost transfer)
hYS01-001:oshiSkill,hYS01-001,七詩ムメイ,oshiSkill,EFFECT_TEXT,website/public/cards.json#/cards[id=172]/oshiSkill,"engine.mjs paired: website/lib/simulator/engine.mjs + android-current/web/lib/simulator/engine.mjs#hYS01NormalCollabColorMatches, manualOshiAvailable, activateOshiSkill",FIXED,B173: matching-color Collab legality now gates candidate availability and pre-payment activation.,FOCUSED_PASS,tests/simulator-hys01-001-004-text-alignment.test.mjs (Website and Android source direct checks); android-current/tests/hys01-alignment-release.test.mjs (packaged Offline + Firebase PvP) wrong-color rejection and Power preservation
hYS01-001:spOshiSkill,hYS01-001,七詩ムメイ,spOshiSkill,EFFECT_TEXT,website/public/cards.json#/cards[id=172]/spOshiSkill,engine.mjs paired: website/lib/simulator/engine.mjs + android-current/web/lib/simulator/engine.mjs#hYS01 Quick Guard reaction registration and shared damage-choice resolver,ALIGNED,,FOCUSED_PASS,"tests/simulator-hys01-001-004-text-alignment.test.mjs (Website and Android source direct checks); simulator-reaction-audit.test.mjs opponent-turn, White target, 20 reduction, one-use regression"
hYS01-002:oshiSkill,hYS01-002,兎田ぺこら,oshiSkill,EFFECT_TEXT,website/public/cards.json#/cards[id=173]/oshiSkill,"engine.mjs paired: website/lib/simulator/engine.mjs + android-current/web/lib/simulator/engine.mjs#hYS01NormalCollabColorMatches, manualOshiAvailable, activateOshiSkill",FIXED,B173: matching-color Collab legality now gates candidate availability and pre-payment activation.,FOCUSED_PASS,tests/simulator-hys01-001-004-text-alignment.test.mjs (Website and Android source direct checks); android-current/tests/hys01-alignment-release.test.mjs (packaged Offline + Firebase PvP) wrong-color rejection and Power preservation
hYS01-002:spOshiSkill,hYS01-002,兎田ぺこら,spOshiSkill,EFFECT_TEXT,website/public/cards.json#/cards[id=173]/spOshiSkill,engine.mjs paired: website/lib/simulator/engine.mjs + android-current/web/lib/simulator/engine.mjs#resolveSpOshiSkill Green damaged-Holomen heal branch,ALIGNED,,FOCUSED_PASS,tests/simulator-hys01-001-004-text-alignment.test.mjs (Website and Android source direct checks) heals each damaged own Green Holomen by 20 and excludes other colors
hYS01-003:oshiSkill,hYS01-003,小鳥遊キアラ,oshiSkill,EFFECT_TEXT,website/public/cards.json#/cards[id=174]/oshiSkill,"engine.mjs paired: website/lib/simulator/engine.mjs + android-current/web/lib/simulator/engine.mjs#hYS01NormalCollabColorMatches, manualOshiAvailable, activateOshiSkill",FIXED,B173: matching-color Collab legality now gates candidate availability and pre-payment activation.,FOCUSED_PASS,tests/simulator-hys01-001-004-text-alignment.test.mjs (Website and Android source direct checks); android-current/tests/hys01-alignment-release.test.mjs (packaged Offline + Firebase PvP) wrong-color rejection and Power preservation
hYS01-003:spOshiSkill,hYS01-003,小鳥遊キアラ,spOshiSkill,EFFECT_TEXT,website/public/cards.json#/cards[id=174]/spOshiSkill,"engine.mjs paired: website/lib/simulator/engine.mjs + android-current/web/lib/simulator/engine.mjs#hYS01RedArchiveTargets, manualOshiAvailable, activateOshiSkill, resolveSpOshiSkill",FIXED,B173: require a Red Holomen in Archive before cost/use; mark Archive-to-hand choice mandatory.,FOCUSED_PASS,"tests/simulator-hys01-001-004-text-alignment.test.mjs (Website and Android source direct checks); android-current/tests/hys01-alignment-release.test.mjs (packaged Offline + Firebase PvP) no-target rejection, mandatory Red Archive selection, payment and hand result"
hYS01-004:oshiSkill,hYS01-004,星街すいせい,oshiSkill,EFFECT_TEXT,website/public/cards.json#/cards[id=175]/oshiSkill,"engine.mjs paired: website/lib/simulator/engine.mjs + android-current/web/lib/simulator/engine.mjs#hYS01NormalCollabColorMatches, manualOshiAvailable, activateOshiSkill",FIXED,B173: matching-color Collab legality now gates candidate availability and pre-payment activation.,FOCUSED_PASS,tests/simulator-hys01-001-004-text-alignment.test.mjs (Website and Android source direct checks) matching-color-only Blue Collab +20 Arts and once-per-turn behavior
hYS01-004:spOshiSkill,hYS01-004,星街すいせい,spOshiSkill,EFFECT_TEXT,website/public/cards.json#/cards[id=175]/spOshiSkill,engine.mjs paired: website/lib/simulator/engine.mjs + android-current/web/lib/simulator/engine.mjs#queueOshiAfterDamage + queueOshiAfterSpecialDamage Backshot trigger,FIXED,B173: include Holomen-sourced special damage to opposing Back; preserve same-target 50 special-damage follow-up and use limit.,FOCUSED_PASS,tests/simulator-hys01-001-004-text-alignment.test.mjs (Website and Android source direct checks); android-current/tests/hys01-alignment-release.test.mjs (packaged Offline + Firebase PvP) Arts and special-damage follow-up
